term,coef_hc3,se_hc3,p_hc3,ci_low_hc3,ci_high_hc3,coef_cluster,se_cluster,p_cluster,ci_low_cluster,ci_high_cluster,coef_mixedlm,se_mixedlm,p_mixedlm,ci_low_mixedlm,ci_high_mixedlm,mixedlm_status,coef_cluster_modelpersona,se_cluster_modelpersona,p_cluster_modelpersona,ci_low_cluster_modelpersona,ci_high_cluster_modelpersona
C(age)[T.45],0.01722222222221006,0.0048551922690899295,0.0003893841480856161,0.0077062202367764975,0.026738224207643626,0.01722222222221006,0.0033132595269401892,2.0147709190476995e-07,0.010728352877973073,0.02371609156644705,,,,,,"not_attempted (pooled model, see docstring)",0.01722222222221006,0.0033130294208298205,2.0108625794965767e-07,0.010728803877662018,0.023715640566758105
"C(age)[T.45]:C(model, Treatment(reference=""llama""))[T.gemma]",-0.03499999999998964,0.007652896971208626,4.798006111778978e-06,-0.0499994024409542,-0.020000597559025068,-0.03499999999998964,0.004927254565309672,1.2177095482442001e-12,-0.044657241490657154,-0.02534275850932212,,,,,,"not_attempted (pooled model, see docstring)",-0.03499999999998964,0.005060794979211701,4.648711617892702e-12,-0.0449189758923857,-0.025081024107593573
"C(age)[T.45]:C(model, Treatment(reference=""llama""))[T.ministral]",-0.08277777777776228,0.00585877768322059,2.5223774977623657e-45,-0.09426077103030166,-0.0712947845252229,-0.08277777777776228,0.00410959756335225,3.128037905986067e-90,-0.09083244099288626,-0.0747231145626383,,,,,,"not_attempted (pooled model, see docstring)",-0.08277777777776228,0.0040828274178367945,2.1544583883141715e-91,-0.09077997247181507,-0.07477558308370949
"C(age)[T.45]:C(model, Treatment(reference=""llama""))[T.qwen]",-0.04555555555554279,0.006456756151579744,1.7199794048761346e-12,-0.05821056506959653,-0.03290054604148905,-0.04555555555554279,0.004987028276179513,6.552175416746684e-20,-0.055329951366737504,-0.035781159744348076,,,,,,"not_attempted (pooled model, see docstring)",-0.04555555555554279,0.004866684530835667,7.92129742800837e-21,-0.055094081960098906,-0.036017029150986674
C(age)[T.65],0.081825396825384,0.004848865706624243,6.853609505219329e-64,0.07232179467452914,0.09132899897623888,0.081825396825384,0.0032967927578462617,5.495068661925248e-136,0.07536380175551285,0.08828699189525516,,,,,,"not_attempted (pooled model, see docstring)",0.081825396825384,0.003296563795354353,5.264546189600824e-136,0.0753642505137508,0.08828654313701721
"C(age)[T.65]:C(model, Treatment(reference=""llama""))[T.gemma]",-0.14126984126982867,0.007696461918178721,3.001647717474556e-75,-0.156354629437843,-0.12618505310181433,-0.14126984126982867,0.005138809876499186,2.2635686170661264e-166,-0.1513417235511658,-0.13119795898849154,,,,,,"not_attempted (pooled model, see docstring)",-0.14126984126982867,0.005222554773901428,3.824722407308182e-161,-0.1515058605339632,-0.13103382200569413
"C(age)[T.65]:C(model, Treatment(reference=""llama""))[T.ministral]",-0.1815079365079241,0.005867693026433766,4.243165080188716e-210,-0.1930084035120711,-0.1700074695037771,-0.1815079365079241,0.004002931208762497,0.0,-0.18935353750968997,-0.17366233550615823,,,,,,"not_attempted (pooled model, see docstring)",-0.1815079365079241,0.004055044920894145,0.0,-0.1894556785085687,-0.1735601945072795
"C(age)[T.65]:C(model, Treatment(reference=""llama""))[T.qwen]",-0.13174603174602104,0.006550914735772303,5.901345288509951e-90,-0.14458558869392749,-0.1189064747981146,-0.13174603174602104,0.004933647475368649,4.277547920734201e-157,-0.14141580311016055,-0.12207626038188152,,,,,,"not_attempted (pooled model, see docstring)",-0.13174603174602104,0.004870385635234339,3.7751061416875305e-161,-0.14129181218190157,-0.1222002513101405
C(country)[T.Brazil],0.04232804232808775,0.011235166543297533,0.00016491684990373588,0.02030752054291521,0.06434856411326029,0.04232804232808775,0.0077857049718821165,5.429596248473372e-08,0.027068340988944367,0.05758774366723113,,,,,,"not_attempted (pooled model, see docstring)",0.04232804232808775,0.0077851642541157205,5.4181066580107417e-08,0.0270694007762923,0.057586683879883194
"C(country)[T.Brazil]:C(model, Treatment(reference=""llama""))[T.gemma]",-0.007936507936846146,0.017798748556391658,0.655667617108746,-0.04282141407725808,0.026948398203565788,-0.007936507936846146,0.01164420824468266,0.4955019315018966,-0.030758736724908517,0.014885720851216226,,,,,,"not_attempted (pooled model, see docstring)",-0.007936507936846146,0.011916962307720828,0.5054212355457051,-0.031293324865100294,0.015420308991408003
"C(country)[T.Brazil]:C(model, Treatment(reference=""llama""))[T.ministral]",-0.07513227513236141,0.014331045895562633,1.5830953201241606e-07,-0.10322060894845474,-0.04704394131626809,-0.07513227513236141,0.010895500528506928,5.35942470225871e-12,-0.09648706376177212,-0.05377748650295071,,,,,,"not_attempted (pooled model, see docstring)",-0.07513227513236141,0.010562352840914339,1.1337135608279651e-12,-0.09583410629255784,-0.05443044397216498
"C(country)[T.Brazil]:C(model, Treatment(reference=""llama""))[T.qwen]",-0.061904761904800876,0.015223321824530126,4.773626926376596e-05,-0.0917419244059425,-0.03206759940365925,-0.061904761904800876,0.011515718817817195,7.629630059948451e-08,-0.08447515604381275,-0.039334367765789004,,,,,,"not_attempted (pooled model, see docstring)",-0.061904761904800876,0.011265512724101902,3.9055921802649176e-08,-0.08398476111141831,-0.039824762698183434
C(country)[T.Canada],0.05873015873046659,0.012694214940834716,3.718440908865802e-06,0.033849954634420296,0.08361036282651288,0.05873015873046659,0.007701734230973022,2.429473673196196e-14,0.04363503701926018,0.073825280441673,,,,,,"not_attempted (pooled model, see docstring)",0.05873015873046659,0.007701199344981986,2.419518347854333e-14,0.04363608537653844,0.07382423208439473
"C(country)[T.Canada]:C(model, Treatment(reference=""llama""))[T.gemma]",-0.007936507936917884,0.01962551678832628,0.685920512790861,-0.04640181402002358,0.030528798146187808,-0.007936507936917884,0.012857571010515396,0.5370610067786118,-0.03313688404619433,0.01726386817235856,,,,,,"not_attempted (pooled model, see docstring)",-0.007936507936917884,0.013214814816991265,0.5481220584036938,-0.03383706904058703,0.01796405316675126
"C(country)[T.Canada]:C(model, Treatment(reference=""llama""))[T.ministral]",-0.04285714285730853,0.01573909134106543,0.006469707028119473,-0.073705195035183,-0.012009090679434068,-0.04285714285730853,0.010780885150832389,7.029360411055841e-05,-0.06398728947440269,-0.02172699624021438,,,,,,"not_attempted (pooled model, see docstring)",-0.04285714285730853,0.011173914221683491,0.00012532759495274088,-0.06475761229814808,-0.02095667341646898
"C(country)[T.Canada]:C(model, Treatment(reference=""llama""))[T.qwen]",0.027513227513110226,0.016685956118054734,0.09917113826255788,-0.0051906455258928265,0.06021710055211328,0.027513227513110226,0.011863486843465802,0.0203868039532134,0.0042612205688524855,0.05076523445736797,,,,,,"not_attempted (pooled model, see docstring)",0.027513227513110226,0.012069506140031829,0.022633482322524497,0.0038574301674627956,0.051169024858757656
C(country)[T.China],-0.09100529100542548,0.011094460082372562,2.3491271764932004e-16,-0.11275003319479299,-0.06926054881605798,-0.09100529100542548,0.007484188732779738,5.0961995289174796e-34,-0.10567403137517424,-0.07633655063567672,,,,,,"not_attempted (pooled model, see docstring)",-0.09100529100542548,0.0074836689553357425,5.043784702684539e-34,-0.10567301263010402,-0.07633756938074694
"C(country)[T.China]:C(model, Treatment(reference=""llama""))[T.gemma]",0.01269841269815774,0.017457518408976583,0.4669874862104936,-0.02151769464288135,0.04691452003919683,0.01269841269815774,0.01262750402230567,0.31460060577254934,-0.012051040400196042,0.03744786579651152,,,,,,"not_attempted (pooled model, see docstring)",0.01269841269815774,0.011715775981627383,0.27842113375426936,-0.01026408627677133,0.03566091167308681
"C(country)[T.China]:C(model, Treatment(reference=""llama""))[T.ministral]",-0.03174603174581064,0.013971541739833353,0.023074888703710585,-0.0591297503643821,-0.004362313127239184,-0.03174603174581064,0.009888416267517618,0.0013253824654974778,-0.05112697149428516,-0.012365091997336125,,,,,,"not_attempted (pooled model, see docstring)",-0.03174603174581064,0.009717715858833041,0.0010876268266585881,-0.05079240484111712,-0.012699658650504164
"C(country)[T.China]:C(model, Treatment(reference=""llama""))[T.qwen]",0.014285714285742584,0.015401022119729837,0.353624324214613,-0.015899734394032618,0.044471162965517785,0.014285714285742584,0.01175796629931074,0.2243730580303016,-0.008759476192342165,0.03733090476382733,,,,,,"not_attempted (pooled model, see docstring)",0.014285714285742584,0.011404863292563383,0.21035187276339873,-0.008067407016284545,0.036638835587769716
C(country)[T.Egypt],-0.10476190476181513,0.0146158892531453,7.628362210876223e-13,-0.13340852130000594,-0.07611528822362432,-0.10476190476181513,0.0082599677739757,7.338203352014033e-37,-0.12095114411226898,-0.08857266541136127,,,,,,"not_attempted (pooled model, see docstring)",-0.10476190476181513,0.008259394118623023,7.2561723776533076e-37,-0.1209500197684382,-0.08857378975519206
"C(country)[T.Egypt]:C(model, Treatment(reference=""llama""))[T.gemma]",-0.0735449735451359,0.02145489942127042,0.0006082983171444708,-0.11559580370275517,-0.03149414338751662,-0.0735449735451359,0.01127452963593297,6.886527562836706e-11,-0.095642645574194,-0.051447301516077786,,,,,,"not_attempted (pooled model, see docstring)",-0.0735449735451359,0.011720552785799076,3.4992107580707687e-10,-0.09651683488420268,-0.05057311220606911
"C(country)[T.Egypt]:C(model, Treatment(reference=""llama""))[T.ministral]",-0.04973544973528591,0.017156118014306707,0.0037436438617912977,-0.08336082315784588,-0.016110076312725936,-0.04973544973528591,0.011391818903607619,1.2660509243197167e-05,-0.07206300450475941,-0.02740789496581241,,,,,,"not_attempted (pooled model, see docstring)",-0.04973544973528591,0.01058600703809043,2.624314087394592e-06,-0.07048364227003068,-0.028987257200541135
"C(country)[T.Egypt]:C(model, Treatment(reference=""llama""))[T.qwen]",-0.031746031746083266,0.01827560810440148,0.08237461139804002,-0.06756556542627849,0.004073501934111962,-0.031746031746083266,0.013576219175831,0.019368795188960192,-0.05835493237693408,-0.005137131115232452,,,,,,"not_attempted (pooled model, see docstring)",-0.031746031746083266,0.011983274922584868,0.008068376789608749,-0.05523281901119161,-0.008259244480974919
C(country)[T.France],0.03280423280424301,0.01219621722585208,0.007151509556087004,0.008900086293945921,0.05670837931454009,0.03280423280424301,0.0070395956800031415,3.1627116209019237e-06,0.0190068788057131,0.04660158680277292,,,,,,"not_attempted (pooled model, see docstring)",0.03280423280424301,0.007039106779579834,3.1577423077130316e-06,0.019007837032934807,0.04660062857555121
"C(country)[T.France]:C(model, Treatment(reference=""llama""))[T.gemma]",-0.006349206349632096,0.01823054525642046,0.7276351828905875,-0.04208041847074372,0.02938200577147953,-0.006349206349632096,0.010968880400744473,0.5626983921888538,-0.027847816885818538,0.015149404186554343,,,,,,"not_attempted (pooled model, see docstring)",-0.006349206349632096,0.010911625314882038,0.5606506112780454,-0.027735598979596418,0.015037186280332224
"C(country)[T.France]:C(model, Treatment(reference=""llama""))[T.ministral]",-0.06984126984128407,0.014981888675089912,3.135878193066962e-06,-0.0992052320648488,-0.04047730761771934,-0.06984126984128407,0.010020277455154662,3.1695537966381434e-12,-0.08948065276848587,-0.05020188691408227,,,,,,"not_attempted (pooled model, see docstring)",-0.06984126984128407,0.00975695837625361,8.180372709846221e-13,-0.08896455685739754,-0.050717982825170586
"C(country)[T.France]:C(model, Treatment(reference=""llama""))[T.qwen]",0.037037037036904454,0.01640155961547454,0.02393685954278234,0.004890570900287737,0.06918350317352118,0.037037037036904454,0.011750256479683415,0.0016214546894651868,0.014006957527616559,0.060067116546192345,,,,,,"not_attempted (pooled model, see docstring)",0.037037037036904454,0.011276818073743991,0.001022172638184964,0.014934879752155884,0.05913919432165302
C(country)[T.Germany],0.02857142857140346,0.011821674687800111,0.015654688231797283,0.0054013719463664525,0.051741485196440465,0.02857142857140346,0.006750862506198097,2.3135119599401608e-05,0.01533998119467338,0.04180287594813353,,,,,,"not_attempted (pooled model, see docstring)",0.02857142857140346,0.006750393658314841,2.310489278219697e-05,0.01534090011963879,0.04180195702316813
"C(country)[T.Germany]:C(model, Treatment(reference=""llama""))[T.gemma]",-0.08253968254000313,0.018180108888847506,5.622505796684211e-06,-0.11817204119716074,-0.04690732388284551,-0.08253968254000313,0.012326157016784904,2.1375823959604035e-11,-0.10669850636068721,-0.05838085871931904,,,,,,"not_attempted (pooled model, see docstring)",-0.08253968254000313,0.012551069567370118,4.82277347880659e-11,-0.10713932685950528,-0.05794003822050098
"C(country)[T.Germany]:C(model, Treatment(reference=""llama""))[T.ministral]",-0.08201058201049333,0.014602225045938739,1.950816717607011e-08,-0.11063041719468199,-0.053390746826304666,-0.08201058201049333,0.009536035812755748,7.966701937005223e-18,-0.10070086875877873,-0.06332029526220792,,,,,,"not_attempted (pooled model, see docstring)",-0.08201058201049333,0.009491347668547288,5.593696743919381e-18,-0.10061328160559421,-0.06340788241539244
"C(country)[T.Germany]:C(model, Treatment(reference=""llama""))[T.qwen]",-0.0005291005290919733,0.01609398008249122,0.973773727355165,-0.03207272185867974,0.031014520800495788,-0.0005291005290919733,0.011121371674302123,0.9620548654402273,-0.022326588469408052,0.021268387411224107,,,,,,"not_attempted (pooled model, see docstring)",-0.0005291005290919733,0.010999456582639058,0.9616346140245239,-0.022087639280576547,0.021029438222392602
C(country)[T.India],0.041269841269852545,0.01223729112159465,0.0007449843794406439,0.017285191403195267,0.06525449113650983,0.041269841269852545,0.008095343056839413,3.433095597830868e-07,0.025403260435950908,0.05713642210375418,,,,,,"not_attempted (pooled model, see docstring)",0.041269841269852545,0.008094780834687534,3.4266814751743595e-07,0.025404362371119902,0.05713532016858519
"C(country)[T.India]:C(model, Treatment(reference=""llama""))[T.gemma]",-0.052910052910366094,0.01897180170391938,0.005289087727863973,-0.09009410097188371,-0.01572600484884848,-0.052910052910366094,0.011448135454583055,3.8057524780714005e-06,-0.07534798609148496,-0.030472119729247227,,,,,,"not_attempted (pooled model, see docstring)",-0.052910052910366094,0.012508812275721749,2.3387599873008405e-05,-0.07742687446015323,-0.028393231360578954
"C(country)[T.India]:C(model, Treatment(reference=""llama""))[T.ministral]",-0.12380952380947909,0.014863355690264061,8.09448288986477e-17,-0.15294116565180513,-0.09467788196715304,-0.12380952380947909,0.010699608424064807,5.753138752406648e-31,-0.14478037096932747,-0.1028386766496307,,,,,,"not_attempted (pooled model, see docstring)",-0.12380952380947909,0.010171955393468081,4.400723976790792e-34,-0.14374619003302447,-0.10387285758593369
"C(country)[T.India]:C(model, Treatment(reference=""llama""))[T.qwen]",0.008465608465522903,0.016727318924197872,0.6127901285242867,-0.024319334183820207,0.041250551114866016,0.008465608465522903,0.011303347020997641,0.45388911727766523,-0.013688544600390583,0.03061976153143639,,,,,,"not_attempted (pooled model, see docstring)",0.008465608465522903,0.01209928352741759,0.4841281106536759,-0.015248551486954314,0.03217976841800012
C(country)[T.Italy],0.07830687830691414,0.011781871550426192,3.003747872145371e-11,0.05521483439760172,0.10139892221622657,0.07830687830691414,0.00694833105918313,1.848152527438894e-29,0.06468839967825415,0.09192535693557413,,,,,,"not_attempted (pooled model, see docstring)",0.07830687830691414,0.006947848497094215,1.83179491825029e-29,0.06468934548256874,0.09192441113125954
"C(country)[T.Italy]:C(model, Treatment(reference=""llama""))[T.gemma]",-0.10634920634949956,0.01782580969847629,2.431047200889404e-09,-0.1412871513537779,-0.07141126134522123,-0.10634920634949956,0.01098528745795757,3.6293996219345715e-22,-0.12787997412691596,-0.08481843857208315,,,,,,"not_attempted (pooled model, see docstring)",-0.10634920634949956,0.010977302418190256,3.3877118617296077e-22,-0.1278643237365569,-0.08483408896244221
"C(country)[T.Italy]:C(model, Treatment(reference=""llama""))[T.ministral]",-0.15291005290996426,0.014534684160970694,6.961000911633603e-26,-0.1813975103921316,-0.12442259542779693,-0.15291005290996426,0.009787130400046248,5.0297219745814995e-55,-0.172092476006052,-0.13372762981387654,,,,,,"not_attempted (pooled model, see docstring)",-0.15291005290996426,0.009604325546141617,4.533896252106317e-57,-0.1717341850761998,-0.13408592074372871
"C(country)[T.Italy]:C(model, Treatment(reference=""llama""))[T.qwen]",-0.09682539682548165,0.016058668117715526,1.6448942735690119e-09,-0.1282998079758857,-0.0653509856750776,-0.09682539682548165,0.011145147241790984,3.699382074087425e-18,-0.1186694840217879,-0.0749813096291754,,,,,,"not_attempted (pooled model, see docstring)",-0.09682539682548165,0.010762825573360895,2.3349442110650966e-19,-0.11792014732115566,-0.07573064632980764
C(country)[T.Japan],0.01216931216943856,0.010269496456512333,0.2360190304991927,-0.007958531024687318,0.032297155363564437,0.01216931216943856,0.0077282423571336245,0.115336198743899,-0.0029777645143402778,0.027316388853217397,,,,,,"not_attempted (pooled model, see docstring)",0.01216931216943856,0.007727705630149675,0.1153109426490564,-0.0029767125487822066,0.027315336887659327
"C(country)[T.Japan]:C(model, Treatment(reference=""llama""))[T.gemma]",-0.11640211640234141,0.016555753208103194,2.0518144999556647e-12,-0.14885079642715712,-0.0839534363775257,-0.11640211640234141,0.0114516732387373,2.8517851639430387e-24,-0.1388469835129877,-0.09395724929169515,,,,,,"not_attempted (pooled model, see docstring)",-0.11640211640234141,0.011460966146062677,3.1033504722196608e-24,-0.13886519727665708,-0.09393903552802574
"C(country)[T.Japan]:C(model, Treatment(reference=""llama""))[T.ministral]",-0.06560846560853816,0.01318741322828978,6.521993795494872e-07,-0.0914553205852332,-0.0397616106318431,-0.06560846560853816,0.010169706115626398,1.1084864104196756e-10,-0.08554072332852262,-0.045676207888553685,,,,,,"not_attempted (pooled model, see docstring)",-0.06560846560853816,0.010021508685404782,5.879664305476799e-11,-0.08525026170268687,-0.045966669514389435
"C(country)[T.Japan]:C(model, Treatment(reference=""llama""))[T.qwen]",0.03227513227510074,0.014577875926288755,0.026830123951102933,0.003703020488481302,0.06084724406172018,0.03227513227510074,0.011990585263368332,0.0071087545940572055,0.00877401700534209,0.05577624754485939,,,,,,"not_attempted (pooled model, see docstring)",0.03227513227510074,0.011313764700405354,0.004334523603496369,0.01010056093274565,0.054449703617455825
C(country)[T.Kenya],0.010582010582061456,0.011642291694178393,0.3633878752691807,-0.012236461836038002,0.033400483000160915,0.010582010582061456,0.008519002054177632,0.214175499943552,-0.006114926628349443,0.027278947792472356,,,,,,"not_attempted (pooled model, see docstring)",0.010582010582061456,0.008518410408876173,0.21414367656260713,-0.00611376702486696,0.02727778818898987
"C(country)[T.Kenya]:C(model, Treatment(reference=""llama""))[T.gemma]",-0.08730158730185329,0.019242154569316272,5.706106208390552e-06,-0.12501551724266602,-0.049587657361040566,-0.08730158730185329,0.013826496332464114,2.7177544992062216e-10,-0.1144010221458581,-0.06020215245784848,,,,,,"not_attempted (pooled model, see docstring)",-0.08730158730185329,0.013158781826849599,3.2566318771620246e-11,-0.11309232576289868,-0.0615108488408079
"C(country)[T.Kenya]:C(model, Treatment(reference=""llama""))[T.ministral]",-0.11375661375664747,0.014393205448390022,2.7119208646458207e-15,-0.1419667780575776,-0.08554644945571735,-0.11375661375664747,0.01103856406028468,6.662679840064069e-25,-0.13539180175584367,-0.09212142575745128,,,,,,"not_attempted (pooled model, see docstring)",-0.11375661375664747,0.010548598568569793,4.0945225135909426e-27,-0.13443148703841504,-0.09308174047487991
"C(country)[T.Kenya]:C(model, Treatment(reference=""llama""))[T.qwen]",-0.0851851851852551,0.015758012841901724,6.450789512302362e-08,-0.11607032282330214,-0.05430004754720806,-0.0851851851852551,0.011867255273144061,7.065026958131763e-13,-0.1084445781159605,-0.061925792254549694,,,,,,"not_attempted (pooled model, see docstring)",-0.0851851851852551,0.011872996048728199,7.246589449615246e-13,-0.10845582982934873,-0.06191454054116146
C(country)[T.Mexico],-0.07460317460319511,0.012648427298858879,3.674495254827951e-09,-0.09939363657003175,-0.049812712636358475,-0.07460317460319511,0.009024735053865942,1.3792314090225479e-16,-0.0922913302787885,-0.05691501892760172,,,,,,"not_attempted (pooled model, see docstring)",-0.07460317460319511,0.009024108285373608,1.3726078179734043e-16,-0.09229010183511688,-0.05691624737127334
"C(country)[T.Mexico]:C(model, Treatment(reference=""llama""))[T.gemma]",0.12063492063468671,0.01875028667169905,1.2448203501206677e-10,0.08388503405835518,0.15738480721101825,0.12063492063468671,0.012398985912090186,2.2588090465440364e-22,0.09633335480217044,0.14493648646720297,,,,,,"not_attempted (pooled model, see docstring)",0.12063492063468671,0.01260934207317987,1.0993925577391805e-21,0.09592106430250855,0.14534877696686488
"C(country)[T.Mexico]:C(model, Treatment(reference=""llama""))[T.ministral]",0.038624338624522296,0.015570345831699983,0.01311487374891184,0.008107021567556976,0.06914165568148761,0.038624338624522296,0.01101980485144752,0.0004566193263968885,0.0170259179990254,0.060222759250019194,,,,,,"not_attempted (pooled model, see docstring)",0.038624338624522296,0.011532454423539243,0.0008104927135470309,0.01602114330103575,0.06122753394800884
"C(country)[T.Mexico]:C(model, Treatment(reference=""llama""))[T.qwen]",0.06455026455026494,0.016299491296662815,7.48674125553171e-05,0.03260384864248176,0.09649668045804813,0.06455026455026494,0.01157722021055669,2.4663953068057486e-08,0.04185932989648461,0.08724119920404527,,,,,,"not_attempted (pooled model, see docstring)",0.06455026455026494,0.011927024401629783,6.228942411329283e-08,0.041173726280340175,0.0879268028201897
C(country)[T.Morocco],-0.003703703703601426,0.012816262199500009,0.7725930849162193,-0.028823116031043542,0.02141570862384069,-0.003703703703601426,0.007937173235954166,0.6407663724154546,-0.01926027738512683,0.011852869977923976,,,,,,"not_attempted (pooled model, see docstring)",-0.003703703703601426,0.007936621998705326,0.6407431809550406,-0.019259196979972165,0.011851789572769313
"C(country)[T.Morocco]:C(model, Treatment(reference=""llama""))[T.gemma]",-0.11216931216974964,0.01984333855861945,1.5790644171943825e-08,-0.15106154107767872,-0.07327708326182056,-0.11216931216974964,0.011952405384552903,6.311717749456724e-21,-0.13559559625209594,-0.08874302808740334,,,,,,"not_attempted (pooled model, see docstring)",-0.11216931216974964,0.011863378354698315,3.227436517169098e-21,-0.1354211064799304,-0.08891751785956889
"C(country)[T.Morocco]:C(model, Treatment(reference=""llama""))[T.ministral]",-0.12486772486777939,0.015411257197835643,5.389823904205376e-16,-0.15507323393202094,-0.09466221580353786,-0.12486772486777939,0.010660060395268733,1.0856487324003295e-31,-0.1457610593155279,-0.10397439042003086,,,,,,"not_attempted (pooled model, see docstring)",-0.12486772486777939,0.010102477390519041,4.295721919464229e-35,-0.1446682167078269,-0.10506723302773188
"C(country)[T.Morocco]:C(model, Treatment(reference=""llama""))[T.qwen]",-0.14074074074089893,0.016734435118808816,4.091465274073648e-17,-0.17353963087538646,-0.1079418506064114,-0.14074074074089893,0.011947969469098301,4.980560239123289e-32,-0.16415833058871576,-0.11732315089308211,,,,,,"not_attempted (pooled model, see docstring)",-0.14074074074089893,0.011211719158697054,3.82716931853733e-36,-0.16271530649672286,-0.118766174985075
C(country)[T.Nigeria],-0.020634920634991363,0.013642188689101463,0.13038602604483304,-0.047373119135929925,0.006103277865947197,-0.020634920634991363,0.009265809037877258,0.02594753412185924,-0.03879557263685652,-0.002474268633126206,,,,,,"not_attempted (pooled model, see docstring)",-0.020634920634991363,0.009265165526777527,0.025937198340624416,-0.038794311378277394,-0.0024755298917053317
"C(country)[T.Nigeria]:C(model, Treatment(reference=""llama""))[T.gemma]",-0.1539682539684387,0.02269695181314341,1.1717426383185632e-11,-0.19845346208104087,-0.10948304585583653,-0.1539682539684387,0.012970323622021761,1.678336854901e-32,-0.17938962113543044,-0.12854688680144694,,,,,,"not_attempted (pooled model, see docstring)",-0.1539682539684387,0.012221949549401385,2.1743669824368256e-36,-0.17792283490613095,-0.13001367303074643
"C(country)[T.Nigeria]:C(model, Treatment(reference=""llama""))[T.ministral]",-0.10793650793642966,0.016492357835549403,5.963976426090175e-11,-0.14026093531425343,-0.07561208055860587,-0.10793650793642966,0.010888973358017667,3.674861837461987e-23,-0.12927850354676046,-0.08659451232609885,,,,,,"not_attempted (pooled model, see docstring)",-0.10793650793642966,0.011201330432858751,5.631683099448591e-22,-0.12989071216376527,-0.08598230370909404
"C(country)[T.Nigeria]:C(model, Treatment(reference=""llama""))[T.qwen]",-0.005820105820094765,0.01759931841159218,0.74087062063803,-0.040314136059268105,0.028673924419078577,-0.005820105820094765,0.013126522791547263,0.6574871452797248,-0.03154761773377157,0.01990740609358204,,,,,,"not_attempted (pooled model, see docstring)",-0.005820105820094765,0.012668134550729892,0.6459262725867418,-0.030649193290832853,0.01900898165064332
C(country)[T.Pakistan],-0.06031746031736001,0.014301432308545567,2.4693627476105084e-05,-0.08834775256944684,-0.03228716806527318,-0.06031746031736001,0.00882610947831592,8.259023987225279e-12,-0.07761631701846682,-0.043018603616253204,,,,,,"not_attempted (pooled model, see docstring)",-0.06031746031736001,0.008825496504381566,8.231726547282709e-12,-0.07761511561163202,-0.043019805023088
"C(country)[T.Pakistan]:C(model, Treatment(reference=""llama""))[T.gemma]",-0.11957671957694366,0.0219324346806724,4.979259005376561e-08,-0.1625635016443388,-0.07658993750954851,-0.11957671957694366,0.012435973317431537,6.884869369245636e-22,-0.14395077939181056,-0.09520265976207674,,,,,,"not_attempted (pooled model, see docstring)",-0.11957671957694366,0.012640435779507558,3.083635336931384e-21,-0.14435151845366995,-0.09480192070021737
"C(country)[T.Pakistan]:C(model, Treatment(reference=""llama""))[T.ministral]",-0.09206349206341675,0.016879537497309537,4.9208265208507564e-08,-0.1251467776338368,-0.0589802064929967,-0.09206349206341675,0.010896425172823168,2.939018311968898e-17,-0.1134200929623858,-0.07070689116444771,,,,,,"not_attempted (pooled model, see docstring)",-0.09206349206341675,0.010818308522286045,1.73976824892517e-17,-0.11326698714074013,-0.07085999698609338
"C(country)[T.Pakistan]:C(model, Treatment(reference=""llama""))[T.qwen]",-0.05925925925936844,0.01816518961851155,0.001105344214214626,-0.09486237668399196,-0.023656141834744918,-0.05925925925936844,0.013377554894010454,9.43412303381417e-06,-0.08547878505283647,-0.0330397334659004,,,,,,"not_attempted (pooled model, see docstring)",-0.05925925925936844,0.012000486793912264,7.889900339264453e-07,-0.08277978117238502,-0.035738737346351857
C(country)[T.Poland],-0.05291005290997574,0.011297688449167578,2.8234306076493622e-06,-0.07505311537889837,-0.030766990441053108,-0.05291005290997574,0.007442564173410854,1.1678846137782837e-12,-0.06749721064248913,-0.038322895177462346,,,,,,"not_attempted (pooled model, see docstring)",-0.05291005290997574,0.007442047286798684,1.1637142246793572e-12,-0.06749619756334518,-0.038323908256606296
"C(country)[T.Poland]:C(model, Treatment(reference=""llama""))[T.gemma]",-0.1269841269845195,0.01745417362732953,3.456840674542198e-13,-0.1611936786739942,-0.09277457529504479,-0.1269841269845195,0.012435722755881597,1.7659673658838612e-24,-0.1513576957077726,-0.10261055826126639,,,,,,"not_attempted (pooled model, see docstring)",-0.1269841269845195,0.012718458039528036,1.7866644344270302e-23,-0.15191184668087834,-0.10205640728816065
"C(country)[T.Poland]:C(model, Treatment(reference=""llama""))[T.ministral]",-0.05026455026465599,0.014100945837944832,0.00036438009885748684,-0.07790189625497783,-0.022627204274334147,-0.05026455026465599,0.00987417877143201,3.571123265396614e-07,-0.06961758503357268,-0.030911515495739294,,,,,,"not_attempted (pooled model, see docstring)",-0.05026455026465599,0.009937639126425472,4.236827911125971e-07,-0.069741965043806,-0.03078713548550598
"C(country)[T.Poland]:C(model, Treatment(reference=""llama""))[T.qwen]",-0.003174603174736971,0.015226337450109598,0.8348431042449697,-0.033017676193405225,0.026668469843931286,-0.003174603174736971,0.010333137831986392,0.758671756614403,-0.023427181172718595,0.017077974823244656,,,,,,"not_attempted (pooled model, see docstring)",-0.003174603174736971,0.010974995004004718,0.7723840848227729,-0.02468519811309324,0.018335991763619303
C(country)[T.South Africa],-0.026455026454837743,0.011013712812965875,0.016305351157376916,-0.04804150690431819,-0.004868546005357299,-0.026455026454837743,0.007671649105800043,0.0005638878437100351,-0.04149118240423474,-0.011418870505440748,,,,,,"not_attempted (pooled model, see docstring)",-0.026455026454837743,0.007671116309222425,0.0005633879669302192,-0.041490138142131525,-0.011419914767543966
"C(country)[T.South Africa]:C(model, Treatment(reference=""llama""))[T.gemma]",-0.015343915344353556,0.01684549056198541,0.3623681487143764,-0.04836047014775435,0.017672639459047245,-0.015343915344353556,0.010970703040906105,0.16192503322444052,-0.03684609818961357,0.006158267500906461,,,,,,"not_attempted (pooled model, see docstring)",-0.015343915344353556,0.011161815473405891,0.16923092865466638,-0.03722067167431099,0.006532840985603885
"C(country)[T.South Africa]:C(model, Treatment(reference=""llama""))[T.ministral]",-0.05502645502662982,0.013739508906210455,6.202279252423649e-05,-0.08195539764806963,-0.028097512405190015,-0.05502645502662982,0.010035270250930284,4.17450620903543e-08,-0.0746952232935794,-0.035357686759680235,,,,,,"not_attempted (pooled model, see docstring)",-0.05502645502662982,0.009988303226407388,3.606947781494339e-08,-0.07460316961705352,-0.03544974043620612
"C(country)[T.South Africa]:C(model, Treatment(reference=""llama""))[T.qwen]",0.08518518518497492,0.015202494283568804,2.102250150637711e-08,0.05538884391400401,0.11498152645594584,0.08518518518497492,0.01086308982829344,4.4445673998590495e-15,0.06389392036069638,0.10647645000925346,,,,,,"not_attempted (pooled model, see docstring)",0.08518518518497492,0.010990568621429312,9.134905879359584e-15,0.06364406651735743,0.10672630385259241
C(country)[T.South Korea],-0.016402116402117986,0.010854677062863824,0.13077203630444836,-0.03767689250914409,0.004872659704908123,-0.016402116402117986,0.007374217193759807,0.026131502782499667,-0.030855316516063234,-0.0019489162881727376,,,,,,"not_attempted (pooled model, see docstring)",-0.016402116402117986,0.007373705053849994,0.026121116490963145,-0.030854312740284953,-0.0019499200639510172
"C(country)[T.South Korea]:C(model, Treatment(reference=""llama""))[T.gemma]",-0.11058201058223946,0.016902441478856636,6.055183626766068e-11,-0.1437101871315944,-0.07745383403288453,-0.11058201058223946,0.011369824737658477,2.337814318619318e-22,-0.13286645757858265,-0.08829756358589627,,,,,,"not_attempted (pooled model, see docstring)",-0.11058201058223946,0.011337961379886092,1.786492525075668e-22,-0.13280400654492225,-0.08836001461955667
"C(country)[T.South Korea]:C(model, Treatment(reference=""llama""))[T.ministral]",-0.06613756613761959,0.013597425366122805,1.1505020744034125e-06,-0.09278803013769164,-0.03948710213754754,-0.06613756613761959,0.010022687136288294,4.1453856048395946e-11,-0.08578167195305754,-0.04649346032218164,,,,,,"not_attempted (pooled model, see docstring)",-0.06613756613761959,0.009823240578254514,1.6646930645072274e-11,-0.08539076388247085,-0.04688436839276833
"C(country)[T.South Korea]:C(model, Treatment(reference=""llama""))[T.qwen]",-0.011640211640152491,0.015203117829291186,0.443886758944103,-0.041437775038281985,0.018157351757977,-0.011640211640152491,0.010819517825334085,0.2819929661868492,-0.03284607690789643,0.009565653627591441,,,,,,"not_attempted (pooled model, see docstring)",-0.011640211640152491,0.011521395863104121,0.31234553677472143,-0.034221732583465336,0.010941309303160358
C(country)[T.Turkey],-0.08201058201058793,0.012900526996837634,2.0553160393516717e-10,-0.10729515030597636,-0.0567260137151995,-0.08201058201058793,0.008680995010635368,3.4821226757521855e-21,-0.09902501958140515,-0.06499614443977071,,,,,,"not_attempted (pooled model, see docstring)",-0.08201058201058793,0.008680392114911624,3.460368675364501e-21,-0.09902383792750019,-0.06499732609367567
"C(country)[T.Turkey]:C(model, Treatment(reference=""llama""))[T.gemma]",-0.04814814814855399,0.0195241765483496,0.013660146911990287,-0.08641483101112074,-0.009881465285987233,-0.04814814814855399,0.013043079394656836,0.00022296090143411173,-0.07371211400957788,-0.0225841822875301,,,,,,"not_attempted (pooled model, see docstring)",-0.04814814814855399,0.01291910204972579,0.00019385249462215495,-0.07346912287861412,-0.022827173418493853
"C(country)[T.Turkey]:C(model, Treatment(reference=""llama""))[T.ministral]",-0.023280423280100937,0.01551923739473532,0.13358824622041698,-0.05369756964130938,0.007136723081107511,-0.023280423280100937,0.011694496706531254,0.046512103873252594,-0.04620121564222447,-0.0003596309179774021,,,,,,"not_attempted (pooled model, see docstring)",-0.023280423280100937,0.010747897396138876,0.03030779202417521,-0.04434591508606496,-0.0022149314741369136
"C(country)[T.Turkey]:C(model, Treatment(reference=""llama""))[T.qwen]",-0.007936507936151535,0.016875389291733635,0.638140174601763,-0.04101166317304235,0.02513864730073928,-0.007936507936151535,0.011860960756554401,0.503413454362442,-0.031183563841041116,0.015310547968738044,,,,,,"not_attempted (pooled model, see docstring)",-0.007936507936151535,0.01185122723742196,0.5030629831605874,-0.031164486494098698,0.015291470621795625
C(country)[T.USA],0.020105820105864425,0.012573896604480286,0.10981778520295063,-0.0045385643842474135,0.04475020459597626,0.020105820105864425,0.008761384011909491,0.02174330556157992,0.002933822987796774,0.03727781722393207,,,,,,"not_attempted (pooled model, see docstring)",0.020105820105864425,0.008760775533164804,0.021734169276240407,0.0029350155842217188,0.03727662462750713
"C(country)[T.USA]:C(model, Treatment(reference=""llama""))[T.gemma]",-0.23174603174644035,0.02066854279637731,3.540505435224945e-29,-0.27225563124026464,-0.19123643225261605,-0.23174603174644035,0.018634754309707218,1.6616974730630176e-35,-0.26826947905421905,-0.19522258443866164,,,,,,"not_attempted (pooled model, see docstring)",-0.23174603174644035,0.017978813953194155,5.127634866439182e-38,-0.2669838595794471,-0.1965082039134336
"C(country)[T.USA]:C(model, Treatment(reference=""llama""))[T.ministral]",-0.08095238095248769,0.015418254192311113,1.5174901895388025e-07,-0.11117160387390117,-0.05073315803107421,-0.08095238095248769,0.011297978074716011,7.766763089637613e-13,-0.10309601107705425,-0.05880875082792113,,,,,,"not_attempted (pooled model, see docstring)",-0.08095238095248769,0.011299114056877144,7.807710681154191e-13,-0.10309823756117716,-0.058806524343798225
"C(country)[T.USA]:C(model, Treatment(reference=""llama""))[T.qwen]",-0.01216931216962189,0.016834590216999127,0.4697564006208661,-0.04516450268943051,0.020825878350186733,-0.01216931216962189,0.011945100402922465,0.30831208255024123,-0.03558127875106481,0.011242654411821028,,,,,,"not_attempted (pooled model, see docstring)",-0.01216931216962189,0.012947151144943166,0.3472575728084131,-0.037545262116107016,0.013206637776863239
C(gender)[T.male],-0.09190476190473747,0.00473063129596727,4.510541810687616e-84,-0.10117662886897136,-0.08263289494050358,-0.09190476190473747,0.0030509482954551763,2.3973087283901293e-199,-0.09788451068252348,-0.08592501312695146,,,,,,"not_attempted (pooled model, see docstring)",-0.09190476190473747,0.003050736406879023,2.250721401447173e-199,-0.09788409538854548,-0.08592542842092946
"C(gender)[T.male]:C(model, Treatment(reference=""llama""))[T.gemma]",-0.03484126984127675,0.007923299619112424,1.0959660096596888e-05,-0.050370651733457034,-0.01931188794909647,-0.03484126984127675,0.005028051749680062,4.226957663361292e-12,-0.04469607018305328,-0.024986469499500223,,,,,,"not_attempted (pooled model, see docstring)",-0.03484126984127675,0.005237311613187974,2.8813550211517223e-11,-0.04510621197893855,-0.024576327703614953
"C(gender)[T.male]:C(model, Treatment(reference=""llama""))[T.ministral]",-0.03230158730167122,0.0058380896543518395,3.149725884093374e-08,-0.04374403276271672,-0.020859141840625726,-0.03230158730167122,0.0038540244052622883,5.2363309833947107e-17,-0.03985533633152371,-0.024747838271818735,,,,,,"not_attempted (pooled model, see docstring)",-0.03230158730167122,0.0038397909829919682,4.019465493703307e-17,-0.03982743933649713,-0.024775735266845313
"C(gender)[T.male]:C(model, Treatment(reference=""llama""))[T.qwen]",-0.09007936507936977,0.006757168130321966,1.5296962119314387e-40,-0.10332317125228267,-0.07683555890645687,-0.09007936507936977,0.005015835782248214,4.0813727724089237e-72,-0.09991022256494356,-0.08024850759379598,,,,,,"not_attempted (pooled model, see docstring)",-0.09007936507936977,0.004901892837455603,2.0283289424162402e-75,-0.0996868984968576,-0.08047183166188193
C(gender)[T.neutral],-0.32809523809520225,0.004789762305269906,0.0,-0.3374829997080388,-0.3187074764823657,-0.32809523809520225,0.0032760609845511107,0.0,-0.33451619963607926,-0.32167427655432523,,,,,,"not_attempted (pooled model, see docstring)",-0.32809523809520225,0.003275833461882062,0.0,-0.33451575369984227,-0.3216747224905622
"C(gender)[T.neutral]:C(model, Treatment(reference=""llama""))[T.gemma]",0.37785714285713284,0.007133881699305906,0.0,0.36387499165652387,0.3918392940577418,0.37785714285713284,0.004727038641646536,0.0,0.3685923173659765,0.3871219683482892,,,,,,"not_attempted (pooled model, see docstring)",0.37785714285713284,0.004721589024172344,0.0,0.3686029984199554,0.38711128729431027
"C(gender)[T.neutral]:C(model, Treatment(reference=""llama""))[T.ministral]",0.2965873015871701,0.005791381839061146,0.0,0.2852364017618909,0.3079382014124493,0.2965873015871701,0.004030465701755285,0.0,0.2886877339708058,0.3044868692035344,,,,,,"not_attempted (pooled model, see docstring)",0.2965873015871701,0.004038202496506457,0.0,0.28867257013173775,0.3045020330426025
"C(gender)[T.neutral]:C(model, Treatment(reference=""llama""))[T.qwen]",0.17944444444443752,0.006317469874399449,1.7802533982301826e-177,0.16706243101719784,0.1918264578716772,0.17944444444443752,0.004840254370909177,7.553842772064634e-301,0.16995772020144295,0.1889311686874321,,,,,,"not_attempted (pooled model, see docstring)",0.17944444444443752,0.004750523608757434,0.0,0.1701335892635657,0.18875529962530935
"C(model, Treatment(reference=""llama""))[T.gemma]",-0.05126984126978059,0.02183828583877287,0.018889502199169496,-0.0940720949978665,-0.00846758754169468,-0.05126984126978059,0.014359433309268895,0.0003563492798640503,-0.07941381339435243,-0.02312586914520875,,,,,,"not_attempted (pooled model, see docstring)",-0.05126984126978059,0.01461301688466506,0.0004506329416954305,-0.0799108280691998,-0.02262885447036137
"C(model, Treatment(reference=""llama""))[T.ministral]",-0.049920634920594564,0.01677138101461312,0.0029152397132682388,-0.08279193768023511,-0.017049332160954014,-0.049920634920594564,0.012203639065039863,4.3019343409297536e-05,-0.07383932796839876,-0.026001941872790375,,,,,,"not_attempted (pooled model, see docstring)",-0.049920634920594564,0.011913887995018396,2.788054665073922e-05,-0.07327142630667474,-0.026569843534514394
"C(model, Treatment(reference=""llama""))[T.qwen]",-0.29084656084665095,0.0189059908082297,2.101386064472911e-53,-0.32790162192282646,-0.25379149977047544,-0.29084656084665095,0.014190709365297465,2.358487505667498e-93,-0.3186598401177092,-0.2630332815755927,,,,,,"not_attempted (pooled model, see docstring)",-0.29084656084665095,0.013692347865061136,3.947312707383871e-100,-0.3176830695259647,-0.2640100521673372
C(profession)[T.administrative assistant],-0.043650793650975656,0.01406794869976896,0.0019166404256773853,-0.0712234664388799,-0.01607812086307141,-0.043650793650975656,0.009472438897607476,4.061903474750826e-06,-0.062216432736042604,-0.02508515456590871,,,,,,"not_attempted (pooled model, see docstring)",-0.043650793650975656,0.009471781036046548,4.055656896521899e-06,-0.06221514335107637,-0.02508644395087494
"C(profession)[T.administrative assistant]:C(model, Treatment(reference=""llama""))[T.gemma]",0.10158730158750566,0.023145618170254036,1.1384630290831742e-05,0.05622272357389188,0.14695187960111944,0.10158730158750566,0.015626751280385,7.986283367355736e-11,0.07095943188258588,0.13221517129242544,,,,,,"not_attempted (pooled model, see docstring)",0.10158730158750566,0.015351478130161727,3.655020742838168e-11,0.07149895734293438,0.13167564583207694
"C(profession)[T.administrative assistant]:C(model, Treatment(reference=""llama""))[T.ministral]",0.07698412698431635,0.01696096598892606,5.654846807304707e-06,0.04374124450301249,0.11022700946562021,0.07698412698431635,0.011653911475447063,3.952118245775087e-11,0.05414288021342206,0.09982537375521064,,,,,,"not_attempted (pooled model, see docstring)",0.07698412698431635,0.01156543017654649,2.806163061372866e-11,0.05431630037257251,0.09965195359606019
"C(profession)[T.administrative assistant]:C(model, Treatment(reference=""llama""))[T.qwen]",0.003968253968555078,0.01888760998879383,0.8335909845525552,-0.0330507813635198,0.04098728930062996,0.003968253968555078,0.013420546553229277,0.7674706728034156,-0.022335533928617465,0.03027204186572762,,,,,,"not_attempted (pooled model, see docstring)",0.003968253968555078,0.013085970500140631,0.7617032247595374,-0.021679776914474157,0.029616284851584313
C(profession)[T.architect],-0.012698412698590317,0.014445457388130939,0.3793691600183141,-0.041010988919534995,0.015614163522354362,-0.012698412698590317,0.009676322775539254,0.1894128561881725,-0.03166365684143191,0.006266831444251275,,,,,,"not_attempted (pooled model, see docstring)",-0.012698412698590317,0.00967565075422969,0.18938211718971099,-0.03166233970386832,0.0062655143066876855
"C(profession)[T.architect]:C(model, Treatment(reference=""llama""))[T.gemma]",0.11666666666686036,0.023151504042012355,4.673122231923212e-07,0.07129055255658265,0.16204278077713807,0.11666666666686036,0.014454764787424789,6.963547308656475e-16,0.08833584827851,0.1449974850552107,,,,,,"not_attempted (pooled model, see docstring)",0.11666666666686036,0.01507228407391145,9.904459937324647e-15,0.08712553271723728,0.14620780061648345
"C(profession)[T.architect]:C(model, Treatment(reference=""llama""))[T.ministral]",0.08095238095256115,0.017505774879719403,3.758214072312045e-06,0.04664169266684512,0.11526306923827717,0.08095238095256115,0.01184019888281894,8.08238991297825e-12,0.057746017572444644,0.10415874433267765,,,,,,"not_attempted (pooled model, see docstring)",0.08095238095256115,0.011855275854717785,8.587621495713598e-12,0.05771646725052698,0.10418829465459531
"C(profession)[T.architect]:C(model, Treatment(reference=""llama""))[T.qwen]",0.13730158730187514,0.01969404218596237,3.1306215450180216e-12,0.09870197390737642,0.17590120069637386,0.13730158730187514,0.014386101796904912,1.3736879413478164e-21,0.10910534590201455,0.1654978287017357,,,,,,"not_attempted (pooled model, see docstring)",0.13730158730187514,0.01415311238675987,2.9809428163025797e-22,0.10956199675467806,0.1650411778490722
C(profession)[T.bank teller],-0.00793650793668905,0.014123310154040529,0.5741542446574566,-0.03561768718109733,0.01974467130771923,-0.00793650793668905,0.010058226254656554,0.43007903521771595,-0.027650269144171097,0.011777253270792995,,,,,,"not_attempted (pooled model, see docstring)",-0.00793650793668905,0.0100575277101226,0.4300470062060687,-0.027648900022042948,0.011775884148664846
"C(profession)[T.bank teller]:C(model, Treatment(reference=""llama""))[T.gemma]",0.03730158730178662,0.023584916661819316,0.11374398329754502,-0.008923999933757878,0.08352717453733112,0.03730158730178662,0.016135960320417985,0.02079392123676751,0.005675686217799979,0.06892748838577326,,,,,,"not_attempted (pooled model, see docstring)",0.03730158730178662,0.015916396230126445,0.019098895492478583,0.006106023927069697,0.06849715067650354
"C(profession)[T.bank teller]:C(model, Treatment(reference=""llama""))[T.ministral]",-0.02142857142838745,0.01719658774844169,0.21272974613548346,-0.055133264072315905,0.012276121215541003,-0.02142857142838745,0.012035411946100973,0.07500068448483989,-0.045017545381848476,0.002160402525073577,,,,,,"not_attempted (pooled model, see docstring)",-0.02142857142838745,0.012296570917849092,0.08139545106496762,-0.0455294075607143,0.002672264703939404
"C(profession)[T.bank teller]:C(model, Treatment(reference=""llama""))[T.qwen]",-0.03888888888858688,0.01926446203624226,0.04351992498330206,-0.07664654066116086,-0.0011312371160129009,-0.03888888888858688,0.014746917193567535,0.008362162834424931,-0.06779231547097374,-0.009985462306200024,,,,,,"not_attempted (pooled model, see docstring)",-0.03888888888858688,0.014009825927755385,0.005506106531375613,-0.06634764313666289,-0.011430134640510878
C(profession)[T.business manager],0.009523809523625339,0.014811637848675027,0.5202273247616025,-0.01950646721182804,0.03855408625907872,0.009523809523625339,0.009961607018187827,0.33904620653715933,-0.010000581460164241,0.02904820050741492,,,,,,"not_attempted (pooled model, see docstring)",0.009523809523625339,0.009960915183866376,0.33901266133901586,-0.009999225489810928,0.029046844537061606
"C(profession)[T.business manager]:C(model, Treatment(reference=""llama""))[T.gemma]",0.03412698412718801,0.023781893290823055,0.1512874899588472,-0.012484670206999927,0.08073863846137594,0.03412698412718801,0.014870009545431839,0.021731921036027318,0.004982300968374785,0.06327166728600123,,,,,,"not_attempted (pooled model, see docstring)",0.03412698412718801,0.015458503786777338,0.027268598478711343,0.0038288734502283824,0.06442509480414764
"C(profession)[T.business manager]:C(model, Treatment(reference=""llama""))[T.ministral]",0.027777777777968346,0.01784344650599689,0.11952995324930021,-0.007194734733852619,0.06275029028978932,0.027777777777968346,0.0121753739709925,0.02252051731192431,0.003914483296516627,0.051641072259420065,,,,,,"not_attempted (pooled model, see docstring)",0.027777777777968346,0.012119688728337135,0.021908256202405847,0.004023624366591514,0.05153193118934518
"C(profession)[T.business manager]:C(model, Treatment(reference=""llama""))[T.qwen]",0.07380952380982606,0.02006626075876636,0.0002348030144837686,0.03448037541825461,0.1131386722013975,0.07380952380982606,0.015181229625598988,1.1626809202973606e-06,0.044054860502619544,0.10356418711703257,,,,,,"not_attempted (pooled model, see docstring)",0.07380952380982606,0.014052790680342948,1.5020855599040846e-07,0.046266560194073755,0.10135248742557836
C(profession)[T.cashier],-0.06666666666685923,0.01400684061780073,1.9399703178763304e-06,-0.09411956981494143,-0.03921376351877704,-0.06666666666685923,0.009458155872414562,1.8073931708525783e-12,-0.08520431153695779,-0.04812902179676068,,,,,,"not_attempted (pooled model, see docstring)",-0.06666666666685923,0.00945749900281221,1.8010464295868969e-12,-0.08520302409619464,-0.04813030923752383
"C(profession)[T.cashier]:C(model, Treatment(reference=""llama""))[T.gemma]",0.08095238095260547,0.023602946602930986,0.0006041211107346337,0.03469145568183872,0.12721330622337224,0.08095238095260547,0.014880629715998309,5.324530478342618e-08,0.051786882641972294,0.11011787926323865,,,,,,"not_attempted (pooled model, see docstring)",0.08095238095260547,0.01536889618910046,1.3845496296216103e-07,0.05082989793983368,0.11107486396537726
"C(profession)[T.cashier]:C(model, Treatment(reference=""llama""))[T.ministral]",0.02460317460337407,0.01711697464370567,0.15061705683502663,-0.008945479222574361,0.058151828429322504,0.02460317460337407,0.01203803300405291,0.040974600196035826,0.0010090634707258517,0.04819728573602229,,,,,,"not_attempted (pooled model, see docstring)",0.02460317460337407,0.011893863696263725,0.03858736385406184,0.0012916301216687257,0.04791471908507942
"C(profession)[T.cashier]:C(model, Treatment(reference=""llama""))[T.qwen]",-0.08888888888854947,0.01908539486948613,3.2018137939201386e-06,-0.1262955754634678,-0.051482202313631126,-0.08888888888854947,0.013624002343973398,6.825930698895904e-11,-0.1155914428080266,-0.06218633496907233,,,,,,"not_attempted (pooled model, see docstring)",-0.08888888888854947,0.013706546382380837,8.864871360078283e-11,-0.11575322615044367,-0.06202455162665526
C(profession)[T.chef],-0.0031746031747750076,0.013931839095411251,0.8197498168511053,-0.03048050604018815,0.024131299690638132,-0.0031746031747750076,0.00966056328566583,0.7424469302458746,-0.022108959285049964,0.015759752935499947,,,,,,"not_attempted (pooled model, see docstring)",-0.0031746031747750076,0.009659892358851755,0.7424296766716625,-0.022107644292658116,0.0157584379431081
"C(profession)[T.chef]:C(model, Treatment(reference=""llama""))[T.gemma]",0.1396825396827288,0.02289670952885242,1.0570357905816961e-09,0.094805813641703,0.18455926572375464,0.1396825396827288,0.01520811279808849,4.125282693943315e-20,0.10987518632565271,0.1694898930398049,,,,,,"not_attempted (pooled model, see docstring)",0.1396825396827288,0.015030966591791187,1.5002146748269734e-20,0.11022238650999332,0.1691426928554643
"C(profession)[T.chef]:C(model, Treatment(reference=""llama""))[T.ministral]",0.06031746031763478,0.017069711492405437,0.00040994753880686764,0.026861440566030667,0.0937734800692389,0.06031746031763478,0.012055308001594591,5.632953437497038e-07,0.036689490811971856,0.08394542982329771,,,,,,"not_attempted (pooled model, see docstring)",0.06031746031763478,0.011767350220975414,2.962266647246742e-07,0.037253877691053525,0.08338104294421604
"C(profession)[T.chef]:C(model, Treatment(reference=""llama""))[T.qwen]",0.053968253968533546,0.019042737781228607,0.004596075813374375,0.0166451737502853,0.09129133418678179,0.053968253968533546,0.014928664860043536,0.0003002598405787489,0.02470860850557953,0.08322789943148756,,,,,,"not_attempted (pooled model, see docstring)",0.053968253968533546,0.014116802283647837,0.00013184843322337439,0.026299829915710997,0.0816366780213561
C(profession)[T.civil engineer],0.003174603174416209,0.014539885270499278,0.827166106215651,-0.025323048295106797,0.03167225464393922,0.003174603174416209,0.009601526895399361,0.7409200222875557,-0.01564404373715922,0.021993250085991636,,,,,,"not_attempted (pooled model, see docstring)",0.003174603174416209,0.009600860068668768,0.7409026741860915,-0.015642736780783328,0.021991943129615745
"C(profession)[T.civil engineer]:C(model, Treatment(reference=""llama""))[T.gemma]",0.07857142857163754,0.02376812914346517,0.0009472347606615269,0.03198675147054897,0.12515610567272611,0.07857142857163754,0.0147277283949258,9.558040307896359e-08,0.049705611343495076,0.10743724579978,,,,,,"not_attempted (pooled model, see docstring)",0.07857142857163754,0.015673016321128493,5.354173767492889e-07,0.04785288105311724,0.10928997609015784
"C(profession)[T.civil engineer]:C(model, Treatment(reference=""llama""))[T.ministral]",0.03174603174622785,0.017373724909010176,0.06766311560723608,-0.002305843352738521,0.06579790684519422,0.03174603174622785,0.011773406300747195,0.007008952553726638,0.0086705794214064,0.0548214840710493,,,,,,"not_attempted (pooled model, see docstring)",0.03174603174622785,0.011697904186356961,0.006651185919407127,0.008818560846367882,0.05467350264608782
"C(profession)[T.civil engineer]:C(model, Treatment(reference=""llama""))[T.qwen]",0.09206349206379855,0.019790720622426112,3.289680585552431e-06,0.053274392415749244,0.13085259171184785,0.09206349206379855,0.01456655979485626,2.612341794296006e-10,0.06351355948723111,0.12061342464036598,,,,,,"not_attempted (pooled model, see docstring)",0.09206349206379855,0.013778341755482442,2.3609889525169074e-11,0.06505843845636858,0.11906854567122852
C(profession)[T.computer programmer],-0.05793650793668502,0.014488452404336351,6.366288037964623e-05,-0.08633335284090701,-0.02953966303246302,-0.05793650793668502,0.00989940896374131,4.841744140664319e-09,-0.07733899297385097,-0.03853402289951907,,,,,,"not_attempted (pooled model, see docstring)",-0.05793650793668502,0.009898721449079535,4.829920821918053e-09,-0.07733764546987504,-0.038535370403495
"C(profession)[T.computer programmer]:C(model, Treatment(reference=""llama""))[T.gemma]",0.10158730158750943,0.023151721366743393,1.1445347723534365e-05,0.05621076152858595,0.14696384164643292,0.10158730158750943,0.01516598858630711,2.107667316546326e-11,0.07186251016840198,0.1313120930066169,,,,,,"not_attempted (pooled model, see docstring)",0.10158730158750943,0.015229377496122765,2.549631486736561e-11,0.07173827018814402,0.13143633298687485
"C(profession)[T.computer programmer]:C(model, Treatment(reference=""llama""))[T.ministral]",0.09841269841289044,0.017786077620285307,3.1456425431650075e-08,0.06355262685089737,0.13327276997488352,0.09841269841289044,0.012289314711868268,1.1659922437095837e-15,0.07432608418295039,0.12249931264283048,,,,,,"not_attempted (pooled model, see docstring)",0.09841269841289044,0.01265630559308453,7.498156070251071e-15,0.07360679527311191,0.12321860155266896
"C(profession)[T.computer programmer]:C(model, Treatment(reference=""llama""))[T.qwen]",0.10000000000030147,0.019148567711789116,1.7669269666893928e-07,0.06246949692966825,0.1375305030709347,0.10000000000030147,0.014264959633003003,2.380039308054715e-12,0.07204119287869788,0.12795880712190508,,,,,,"not_attempted (pooled model, see docstring)",0.10000000000030147,0.0136613982238913,2.481651305842969e-13,0.07322415150301506,0.12677584849758788
C(profession)[T.construction worker],-0.05158730158747832,0.015029997347000813,0.0005985083709975255,-0.08104555507533248,-0.02212904809962416,-0.05158730158747832,0.010381460991479234,6.723819379771338e-07,-0.0719345912376851,-0.03124001193727154,,,,,,"not_attempted (pooled model, see docstring)",-0.05158730158747832,0.010380739998269575,6.711862933993875e-07,-0.07193317811696107,-0.03124142505799557
"C(profession)[T.construction worker]:C(model, Treatment(reference=""llama""))[T.gemma]",0.03650793650811789,0.025126061956873856,0.14622631232487596,-0.01273824000067686,0.08575411301691264,0.03650793650811789,0.018507727968114982,0.048543664701549784,0.00023345625494785444,0.07278241676128794,,,,,,"not_attempted (pooled model, see docstring)",0.03650793650811789,0.018207309283074687,0.044949653261543814,0.0008222660579097138,0.07219360695832608
"C(profession)[T.construction worker]:C(model, Treatment(reference=""llama""))[T.ministral]",-0.030952380952200112,0.018099656049882486,0.08724575719803151,-0.06642705494253229,0.004522293038132057,-0.030952380952200112,0.012666807230166744,0.014542268244191373,-0.05577886692243849,-0.006125894981961734,,,,,,"not_attempted (pooled model, see docstring)",-0.030952380952200112,0.012697161152010788,0.014779389102241884,-0.05583835951604236,-0.006066402388357865
"C(profession)[T.construction worker]:C(model, Treatment(reference=""llama""))[T.qwen]",-0.07857142857113804,0.020518598322410802,0.00012851946969433739,-0.11878714229630719,-0.03835571484596889,-0.07857142857113804,0.015165527587100538,2.2079079238348715e-07,-0.10829531644840372,-0.04884754069387236,,,,,,"not_attempted (pooled model, see docstring)",-0.07857142857113804,0.01466022736790993,8.345448477149895e-08,-0.10730494621740994,-0.04983791092486614
C(profession)[T.doctor],0.06904761904743228,0.015357311427017373,6.92194335944818e-06,0.03894784175111281,0.09914739634375176,0.06904761904743228,0.009461478568665648,2.9259353367527143e-13,0.050503461812350034,0.08759177628251454,,,,,,"not_attempted (pooled model, see docstring)",0.06904761904743228,0.00946082146830109,2.91493648839546e-13,0.050504749705398796,0.08759048838946577
"C(profession)[T.doctor]:C(model, Treatment(reference=""llama""))[T.gemma]",0.05714285714306219,0.023938256514671633,0.016982170440691773,0.010224736521624471,0.1040609777644999,0.05714285714306219,0.014286697683694932,6.341621987421866e-05,0.029141444225008313,0.08514427006111608,,,,,,"not_attempted (pooled model, see docstring)",0.05714285714306219,0.014681722074146234,9.937672938999325e-05,0.028367210646708874,0.08591850363941551
"C(profession)[T.doctor]:C(model, Treatment(reference=""llama""))[T.ministral]",-0.0015873015870980084,0.01831683844086113,0.9309433184562623,-0.03748764524182462,0.034313042067628606,-0.0015873015870980084,0.011843119672306673,0.8933809712985175,-0.024799389609416893,0.021624786435220877,,,,,,"not_attempted (pooled model, see docstring)",-0.0015873015870980084,0.01176929603920586,0.8927162293014452,-0.0246546979473314,0.021480094773135384
"C(profession)[T.doctor]:C(model, Treatment(reference=""llama""))[T.qwen]",0.2103174603177545,0.021310353698977765,5.657943975000022e-23,0.16854993456994816,0.25208498606556085,0.2103174603177545,0.015370751978394642,1.2835049127619047e-42,0.18019134002480322,0.24044358061070578,,,,,,"not_attempted (pooled model, see docstring)",0.2103174603177545,0.015001384246779454,1.1782992907159977e-44,0.18091528747582025,0.23971963315968875
C(profession)[T.electrician],-0.057936507936694664,0.01485434381434862,9.607060551546891e-05,-0.0870504868267933,-0.028822529046596036,-0.057936507936694664,0.00996198236566705,6.0358675693284814e-09,-0.07746163458802521,-0.038411381285364116,,,,,,"not_attempted (pooled model, see docstring)",-0.057936507936694664,0.009961290505277916,6.021307885215271e-09,-0.07746027856658018,-0.03841273730680915
"C(profession)[T.electrician]:C(model, Treatment(reference=""llama""))[T.gemma]",0.09047619047638775,0.023903253236097897,0.00015364712787858958,0.04362667502029537,0.1373257059324801,0.09047619047638775,0.015665026239739675,7.664257403481612e-09,0.05977330322962307,0.12117907772315242,,,,,,"not_attempted (pooled model, see docstring)",0.09047619047638775,0.015828657576759553,1.0907760629855492e-08,0.05945259170232198,0.12149978925045352
"C(profession)[T.electrician]:C(model, Treatment(reference=""llama""))[T.ministral]",0.019047619047806597,0.017637132847407106,0.28015441130996166,-0.015520526123659704,0.0536157642192729,0.019047619047806597,0.012495348946933136,0.12741463200804315,-0.00544281486244284,0.04353805295805603,,,,,,"not_attempted (pooled model, see docstring)",0.019047619047806597,0.012201601100240546,0.1185059668067396,-0.004867079662389171,0.04296231775800237
"C(profession)[T.electrician]:C(model, Treatment(reference=""llama""))[T.qwen]",-0.0015873015870007767,0.01941820624854206,0.9348511183597786,-0.03964628647851384,0.036471683304512295,-0.0015873015870007767,0.015092316704614098,0.916238673440102,-0.031167698771316643,0.02799309559731509,,,,,,"not_attempted (pooled model, see docstring)",-0.0015873015870007767,0.014011343592713346,0.9098031079517638,-0.029049030403734983,0.02587442722973343
C(profession)[T.elementary school teacher],0.03095238095218275,0.0145563112855472,0.03347087860730388,0.002422535084756306,0.0594822268196092,0.03095238095218275,0.009372997983961455,0.0009589801103188571,0.012581642476451764,0.04932311942791374,,,,,,"not_attempted (pooled model, see docstring)",0.03095238095218275,0.009372347028579763,0.0009581961865110849,0.012582918325555421,0.04932184357881008
"C(profession)[T.elementary school teacher]:C(model, Treatment(reference=""llama""))[T.gemma]",0.13253968253988863,0.02331196110969447,1.304459508560576e-08,0.08684907835588906,0.1782302867238882,0.13253968253988863,0.014681663683452245,1.7553302943956363e-19,0.10376415048719256,0.1613152145925847,,,,,,"not_attempted (pooled model, see docstring)",0.13253968253988863,0.015351067160130443,5.9291335046740996e-18,0.10245214378177739,0.16262722129799986
"C(profession)[T.elementary school teacher]:C(model, Treatment(reference=""llama""))[T.ministral]",0.021428571428779228,0.017761557786090985,0.22764098862752224,-0.013383442141286082,0.05624058499884454,0.021428571428779228,0.01134368328174268,0.058887650701082206,-0.0008046392554655508,0.043661782113024,,,,,,"not_attempted (pooled model, see docstring)",0.021428571428779228,0.011944344283817472,0.07280758617441627,-0.0019819131864498817,0.04483905604400834
"C(profession)[T.elementary school teacher]:C(model, Treatment(reference=""llama""))[T.qwen]",0.1166666666669749,0.0198785639815035,4.385146212708006e-09,0.07770539719885289,0.1556279361350969,0.1166666666669749,0.01512213348790123,1.2101944827283133e-14,0.08702782966128142,0.14630550367266837,,,,,,"not_attempted (pooled model, see docstring)",0.1166666666669749,0.014095889702868509,1.2669484144228611e-16,0.08903923051930361,0.14429410281464616
C(profession)[T.farmer],-0.055555555555728865,0.014939839301209325,0.0002003157018763018,-0.0848371025209152,-0.02627400859054254,-0.055555555555728865,0.01044417822186268,1.0417611268895921e-07,-0.0760257687186973,-0.03508534239276043,,,,,,"not_attempted (pooled model, see docstring)",-0.055555555555728865,0.0104434528729386,1.0396479572946675e-07,-0.07602434706092988,-0.03508676405052785
"C(profession)[T.farmer]:C(model, Treatment(reference=""llama""))[T.gemma]",0.08174603174623862,0.027275091489661736,0.0027256604074934305,0.028287834751466685,0.13520422874101057,0.08174603174623862,0.018105378744444102,6.331269464956465e-06,0.04626014148067116,0.11723192201180609,,,,,,"not_attempted (pooled model, see docstring)",0.08174603174623862,0.018933111068613527,1.5771867396537777e-05,0.044637815936459456,0.11885424755601778
"C(profession)[T.farmer]:C(model, Treatment(reference=""llama""))[T.ministral]",-0.011904761904584126,0.01792010009029239,0.5064826302576113,-0.04702751268091018,0.023217988871741927,-0.011904761904584126,0.012103848027139569,0.3253359183252743,-0.03562786811212387,0.011818344302955617,,,,,,"not_attempted (pooled model, see docstring)",-0.011904761904584126,0.012464563088893382,0.33953290182660645,-0.03633485664184248,0.012525332832674232
"C(profession)[T.farmer]:C(model, Treatment(reference=""llama""))[T.qwen]",-0.036507936507636486,0.020785072674049245,0.07901163780702795,-0.07724593036482064,0.004230057349547671,-0.036507936507636486,0.015905786536618532,0.021718153231072772,-0.06768270526519089,-0.0053331677500820796,,,,,,"not_attempted (pooled model, see docstring)",-0.036507936507636486,0.01567322379840894,0.019842177548850985,-0.06722689067415408,-0.0057889823411188986
C(profession)[T.flight attendant],-0.0007936507938301615,0.014128862289501835,0.9552045419210783,-0.028485712023779888,0.026898410436119565,-0.0007936507938301615,0.00995942503091631,0.93648507373612,-0.020313765161152846,0.018726463573492523,,,,,,"not_attempted (pooled model, see docstring)",-0.0007936507938301615,0.009958733348134694,0.9364806716445048,-0.02031240948781215,0.018725107900151826
"C(profession)[T.flight attendant]:C(model, Treatment(reference=""llama""))[T.gemma]",0.17301587301606852,0.023014280336261888,5.5721986932505374e-14,0.12790871242688687,0.21812303360525018,0.17301587301606852,0.015641960450837503,1.939027581699845e-28,0.14235819388482712,0.20367355214730992,,,,,,"not_attempted (pooled model, see docstring)",0.17301587301606852,0.016076040698794293,5.183491124504081e-27,0.14150741223243157,0.20452433379970547
"C(profession)[T.flight attendant]:C(model, Treatment(reference=""llama""))[T.ministral]",0.07857142857162137,0.01741460076015442,6.427573213938766e-06,0.04443943827657486,0.11270341886666789,0.07857142857162137,0.012105730368945935,8.559017821957145e-11,0.05484463304193456,0.10229822410130819,,,,,,"not_attempted (pooled model, see docstring)",0.07857142857162137,0.012223642255405306,1.2944296284225126e-10,0.054613529991125016,0.10252932715211774
"C(profession)[T.flight attendant]:C(model, Treatment(reference=""llama""))[T.qwen]",0.06507936507965768,0.018945111660227883,0.0005922184514254864,0.027947628542521204,0.10221110161679417,0.06507936507965768,0.014409329012510873,6.287772550236978e-06,0.03683759917374827,0.0933211309855671,,,,,,"not_attempted (pooled model, see docstring)",0.06507936507965768,0.013743668361058859,2.188119731433326e-06,0.038142270076519685,0.09201646008279568
C(profession)[T.hairdresser],-0.04444444444462974,0.013816732953749532,0.0012966889723140162,-0.07152474341798655,-0.01736414547127294,-0.04444444444462974,0.009823302348711826,6.057013340792258e-06,-0.06369776325735264,-0.02519112563190684,,,,,,"not_attempted (pooled model, see docstring)",-0.04444444444462974,0.009822620119659708,6.048021084161342e-06,-0.06369642611298129,-0.025192462776278197
"C(profession)[T.hairdresser]:C(model, Treatment(reference=""llama""))[T.gemma]",0.15238095238115756,0.02275603976377421,2.137830127873972e-11,0.10777993401339875,0.19698197074891638,0.15238095238115756,0.01564452997494176,2.0314115574680656e-22,0.1217182370752144,0.18304366768710073,,,,,,"not_attempted (pooled model, see docstring)",0.15238095238115756,0.0157927228604236,4.973035257056504e-22,0.12142778435690493,0.1833341204054102
"C(profession)[T.hairdresser]:C(model, Treatment(reference=""llama""))[T.ministral]",0.059523809523996815,0.01679809852116963,0.0003948758278472066,0.0266001414137488,0.09244747763424482,0.059523809523996815,0.012471508402587001,1.816970793531668e-06,0.03508010222203763,0.08396751682595599,,,,,,"not_attempted (pooled model, see docstring)",0.059523809523996815,0.012136065372657242,9.356828683211109e-07,0.03573755847956495,0.08331006056842868
"C(profession)[T.hairdresser]:C(model, Treatment(reference=""llama""))[T.qwen]",-0.03809523809493649,0.018892077862663153,0.04375124011962124,-0.0751230302988827,-0.0010674458909902748,-0.03809523809493649,0.014062833639241632,0.006750049040883952,-0.06565788554842843,-0.010532590641444555,,,,,,"not_attempted (pooled model, see docstring)",-0.03809523809493649,0.013818627725110999,0.005836945760455185,-0.06517925075192071,-0.011011225437952278
C(profession)[T.janitor],-0.18412698412718573,0.015316471793308422,2.7394864264698644e-33,-0.21414671721229384,-0.15410725104207762,-0.18412698412718573,0.01027529707336268,8.324622518695163e-72,-0.2042661963214264,-0.16398777193294506,,,,,,"not_attempted (pooled model, see docstring)",-0.18412698412718573,0.010274583453245008,8.140451342756911e-72,-0.2042647976516971,-0.16398917060267434
"C(profession)[T.janitor]:C(model, Treatment(reference=""llama""))[T.gemma]",0.16587301587322123,0.024388175522306692,1.0362857717640217e-11,0.11807307020085879,0.21367296154558368,0.16587301587322123,0.016278185850344448,2.2000013195218722e-24,0.1339683578728966,0.19777767387354586,,,,,,"not_attempted (pooled model, see docstring)",0.16587301587322123,0.01646580710763451,7.214627271261928e-24,0.13360062696587394,0.19814540478056852
"C(profession)[T.janitor]:C(model, Treatment(reference=""llama""))[T.ministral]",0.08492063492085265,0.018538032196515675,4.630074737326592e-06,0.04858675947143798,0.12125451037026733,0.08492063492085265,0.012421244461037834,8.102395265965758e-12,0.06057544313405086,0.10926582670765445,,,,,,"not_attempted (pooled model, see docstring)",0.08492063492085265,0.01252301733591958,1.192114172275743e-11,0.060375971964679545,0.10946529787702576
"C(profession)[T.janitor]:C(model, Treatment(reference=""llama""))[T.qwen]",-0.04603174603140211,0.02013078882952399,0.022217195417863083,-0.08548736711765037,-0.006576124945153854,-0.04603174603140211,0.015112069651692659,0.0023188834567405567,-0.07565085828058048,-0.01641263378222374,,,,,,"not_attempted (pooled model, see docstring)",-0.04603174603140211,0.01453907156291946,0.0015451259265259088,-0.07452780266337472,-0.017535689399429493
C(profession)[T.journalist],-0.13968253968273228,0.01726958220600602,6.047511764893701e-16,-0.17353029883455787,-0.1058347805309067,-0.13968253968273228,0.011086859819253767,2.1403587980446243e-36,-0.16141238563011392,-0.11795269373535064,,,,,,"not_attempted (pooled model, see docstring)",-0.13968253968273228,0.011086089836045374,2.1167453767026377e-36,-0.16141087649075678,-0.1179542028747078
"C(profession)[T.journalist]:C(model, Treatment(reference=""llama""))[T.gemma]",0.2420634920637006,0.02490098815082613,2.452644401753893e-22,0.19325845210862275,0.29086853201877844,0.2420634920637006,0.01677545435028446,3.3691471639776215e-47,0.2091842057128473,0.2749427784145539,,,,,,"not_attempted (pooled model, see docstring)",0.2420634920637006,0.016367533265120165,1.718657883425209e-49,0.2099837163483038,0.27414326777909737
"C(profession)[T.journalist]:C(model, Treatment(reference=""llama""))[T.ministral]",0.20634920634939885,0.020503685880704645,7.968866248726132e-24,0.16616272047289532,0.24653569222590238,0.20634920634939885,0.014672186772892429,6.323613887967499e-45,0.17759224870008472,0.23510616399871298,,,,,,"not_attempted (pooled model, see docstring)",0.20634920634939885,0.014180587553685965,5.711354670550403e-48,0.1785557654645574,0.2341426472342403
"C(profession)[T.journalist]:C(model, Treatment(reference=""llama""))[T.qwen]",0.3253968253971271,0.022029803132692063,2.2616504472808916e-49,0.282219204670543,0.3685744461237112,0.3253968253971271,0.01541313532732135,6.215504702643512e-99,0.2951876352667353,0.3556060155275189,,,,,,"not_attempted (pooled model, see docstring)",0.3253968253971271,0.015100239511333973,5.396649500374009e-103,0.2958008997969838,0.3549927509972704
C(profession)[T.lawyer],0.003968253968072651,0.016460972144373753,0.8095005146671,-0.02829465858541697,0.036231166521562275,0.003968253968072651,0.011651892297472965,0.7334293198164383,-0.018869035286714027,0.02680554322285933,,,,,,"not_attempted (pooled model, see docstring)",0.003968253968072651,0.011651083072721361,0.7334115100549062,-0.018867449235345484,0.026803957171490787
"C(profession)[T.lawyer]:C(model, Treatment(reference=""llama""))[T.gemma]",0.059523809524005176,0.02447773415686277,0.015025939959199368,0.011548332153408239,0.10749928689460211,0.059523809524005176,0.015847923813369982,0.0001726938700941926,0.028462449620065337,0.09058516942794502,,,,,,"not_attempted (pooled model, see docstring)",0.059523809524005176,0.016089617817993118,0.0002160104422347371,0.02798873807572473,0.09105888097228562
"C(profession)[T.lawyer]:C(model, Treatment(reference=""llama""))[T.ministral]",0.04603174603191867,0.019220364366601465,0.016622786617405762,0.00836052410364279,0.08370296796019455,0.04603174603191867,0.013410856620781415,0.0005982115340597417,0.01974695005335656,0.07231654201048077,,,,,,"not_attempted (pooled model, see docstring)",0.04603174603191867,0.01360476607360238,0.000715678239369668,0.0193668945095656,0.07269659755427174
"C(profession)[T.lawyer]:C(model, Treatment(reference=""llama""))[T.qwen]",0.2714285714288889,0.022093028424518362,1.0808994885340507e-34,0.2281270314074132,0.31473011145036456,0.2714285714288889,0.014838829207974684,9.622449174576564e-75,0.2423450006085175,0.30051214224926026,,,,,,"not_attempted (pooled model, see docstring)",0.2714285714288889,0.015834973244305918,7.327463389261555e-66,0.24039259417389391,0.30246454868388384
C(profession)[T.mechanic],-0.08888888888907288,0.014770513952078719,1.7658992515902717e-09,-0.11783856426829355,-0.05993921350985222,-0.08888888888907288,0.009735421698808077,6.820817018159263e-20,-0.10796996479304646,-0.0698078129850993,,,,,,"not_attempted (pooled model, see docstring)",-0.08888888888907288,0.00973474557307358,6.780976059219945e-20,-0.10796863961095783,-0.06980913816718794
"C(profession)[T.mechanic]:C(model, Treatment(reference=""llama""))[T.gemma]",0.09126984127004181,0.024099832253496274,0.00015238100513829828,0.044035038019732346,0.13850464452035127,0.09126984127004181,0.016148852215213644,1.5879010090689266e-08,0.0596186725365632,0.12292101000352043,,,,,,"not_attempted (pooled model, see docstring)",0.09126984127004181,0.016609008451712287,3.902654615610603e-08,0.05871678288576437,0.12382289965431925
"C(profession)[T.mechanic]:C(model, Treatment(reference=""llama""))[T.ministral]",0.018253968254145887,0.017756459973866275,0.30394115444085923,-0.01654805378755904,0.05305599029585081,0.018253968254145887,0.012106425313478822,0.13160783335766152,-0.005474189341796637,0.04198212585008841,,,,,,"not_attempted (pooled model, see docstring)",0.018253968254145887,0.012066330496946914,0.1303299744388414,-0.005395604945427356,0.041903541453719134
"C(profession)[T.mechanic]:C(model, Treatment(reference=""llama""))[T.qwen]",-0.03571428571397754,0.019734645287486877,0.07033840611334582,-0.07439347972512492,0.0029649082971698396,-0.03571428571397754,0.015132051637757748,0.018266329760205195,-0.06537256193618307,-0.0060560094917720166,,,,,,"not_attempted (pooled model, see docstring)",-0.03571428571397754,0.01436753388482855,0.012927398610560133,-0.06387413467490036,-0.007554436753054734
C(profession)[T.paramedic],-0.057142857143045664,0.01581147314882785,0.0003014948444566545,-0.08813277505727037,-0.02615293922882096,-0.057142857143045664,0.01107192608584808,2.455575535885207e-07,-0.07884343351079742,-0.0354422807752939,,,,,,"not_attempted (pooled model, see docstring)",-0.057142857143045664,0.011071157139789251,2.450877326573969e-07,-0.07884192640421607,-0.03544378788187526
"C(profession)[T.paramedic]:C(model, Treatment(reference=""llama""))[T.gemma]",0.16746031746051954,0.023746064008204917,1.7620015185600494e-12,0.12091888722985505,0.21400174769118402,0.16746031746051954,0.014683685071319143,3.969802480496299e-30,0.13868082356040556,0.1962398113606335,,,,,,"not_attempted (pooled model, see docstring)",0.16746031746051954,0.01562423385796601,8.380848922485959e-27,0.13683738181287486,0.19808325310816421
"C(profession)[T.paramedic]:C(model, Treatment(reference=""llama""))[T.ministral]",0.0968253968255903,0.01838583044416207,1.3919670398636074e-07,0.060789831329172574,0.13286096232200803,0.0968253968255903,0.012800213922889226,3.8978575543557285e-14,0.07173743854231926,0.12191335510886134,,,,,,"not_attempted (pooled model, see docstring)",0.0968253968255903,0.012817141885829232,4.20901023666818e-14,0.07170426034462521,0.12194653330655539
"C(profession)[T.paramedic]:C(model, Treatment(reference=""llama""))[T.qwen]",0.1523809523812515,0.020513259162982456,1.0990868397705271e-13,0.11217570321626963,0.19258620154623335,0.1523809523812515,0.015244174982130626,1.5865866031080734e-23,0.12250291844224895,0.18225898632025403,,,,,,"not_attempted (pooled model, see docstring)",0.1523809523812515,0.014460600043377776,5.791937129301903e-26,0.1240386971013927,0.18072320766111027
C(profession)[T.pharmacist],0.03968253968235848,0.014541615379977392,0.006354695825129841,0.011181497260569054,0.0681835821041479,0.03968253968235848,0.009622873205651897,3.727170748040291e-05,0.020822054771485264,0.05854302459323169,,,,,,"not_attempted (pooled model, see docstring)",0.03968253968235848,0.009622204896418926,3.7225364509133974e-05,0.020823364633512424,0.058541714731204536
"C(profession)[T.pharmacist]:C(model, Treatment(reference=""llama""))[T.gemma]",0.03333333333353808,0.023468158290169093,0.15550166147498143,-0.012663411698678441,0.07933007836575459,0.03333333333353808,0.014282754961110068,0.019605317267273742,0.0053396480097515665,0.061327018657324595,,,,,,"not_attempted (pooled model, see docstring)",0.03333333333353808,0.014998464737136247,0.026252930304063147,0.003936882625357026,0.06272978404171914
"C(profession)[T.pharmacist]:C(model, Treatment(reference=""llama""))[T.ministral]",0.0015873015874847858,0.017391473762132317,0.9272788875518593,-0.03249936062436787,0.035673963799337446,0.0015873015874847858,0.011697835013547845,0.8920648426656044,-0.021340033736160606,0.024514636911130178,,,,,,"not_attempted (pooled model, see docstring)",0.0015873015874847858,0.01171159889172289,0.8921909165600203,-0.021367010441671292,0.024541613616640864
"C(profession)[T.pharmacist]:C(model, Treatment(reference=""llama""))[T.qwen]",0.02063492063522086,0.019469921163936182,0.2892192796880009,-0.017525423627928225,0.05879526489836995,0.02063492063522086,0.01417644057398161,0.14550920377413631,-0.00715039231875543,0.04842023358919715,,,,,,"not_attempted (pooled model, see docstring)",0.02063492063522086,0.013955959096098378,0.13925416045807962,-0.00671825656284613,0.04798809783328785
C(profession)[T.plumber],-0.0317460317462243,0.013986499968169544,0.02322200300789114,-0.05915906795360722,-0.0043329955388413804,-0.0317460317462243,0.009668530839674404,0.0010254881592857664,-0.050696003975400944,-0.012796059517047657,,,,,,"not_attempted (pooled model, see docstring)",-0.0317460317462243,0.009667859359515118,0.001024658784244215,-0.0506946878984724,-0.012797375593976194
"C(profession)[T.plumber]:C(model, Treatment(reference=""llama""))[T.gemma]",0.06666666666688804,0.023693502880132025,0.0048973253892061995,0.020228254354233234,0.11310507897954286,0.06666666666688804,0.015678976118667552,2.118903692349666e-05,0.035936438159836034,0.09739689517394005,,,,,,"not_attempted (pooled model, see docstring)",0.06666666666688804,0.01606750645445882,3.336964681438385e-05,0.035174932694783896,0.0981584006389922
"C(profession)[T.plumber]:C(model, Treatment(reference=""llama""))[T.ministral]",-0.027777777777577277,0.017016236553191455,0.10258939452725364,-0.061128988574246514,0.00557343301909196,-0.027777777777577277,0.011663092134012542,0.017233767649839693,-0.050637018308614265,-0.004918537246540292,,,,,,"not_attempted (pooled model, see docstring)",-0.027777777777577277,0.011978295976783883,0.020394541081374038,-0.051254806488234717,-0.004300749066919841
"C(profession)[T.plumber]:C(model, Treatment(reference=""llama""))[T.qwen]",-0.08174603174570959,0.019253076250619013,2.1774822677299922e-05,-0.1194813677885263,-0.044010695702892864,-0.08174603174570959,0.013993957929309485,5.172563251333173e-09,-0.10917368528832488,-0.054318378203094285,,,,,,"not_attempted (pooled model, see docstring)",-0.08174603174570959,0.013844213187541352,3.5327261572066035e-09,-0.1088801909875851,-0.05461187250383408
C(profession)[T.police officer],0.0031746031744254006,0.01596110548763798,0.842343944780929,-0.028108588734789653,0.034457795083640455,0.0031746031744254006,0.010838274989932499,0.7695934806516098,-0.018068025460383514,0.024417231809234313,,,,,,"not_attempted (pooled model, see docstring)",0.0031746031744254006,0.010837522270958916,0.7695779302751498,-0.01806655015830481,0.02441575650715561
"C(profession)[T.police officer]:C(model, Treatment(reference=""llama""))[T.gemma]",-0.07063492063472097,0.02575321355424608,0.006092493267468996,-0.12111029168721205,-0.020159549582229902,-0.07063492063472097,0.017870780953096375,7.732700943154631e-05,-0.10566100767839426,-0.035608833591047696,,,,,,"not_attempted (pooled model, see docstring)",-0.07063492063472097,0.0175432248157113,5.665267883089078e-05,-0.10501900944620446,-0.036250831823237496
"C(profession)[T.police officer]:C(model, Treatment(reference=""llama""))[T.ministral]",-0.06666666666648668,0.01858418397593714,0.0003341457839963792,-0.10309099794138987,-0.030242335391583504,-0.06666666666648668,0.013153783241709568,4.014890984831187e-07,-0.09244760808068396,-0.04088572525228941,,,,,,"not_attempted (pooled model, see docstring)",-0.06666666666648668,0.012797218649229374,1.8938560776674278e-07,-0.09174875432126058,-0.041584579011712794
"C(profession)[T.police officer]:C(model, Treatment(reference=""llama""))[T.qwen]",0.24761904761934184,0.022551398357668725,4.758262648896981e-28,0.20341911903729543,0.29181897620138825,0.24761904761934184,0.017678047241791332,1.409500235630576e-44,0.21297071170843318,0.2822673835302505,,,,,,"not_attempted (pooled model, see docstring)",0.24761904761934184,0.018471513107134924,5.617728435166333e-41,0.21141554718939784,0.28382254804928586
C(profession)[T.real estate agent],0.02063492063475462,0.014149320799491816,0.144739059016212,-0.007097238537952823,0.04836707980746206,0.02063492063475462,0.009709233351649929,0.0335625588726314,0.0016051729480256426,0.039664668321483604,,,,,,"not_attempted (pooled model, see docstring)",0.02063492063475462,0.009708559044697584,0.03355025133946871,0.0016064945653667638,0.03966334670414248
"C(profession)[T.real estate agent]:C(model, Treatment(reference=""llama""))[T.gemma]",-0.011111111110923846,0.024038877784988907,0.6439277078176324,-0.0582264457982621,0.036004223576414404,-0.011111111110923846,0.015669232641775638,0.478260116430127,-0.0418222427541835,0.01960002053233581,,,,,,"not_attempted (pooled model, see docstring)",-0.011111111110923846,0.016022951570799436,0.48802737579975564,-0.04251551911572023,0.020293296893872534
"C(profession)[T.real estate agent]:C(model, Treatment(reference=""llama""))[T.ministral]",-0.008730158729982687,0.0173494364340043,0.6148268125681632,-0.04273442929269814,0.025274111832732767,-0.008730158729982687,0.012266302596515798,0.4766388950101771,-0.0327716700426238,0.015311352582658429,,,,,,"not_attempted (pooled model, see docstring)",-0.008730158729982687,0.012080893805807878,0.46989998636001495,-0.03240827549041915,0.01494795803045378
"C(profession)[T.real estate agent]:C(model, Treatment(reference=""llama""))[T.qwen]",-0.01825396825370658,0.019937299106915968,0.3598931219496555,-0.05733035645226446,0.020822419944851303,-0.01825396825370658,0.014427482157946609,0.20579174768595565,-0.04653131367087615,0.010023377163462993,,,,,,"not_attempted (pooled model, see docstring)",-0.01825396825370658,0.01379634866016416,0.18580165857279873,-0.04529431474578576,0.008786378238372604
C(profession)[T.registered nurse],0.034920634920465335,0.014720081133019551,0.01767712469554361,0.006069806050239462,0.06377146379069121,0.034920634920465335,0.01016958751460513,0.0005951172585108366,0.014988609654211078,0.054852660186719596,,,,,,"not_attempted (pooled model, see docstring)",0.034920634920465335,0.010168881236024762,0.0005945938752694244,0.014989993934791654,0.054851275906139016
"C(profession)[T.registered nurse]:C(model, Treatment(reference=""llama""))[T.gemma]",0.12063492063510747,0.02325448596052555,2.1302403726769133e-07,0.07505696567348508,0.16621287559672987,0.12063492063510747,0.014924232766607497,6.311114788881703e-16,0.09138396191566421,0.14988587935455075,,,,,,"not_attempted (pooled model, see docstring)",0.12063492063510747,0.015815772443028234,2.3933615708300004e-14,0.08963657625909108,0.15163326501112387
"C(profession)[T.registered nurse]:C(model, Treatment(reference=""llama""))[T.ministral]",0.026190476190671927,0.017750804170267764,0.14009081158799946,-0.008600460679676285,0.06098141306102014,0.026190476190671927,0.012028555665723098,0.02945384025337718,0.0026149402998194397,0.04976601208152441,,,,,,"not_attempted (pooled model, see docstring)",0.026190476190671927,0.012327202518827305,0.03361931476401589,0.0020296032236389733,0.05035134915770488
"C(profession)[T.registered nurse]:C(model, Treatment(reference=""llama""))[T.qwen]",0.1166666666669424,0.019954603970016638,5.017100543861194e-09,0.07755636155994981,0.155776971773935,0.1166666666669424,0.015001700770178851,7.432566151185413e-15,0.08726387345054507,0.14606945988333975,,,,,,"not_attempted (pooled model, see docstring)",0.1166666666669424,0.014409821274279384,5.664209135663002e-16,0.08842393594569575,0.14490939738818906
C(profession)[T.social worker],-0.1428571428573063,0.017943894574831067,1.7020924360066155e-15,-0.17802652996635887,-0.10768775574825375,-0.1428571428573063,0.01220207861128593,1.1652176941578286e-31,-0.16677277747195324,-0.11894150824265937,,,,,,"not_attempted (pooled model, see docstring)",-0.1428571428573063,0.012201231176055014,1.1540979908403823e-31,-0.16677111652942142,-0.11894316918519118
"C(profession)[T.social worker]:C(model, Treatment(reference=""llama""))[T.gemma]",0.2888888888890721,0.025201332553198744,2.01823993346504e-30,0.23949518472238573,0.3382825930557585,0.2888888888890721,0.015579819746801567,9.375104472093614e-77,0.2583530032997151,0.3194247744784291,,,,,,"not_attempted (pooled model, see docstring)",0.2888888888890721,0.017093713480718323,4.4762212885753445e-64,0.2553858261048174,0.3223919516733268
"C(profession)[T.social worker]:C(model, Treatment(reference=""llama""))[T.ministral]",0.27380952380968315,0.02116305705031268,2.7436820711779013e-38,0.23233069418830382,0.3152883534310625,0.27380952380968315,0.014566098274850465,7.882412525310164e-79,0.24526049579570522,0.30235855182366106,,,,,,"not_attempted (pooled model, see docstring)",0.27380952380968315,0.01465723538806827,7.0889749627126e-78,0.24508187033614337,0.30253717728322294
"C(profession)[T.social worker]:C(model, Treatment(reference=""llama""))[T.qwen]",0.3603174603177165,0.02283712452819716,4.429907455529637e-56,0.3155575187319938,0.4050774019034392,0.3603174603177165,0.014917632418490832,6.81135008920991e-129,0.3310794380428673,0.38955548259256567,,,,,,"not_attempted (pooled model, see docstring)",0.3603174603177165,0.01494911315876023,2.3288712939405645e-128,0.33101773692573266,0.38961718370970033
C(profession)[T.truck driver],-0.05793650793674503,0.014273135485517402,4.9255954165690654e-05,-0.08591133943481975,-0.0299616764386703,-0.05793650793674503,0.009814484213067028,3.565958989950424e-09,-0.07717254352119333,-0.03870047235229672,,,,,,"not_attempted (pooled model, see docstring)",-0.05793650793674503,0.009813802596439134,3.5571037991256565e-09,-0.0771712075771514,-0.03870180829633865
"C(profession)[T.truck driver]:C(model, Treatment(reference=""llama""))[T.gemma]",-0.0031746031743303616,0.024550976851340642,0.8971150546815958,-0.0512936335882346,0.04494442723957388,-0.0031746031743303616,0.017385415236129447,0.8551106949322594,-0.037249390893418,0.030900184544757278,,,,,,"not_attempted (pooled model, see docstring)",-0.0031746031743303616,0.018767821511955093,0.8656775606054438,-0.039958857406038405,0.03360965105737768
"C(profession)[T.truck driver]:C(model, Treatment(reference=""llama""))[T.ministral]",-0.046031746031516885,0.017679030702371017,0.009221044926628954,-0.08068200948974194,-0.011381482573291836,-0.046031746031516885,0.011737792104786829,8.793740842918329e-05,-0.06903739581491766,-0.023026096248116103,,,,,,"not_attempted (pooled model, see docstring)",-0.046031746031516885,0.012194043994950114,0.00016004820303769206,-0.06993163308751603,-0.02213185897551774
"C(profession)[T.truck driver]:C(model, Treatment(reference=""llama""))[T.qwen]",-0.17619047619008518,0.019822227808700948,6.192239664341639e-19,-0.21504132878848736,-0.137339623591683,-0.17619047619008518,0.014996177366302661,7.143758218677626e-32,-0.20558244373381312,-0.14679850864635724,,,,,,"not_attempted (pooled model, see docstring)",-0.17619047619008518,0.01530953924504937,1.1948122662264837e-30,-0.20619662173028447,-0.1461843306498859
C(profession)[T.veterinarian],0.025396825396674604,0.014490426291541458,0.07965997248616809,-0.0030038882553789503,0.05379753904872816,0.025396825396674604,0.009473561368158015,0.0073444032895175525,0.0068289863097548975,0.04396466448359431,,,,,,"not_attempted (pooled model, see docstring)",0.025396825396674604,0.009472903428641892,0.007340318040445815,0.006830275847510503,0.043963374945838705
"C(profession)[T.veterinarian]:C(model, Treatment(reference=""llama""))[T.gemma]",0.06825396825415338,0.023093615076222342,0.0031212812947399044,0.02299131443192637,0.11351662207638039,0.06825396825415338,0.014030922760970106,1.1472399798212076e-06,0.04075386497278867,0.09575407153551808,,,,,,"not_attempted (pooled model, see docstring)",0.06825396825415338,0.014605824958010147,2.9673791752237926e-06,0.03962707737195724,0.09688085913634951
"C(profession)[T.veterinarian]:C(model, Treatment(reference=""llama""))[T.ministral]",0.050793650793845575,0.01752647941496517,0.00375419881395816,0.016442382364731202,0.08514491922295994,0.050793650793845575,0.011544479809088064,1.0833994376314934e-05,0.02816688614778313,0.07342041543990802,,,,,,"not_attempted (pooled model, see docstring)",0.050793650793845575,0.011612147586716704,1.2188847408266048e-05,0.02803425974071713,0.07355304184697402
"C(profession)[T.veterinarian]:C(model, Treatment(reference=""llama""))[T.qwen]",0.05793650793675439,0.01936685039310346,0.0027758354512372103,0.019978178672296218,0.09589483720121256,0.05793650793675439,0.014080985377915457,3.879844890511124e-05,0.03033828372920497,0.08553473214430381,,,,,,"not_attempted (pooled model, see docstring)",0.05793650793675439,0.013263152701170901,1.2525726742443793e-05,0.03194120632100429,0.08393180955250448
C(profession)[T.waiter],-0.06666666666694711,0.014058140173183919,2.1139829810972174e-06,-0.09422011509600327,-0.03911321823789095,-0.06666666666694711,0.009717281247193604,6.855774782056348e-12,-0.08571218793909302,-0.04762114539480119,,,,,,"not_attempted (pooled model, see docstring)",-0.06666666666694711,0.009716606381315758,6.832941976961202e-12,-0.08571086522627805,-0.04762246810761616
"C(profession)[T.waiter]:C(model, Treatment(reference=""llama""))[T.gemma]",0.09920634920667869,0.023366986568852933,2.1803126381466562e-05,0.05340789710449577,0.14500480130886162,0.09920634920667869,0.014875171329796082,2.5710066717657628e-11,0.07005154913641559,0.12836114927694178,,,,,,"not_attempted (pooled model, see docstring)",0.09920634920667869,0.015389202463468405,1.1446970326186708e-10,0.06904406662748554,0.12936863178587182
"C(profession)[T.waiter]:C(model, Treatment(reference=""llama""))[T.ministral]",0.054761904762178,0.016934229941315066,0.0012215516891660376,0.02157142397128064,0.08795238555307536,0.054761904762178,0.01199179920923865,4.95668165952304e-06,0.03125841020223435,0.07826539932212165,,,,,,"not_attempted (pooled model, see docstring)",0.054761904762178,0.011963519885497296,4.707740118705018e-06,0.03131383665827455,0.07820997286608145
"C(profession)[T.waiter]:C(model, Treatment(reference=""llama""))[T.qwen]",-0.033333333332794236,0.019043967536317447,0.08006043055163203,-0.07065882382672642,0.003992157161137946,-0.033333333332794236,0.014082620044098338,0.017933718381088024,-0.060934761427188844,-0.005731905238399625,,,,,,"not_attempted (pooled model, see docstring)",-0.033333333332794236,0.014124017177850298,0.018272658337073408,-0.06101589831840588,-0.005650768347182596
C(topic)[T.economic redistribution],-0.0014814814815442493,0.0031514821447710846,0.6382904372420506,-0.00765827298321662,0.004695310020128121,-0.0014814814815442493,0.0005238503927472014,0.004683071011721926,-0.0025082093846159263,-0.0004547535784725724,,,,,,"not_attempted (pooled model, see docstring)",-0.0014814814815442493,0.0005238140112955542,0.004680198368822991,-0.002508138078280993,-0.00045482488480750607
"C(topic)[T.economic redistribution]:C(model, Treatment(reference=""llama""))[T.gemma]",-0.2733333333332868,0.007325207996290197,9.704762435817208e-305,-0.2876904771852804,-0.2589761894812932,-0.2733333333332868,0.0063952843950235904,0.0,-0.28586786041842405,-0.26079880624814955,,,,,,"not_attempted (pooled model, see docstring)",-0.2733333333332868,0.006399143781583323,0.0,-0.28587542467708354,-0.26079124198949005
"C(topic)[T.economic redistribution]:C(model, Treatment(reference=""llama""))[T.ministral]",-0.9096296296294681,0.0048542649516063845,0.0,-0.9191438141060317,-0.9001154451529045,-0.9096296296294681,0.0039226033112213145,0.0,-0.9173177908450995,-0.9019414684138368,,,,,,"not_attempted (pooled model, see docstring)",-0.9096296296294681,0.003911027577512449,0.0,-0.9172951028239354,-0.9019641564350008
"C(topic)[T.economic redistribution]:C(model, Treatment(reference=""llama""))[T.qwen]",-0.5388888888888858,0.007580821116969254,0.0,-0.5537470252513862,-0.5240307525263853,-0.5388888888888858,0.007110719312345472,0.0,-0.5528256426452562,-0.5249521351325153,,,,,,"not_attempted (pooled model, see docstring)",-0.5388888888888858,0.0071134953937784014,0.0,-0.552831083664883,-0.5249466941128885
C(topic)[T.gender equality],0.38518518518523126,0.005923325676236667,0.0,0.37357568019110604,0.3967946901793565,0.38518518518523126,0.006628084674197605,0.0,0.3721943779373221,0.39817599243314045,,,,,,"not_attempted (pooled model, see docstring)",0.38518518518523126,0.006627624353247448,0.0,0.3721952801498057,0.39817509022065684
"C(topic)[T.gender equality]:C(model, Treatment(reference=""llama""))[T.gemma]",0.5420370370369166,0.0074312346066706825,0.0,0.5274720848471744,0.5566019892266588,0.5420370370369166,0.0076385613734646345,0.0,0.5270657318512272,0.5570083422226061,,,,,,"not_attempted (pooled model, see docstring)",0.5420370370369166,0.007782273033092384,0.0,0.5267840621741983,0.557290011899635
"C(topic)[T.gender equality]:C(model, Treatment(reference=""llama""))[T.ministral]",-0.3090740740740449,0.006877752988313232,0.0,-0.32255422222570157,-0.29559392592238826,-0.3090740740740449,0.008203867887153724,1.31472649348587e-310,-0.32515335966679093,-0.2929947884812989,,,,,,"not_attempted (pooled model, see docstring)",-0.3090740740740449,0.0075477261348407135,0.0,-0.32386734546350443,-0.2942808026845854
"C(topic)[T.gender equality]:C(model, Treatment(reference=""llama""))[T.qwen]",0.007777777777672937,0.008782602180468162,0.3758389249025331,-0.009435806186587608,0.02499136174193348,0.007777777777672937,0.009229569709227545,0.3993950723259527,-0.010311846445214871,0.025867402000560744,,,,,,"not_attempted (pooled model, see docstring)",0.007777777777672937,0.009484565591061193,0.41219002237878155,-0.010811629189814854,0.026367184745160727
C(topic)[T.immigration],-0.1235185185185117,0.004643867805038693,7.121686968333384e-156,-0.1326203321653526,-0.11441670487167079,-0.1235185185185117,0.004821192085359766,9.15413595152235e-145,-0.1329678813683664,-0.114069155668657,,,,,,"not_attempted (pooled model, see docstring)",-0.1235185185185117,0.0048208572532267525,8.745560242109886e-145,-0.13296722510944484,-0.11406981192757858
"C(topic)[T.immigration]:C(model, Treatment(reference=""llama""))[T.gemma]",0.15481481481488885,0.007348914046890498,1.619347309528441e-98,0.14041120795750298,0.16921842167227472,0.15481481481488885,0.007251226982962604,3.8865359337851986e-101,0.1406026710845571,0.1690269585452206,,,,,,"not_attempted (pooled model, see docstring)",0.15481481481488885,0.007250129448977021,3.626827582217259e-101,0.14060482221164067,0.16902480741813702
"C(topic)[T.immigration]:C(model, Treatment(reference=""llama""))[T.ministral]",-0.593703703703502,0.007518990826203013,0.0,-0.608440654922947,-0.578966752484057,-0.593703703703502,0.00698582934799719,0.0,-0.6073956776277194,-0.5800117297792846,,,,,,"not_attempted (pooled model, see docstring)",-0.593703703703502,0.007801225137249578,0.0,-0.6089938240077997,-0.5784135833992043
"C(topic)[T.immigration]:C(model, Treatment(reference=""llama""))[T.qwen]",-0.5046296296296084,0.007840595798297685,0.0,-0.5199969150116079,-0.4892623442476089,-0.5046296296296084,0.008545825619496798,0.0,-0.5213791400619818,-0.487880119197235,,,,,,"not_attempted (pooled model, see docstring)",-0.5046296296296084,0.008304793546850521,0.0,-0.5209067258804762,-0.4883525333787408
C(topic)[T.lgbtq rights],-0.03703703703708708,0.0059302595065438245,4.226282997755234e-10,-0.048660132088889245,-0.02541394198528491,-0.03703703703708708,0.004756556276189495,6.887813570659569e-15,-0.04635971602885644,-0.027714358045317713,,,,,,"not_attempted (pooled model, see docstring)",-0.03703703703708708,0.004756225933011465,6.858406852108477e-15,-0.04635906856812497,-0.02771500550604919
"C(topic)[T.lgbtq rights]:C(model, Treatment(reference=""llama""))[T.gemma]",-0.12166666666659319,0.013726383255338103,7.739561160417632e-19,-0.14856988348504954,-0.09476344984813684,-0.12166666666659319,0.011585360086610211,8.47847321486335e-26,-0.14437355518427705,-0.09895977814890933,,,,,,"not_attempted (pooled model, see docstring)",-0.12166666666659319,0.014211088288802808,1.1151495402272547e-17,-0.14951988789376564,-0.09381344543942075
"C(topic)[T.lgbtq rights]:C(model, Treatment(reference=""llama""))[T.ministral]",-0.43203703703689583,0.009286025239768047,0.0,-0.45023731206637113,-0.41383676200742053,-0.43203703703689583,0.007294877458303444,0.0,-0.4463347341268037,-0.417739339946988,,,,,,"not_attempted (pooled model, see docstring)",-0.43203703703689583,0.008560380069979917,0.0,-0.4488150736680309,-0.41525900040576075
"C(topic)[T.lgbtq rights]:C(model, Treatment(reference=""llama""))[T.qwen]",-0.004259259259272801,0.00996065744331437,0.6689363613529016,-0.02378178911050978,0.01526327059196418,-0.004259259259272801,0.008389668783476746,0.6116784277611595,-0.02070270791710719,0.01218418939856159,,,,,,"not_attempted (pooled model, see docstring)",-0.004259259259272801,0.009252551072997328,0.6452768559460083,-0.022393926127465,0.013875407608919395
C(topic)[T.religion and secularism],-1.0051851851853375,0.008157203306889814,0.0,-1.0211730098814125,-0.9891973604892624,-1.0051851851853375,0.008760152977628303,0.0,-1.0223547695205504,-0.9880156008501247,,,,,,"not_attempted (pooled model, see docstring)",-1.0051851851853375,0.008759544584382328,0.0,-1.0223535770916998,-0.9880167932789753
"C(topic)[T.religion and secularism]:C(model, Treatment(reference=""llama""))[T.gemma]",0.16777777777776554,0.011332577442642088,1.3617119414530182e-49,0.14556633413817602,0.18998922141735505,0.16777777777776554,0.007367359218398654,8.469135006609598e-115,0.153338019048535,0.18221753650699607,,,,,,"not_attempted (pooled model, see docstring)",0.16777777777776554,0.011259831051733721,3.2683322038885254e-50,0.14570891444436168,0.1898466411111694
"C(topic)[T.religion and secularism]:C(model, Treatment(reference=""llama""))[T.ministral]",0.07296296296307798,0.008982931789163722,4.570549788076387e-16,0.055356740180737135,0.09056918574541883,0.07296296296307798,0.008790292636785794,1.0375966039008666e-16,0.0557343059814102,0.09019161994474577,,,,,,"not_attempted (pooled model, see docstring)",0.07296296296307798,0.009567678765855892,2.4218030666930706e-14,0.0542106571663518,0.09171526875980417
"C(topic)[T.religion and secularism]:C(model, Treatment(reference=""llama""))[T.qwen]",0.3818518518517947,0.010676813792727455,3.9251346441519497e-280,0.3609256813484084,0.402778022355181,0.3818518518517947,0.009685342200402312,0.0,0.36286892996106024,0.4008347737425292,,,,,,"not_attempted (pooled model, see docstring)",0.3818518518517947,0.011481282552648894,1.5311085587659964e-242,0.35934895155227475,0.40435475215131467
C(topic)[T.trust in government],-0.989999999999957,0.00694299125622586,0.0,-1.0036080128071363,-0.9763919871927779,-0.989999999999957,0.007667743829372825,0.0,-1.005028501748207,-0.974971498251707,,,,,,"not_attempted (pooled model, see docstring)",-0.989999999999957,0.007667211304017302,0.0,-1.0050274580176892,-0.9749725419822247
"C(topic)[T.trust in government]:C(model, Treatment(reference=""llama""))[T.gemma]",-0.8966666666665396,0.009572353116842252,0.0,-0.9154281340228502,-0.877905199310229,-0.8966666666665396,0.008453788500271115,0.0,-0.9132357876599899,-0.8800975456730893,,,,,,"not_attempted (pooled model, see docstring)",-0.8966666666665396,0.00980360199248581,0.0,-0.9158813734905769,-0.8774519598425023
"C(topic)[T.trust in government]:C(model, Treatment(reference=""llama""))[T.ministral]",0.061296296296721675,0.007825432828786597,4.765188720581397e-15,0.04595872978886255,0.0766338628045808,0.061296296296721675,0.008215491462209781,8.582744221476047e-14,0.0451942289154942,0.07739836367794915,,,,,,"not_attempted (pooled model, see docstring)",0.061296296296721675,0.008535432034571279,6.900441699038988e-13,0.04456715691647253,0.07802543567697082
"C(topic)[T.trust in government]:C(model, Treatment(reference=""llama""))[T.qwen]",0.28037037037042195,0.00887241067495121,3.663318258324412e-219,0.2629807649914689,0.297759975749375,0.28037037037042195,0.010338807881709367,5.999685328552408e-162,0.26010667927919273,0.30063406146165117,,,,,,"not_attempted (pooled model, see docstring)",0.28037037037042195,0.00988743529778254,7.013580241672064e-177,0.2609913532872981,0.2997493874535458
Intercept,4.149894179894382,0.013686895312394153,0.0,4.123068358021919,4.176720001766845,4.149894179894382,0.009301101955553663,0.0,4.131664355044961,4.168124004743802,,,,,,"not_attempted (pooled model, see docstring)",4.149894179894382,0.009300455993349596,0.0,4.131665621107617,4.168122738681147
