model,topic,term,coef,se_hc3,p_hc3,se_cluster,p_cluster,ci_low_cluster,ci_high_cluster
llama,climate change,Intercept,4.002777777777779,0.001339452548786015,0.0,0.0013328631009939542,0.0,4.000165414103509,4.005390141452049
llama,climate change,C(gender)[T.male],-0.0033333333333323456,0.0015462267944131086,0.031100416700279274,0.001538620119037773,0.030277323966715133,-0.006348973352535111,-0.00031769331412957996
llama,climate change,C(gender)[T.neutral],-0.003888888888887583,0.001449936994486199,0.007315964430583295,0.00144280401757001,0.007031076772316425,-0.0067167328000744975,-0.0010610449777006684
llama,climate change,C(country)[T.Brazil],-7.358696985093616e-15,0.0004191194143500696,0.9999999999859911,0.00041705755295381867,0.9999999999859218,-0.0008174177832772497,0.0008174177832625323
llama,climate change,C(country)[T.Canada],0.02592592592591802,0.009623014535827928,0.007056660919708617,0.009575674037027781,0.006779658251649271,0.007157949685648302,0.04469390216618774
llama,climate change,C(country)[T.China],2.7738228380869145e-15,0.0004191194143500602,0.9999999999947194,0.00041705755295382257,0.9999999999946934,-0.0008174177832671248,0.0008174177832726725
llama,climate change,C(country)[T.Egypt],2.455404874024774e-15,0.0004191194143500667,0.9999999999953256,0.000417057552953837,0.9999999999953025,-0.0008174177832674716,0.0008174177832723824
llama,climate change,C(country)[T.France],-6.5867450382839365e-15,0.00041911941435007717,0.9999999999874607,0.00041705755295384626,0.9999999999873987,-0.0008174177832765318,0.0008174177832633583
llama,climate change,C(country)[T.Germany],-6.2892502844584684e-15,0.00041911941435006725,0.999999999988027,0.00041705755295382387,0.9999999999879678,-0.0008174177832761905,0.000817417783263612
llama,climate change,C(country)[T.India],4.543240783583258e-15,0.00041911941435007646,0.9999999999913509,0.0004170575529538619,0.9999999999913082,-0.0008174177832654325,0.000817417783274519
llama,climate change,C(country)[T.Italy],1.0124010006799416e-15,0.00041911941435007435,0.9999999999980727,0.00041705755295384745,0.9999999999980631,-0.000817417783268935,0.0008174177832709599
llama,climate change,C(country)[T.Japan],-6.085409953726639e-15,0.0004191194143500668,0.9999999999884152,0.00041705755295383645,0.9999999999883579,-0.0008174177832760113,0.0008174177832638405
llama,climate change,C(country)[T.Kenya],0.0037037037037024934,0.0036838113981423515,0.3147043159311165,0.0036656888578061177,0.3123178394608327,-0.003480914436127265,0.010888321843532252
llama,climate change,C(country)[T.Mexico],4.128641872824801e-16,0.00041911941435005884,0.9999999999992141,0.0004170575529538132,0.9999999999992102,-0.0008174177832694674,0.0008174177832702931
llama,climate change,C(country)[T.Morocco],-2.473438225097686e-15,0.00041911941435006324,0.9999999999952913,0.0004170575529538203,0.999999999995268,-0.0008174177832723676,0.0008174177832674208
llama,climate change,C(country)[T.Nigeria],-1.0720591081536668e-15,0.0004191194143500641,0.9999999999979591,0.00041705755295382414,0.999999999997949,-0.0008174177832709738,0.0008174177832688296
llama,climate change,C(country)[T.Pakistan],1.9848962806672898e-16,0.0004191194143500643,0.9999999999996221,0.00041705755295381466,0.9999999999996203,-0.0008174177832696847,0.0008174177832700817
llama,climate change,C(country)[T.Poland],-6.782768791069316e-16,0.0004191194143500646,0.9999999999987087,0.00041705755295381834,0.9999999999987024,-0.0008174177832705687,0.0008174177832692122
llama,climate change,C(country)[T.South Africa],-4.244537416146777e-16,0.00041911941435006736,0.999999999999192,0.0004170575529538367,0.999999999999188,-0.0008174177832703509,0.000817417783269502
llama,climate change,C(country)[T.South Korea],-9.26342336171615e-16,0.00041911941435006334,0.9999999999982365,0.0004170575529538275,0.9999999999982278,-0.0008174177832708347,0.000817417783268982
llama,climate change,C(country)[T.Turkey],-1.7399066323668652e-15,0.00041911941435006405,0.9999999999966878,0.0004170575529538169,0.9999999999966713,-0.0008174177832716274,0.0008174177832681476
llama,climate change,C(country)[T.USA],-1.412064909445121e-15,0.00041911941435006166,0.9999999999973118,0.0004170575529538146,0.9999999999972985,-0.0008174177832712951,0.000817417783268471
llama,climate change,C(profession)[T.administrative assistant],2.220446049250313e-15,0.0006472587670301953,0.9999999999972629,0.0006440745722179776,0.9999999999972493,-0.0012623629649030576,0.0012623629649074985
llama,climate change,C(profession)[T.architect],0.005555555555559462,0.005469553476402912,0.30976093865148946,0.0054426459632912145,0.3073751027915703,-0.005111834513093627,0.016222945624212552
llama,climate change,C(profession)[T.bank teller],1.1102230246251565e-15,0.0006472587670301861,0.9999999999986314,0.0006440745722179656,0.9999999999986247,-0.0012623629649041444,0.0012623629649063648
llama,climate change,C(profession)[T.business manager],-1.0035677337725232e-14,0.0006472587670301981,0.9999999999876289,0.0006440745722179697,0.9999999999875677,-0.0012623629649152984,0.0012623629648952272
llama,climate change,C(profession)[T.cashier],-2.4424906541753444e-15,0.0006472587670301877,0.9999999999969891,0.0006440745722180006,0.9999999999969742,-0.0012623629649077658,0.0012623629649028808
llama,climate change,C(profession)[T.chef],-6.585646788589277e-15,0.0006472587670301938,0.9999999999918818,0.0006440745722179762,0.9999999999918416,-0.0012623629649118613,0.00126236296489869
llama,climate change,C(profession)[T.civil engineer],0.005555555555550651,0.005469553476402883,0.3097609386522543,0.005442645963291025,0.3073751027923207,-0.005111834513102069,0.016222945624203372
llama,climate change,C(profession)[T.computer programmer],-2.08041605486801e-15,0.0006472587670301952,0.9999999999974355,0.0006440745722179151,0.9999999999974227,-0.001262362964907236,0.0012623629649030754
llama,climate change,C(profession)[T.construction worker],-2.6645352591003757e-15,0.0006472587670301908,0.9999999999967154,0.0006440745722180019,0.9999999999966992,-0.0012623629649079905,0.0012623629649026614
llama,climate change,C(profession)[T.doctor],-2.53637037591566e-15,0.000647258767030192,0.9999999999968734,0.0006440745722179924,0.999999999996858,-0.0012623629649078437,0.001262362964902771
llama,climate change,C(profession)[T.electrician],3.552713678800501e-15,0.0006472587670301871,0.9999999999956205,0.0006440745722179865,0.9999999999955989,-0.001262362964901743,0.0012623629649088485
llama,climate change,C(profession)[T.elementary school teacher],-2.928807713262305e-15,0.0006472587670301951,0.9999999999963897,0.0006440745722179107,0.9999999999963718,-0.001262362964908076,0.0012623629649022182
llama,climate change,C(profession)[T.farmer],0.016666666666670826,0.00945514846908533,0.07794973617780246,0.009408633788773933,0.07649045070837994,-0.0017739167030527171,0.035107250036394366
llama,climate change,C(profession)[T.flight attendant],-9.45453442234857e-15,0.0006472587670301841,0.9999999999883453,0.0006440745722179554,0.9999999999882877,-0.0012623629649146891,0.0012623629648957802
llama,climate change,C(profession)[T.hairdresser],-1.9984014443252818e-15,0.0006472587670301918,0.9999999999975365,0.0006440745722179487,0.9999999999975243,-0.00126236296490722,0.0012623629649032232
llama,climate change,C(profession)[T.janitor],-8.055124505626096e-15,0.0006472587670301903,0.9999999999900704,0.0006440745722179849,0.9999999999900212,-0.0012623629649133477,0.0012623629648972374
llama,climate change,C(profession)[T.journalist],0.01666666666666461,0.009392051031722623,0.07597217517013284,0.009345846759771084,0.07453368402905138,-0.00165085638751708,0.0349841897208463
llama,climate change,C(profession)[T.lawyer],2.5164732569436253e-15,0.0006472587670301918,0.9999999999968979,0.0006440745722179605,0.9999999999968826,-0.0012623629649027282,0.001262362964907761
llama,climate change,C(profession)[T.mechanic],-1.3322676295501878e-15,0.000647258767030192,0.9999999999983576,0.0006440745722179404,0.9999999999983495,-0.0012623629649065374,0.001262362964903873
llama,climate change,C(profession)[T.paramedic],-4.82103936774353e-15,0.0006472587670301954,0.9999999999940571,0.0006440745722179657,0.9999999999940277,-0.0012623629649100758,0.0012623629649004338
llama,climate change,C(profession)[T.pharmacist],-3.1086244689504383e-15,0.0006472587670301901,0.999999999996168,0.0006440745722180168,0.999999999996149,-0.0012623629649084636,0.0012623629649022464
llama,climate change,C(profession)[T.plumber],-5.424225197175018e-15,0.0006472587670301909,0.9999999999933135,0.0006440745722180181,0.9999999999932804,-0.0012623629649107819,0.0012623629648999333
llama,climate change,C(profession)[T.police officer],3.774758283725532e-15,0.0006472587670301862,0.9999999999953468,0.0006440745722179687,0.9999999999953239,-0.001262362964901486,0.0012623629649090354
llama,climate change,C(profession)[T.real estate agent],2.434664321895146e-15,0.0006472587670301956,0.9999999999969987,0.0006440745722180001,0.999999999996984,-0.0012623629649028876,0.001262362964907757
llama,climate change,C(profession)[T.registered nurse],6.661338147750939e-15,0.0006472587670301888,0.9999999999917885,0.000644074572217987,0.9999999999917479,-0.0012623629648986353,0.001262362964911958
llama,climate change,C(profession)[T.social worker],-2.6233517827064295e-15,0.0006472587670301904,0.9999999999967661,0.0006440745722179652,0.9999999999967502,-0.0012623629649078773,0.0012623629649026306
llama,climate change,C(profession)[T.truck driver],-7.549516567451064e-15,0.0006472587670301905,0.9999999999906936,0.0006440745722179592,0.9999999999906476,-0.0012623629649127918,0.0012623629648976927
llama,climate change,C(profession)[T.veterinarian],-2.7617584886651144e-15,0.0006472587670301899,0.9999999999965955,0.0006440745722179631,0.9999999999965787,-0.0012623629649080115,0.0012623629649024882
llama,climate change,C(profession)[T.waiter],-2.220446049250313e-15,0.0006472587670301892,0.9999999999972629,0.0006440745722179819,0.9999999999972493,-0.001262362964907507,0.001262362964903066
llama,climate change,C(age)[T.45],-0.002222222222221402,0.0015460382769154036,0.1506141404085487,0.0015384325289534034,0.14860633989026173,-0.005237494571614947,0.0007930501271721426
llama,climate change,C(age)[T.65],-0.0033333333333324796,0.0013469534635825947,0.01333404862027889,0.0013403271149898764,0.012884166460554972,-0.005960326206215113,-0.0007063404604498464
llama,economic redistribution,DEGENERATE_NO_VARIANCE,4.0,,,,,,
llama,gender equality,Intercept,5.0438888888888895,0.022995587583272817,0.0,0.02288246060187887,0.0,4.99904009023155,5.088737687546229
llama,gender equality,C(gender)[T.male],-0.7105555555555605,0.009436497259793045,0.0,0.009390074334258983,0.0,-0.728959763062862,-0.692151348048259
llama,gender equality,C(gender)[T.neutral],-0.9344444444444434,0.006089774879647714,0.0,0.006059816182265344,0.0,-0.9463214659146165,-0.9225674229742703
llama,gender equality,C(country)[T.Brazil],-0.06666666666667216,0.02301485295777108,0.0037713409735119626,0.022901631200204678,0.0036027309903900375,-0.11155303900629214,-0.021780294327052183
llama,gender equality,C(country)[T.Canada],0.08518518518517962,0.026772178772417648,0.0014633516899302834,0.02664047281974251,0.0013858340139576138,0.03297081792736608,0.13739955244299315
llama,gender equality,C(country)[T.China],-0.24814814814814004,0.02383269316486254,2.1837375993264683e-25,0.023715448035700946,1.269850873160937e-25,-0.2946295721753451,-0.201666724120935
llama,gender equality,C(country)[T.Egypt],-0.23333333333332915,0.023305484862126455,1.350646133509702e-23,0.02319083333852689,8.17875363542827e-24,-0.2787865314483126,-0.18788013521834565
llama,gender equality,C(country)[T.France],-0.07407407407407945,0.02282381018164948,0.0011725542383707397,0.022711528260585024,0.0011081712393846302,-0.11858785149868972,-0.029560296649469187
llama,gender equality,C(country)[T.Germany],-0.12962962962963526,0.021944961552780407,3.483223074365384e-09,0.021837003134740938,2.9163784222765315e-09,-0.17242936930401576,-0.08682988995525476
llama,gender equality,C(country)[T.India],-0.07407407407406986,0.023057928445314194,0.0013157563377072456,0.022944494777534744,0.0012448350040192761,-0.11904445748150533,-0.02910369066663441
llama,gender equality,C(country)[T.Italy],-0.12962962962962948,0.021726760283223873,2.4260770710144005e-09,0.021619875308117063,2.024180291288114e-09,-0.17200380658378572,-0.08725545267547324
llama,gender equality,C(country)[T.Japan],-0.1481481481481518,0.021948503134366082,1.480425037345606e-11,0.02184052729348702,1.1756198811545704e-11,-0.19095479504675042,-0.10534150124955319
llama,gender equality,C(country)[T.Kenya],-0.022222222222221262,0.024482724665770162,0.36405286785910584,0.024362281701317465,0.36168615322942954,-0.0699714169380227,0.025526972493580165
llama,gender equality,C(country)[T.Mexico],-0.0740740740740693,0.023864632741694123,0.0019097054750763023,0.023747230485522783,0.0018129843647275582,-0.12061779055826558,-0.027530357589873017
llama,gender equality,C(country)[T.Morocco],-0.2222222222222225,0.023163644957582708,8.508262672725518e-22,0.023049691216554907,5.365925006223653e-22,-0.2673987868614393,-0.17704565758300564
llama,gender equality,C(country)[T.Nigeria],-0.13703703703703557,0.02200897598559477,4.772263378639201e-10,0.02190070264802899,3.91955178146801e-10,-0.1799616254632934,-0.09411244861077775
llama,gender equality,C(country)[T.Pakistan],-0.18518518518518307,0.02144699209123441,5.895723556282589e-18,0.021341483438038378,4.05486926188042e-18,-0.22701372410039633,-0.1433566462699698
llama,gender equality,C(country)[T.Poland],-0.08518518518518482,0.022732701888788582,0.00017878174575539045,0.022620868175716284,0.00016603075630224152,-0.12952127210861702,-0.040849098261752634
llama,gender equality,C(country)[T.South Africa],-0.018518518518516904,0.024072498570897296,0.4417264463015249,0.023954073717077324,0.4394724868856018,-0.06546764028700595,0.02843060324997215
llama,gender equality,C(country)[T.South Korea],-0.12222222222221979,0.02221157935326785,3.741557313775352e-08,0.02210230930677593,3.2052397876915084e-08,-0.16554195243866507,-0.07890249200577451
llama,gender equality,C(country)[T.Turkey],-0.18148148148148038,0.02123392358973433,1.2658003993613147e-17,0.021129463128776033,8.771063572146093e-18,-0.2228944682265484,-0.14006849473641236
llama,gender equality,C(country)[T.USA],0.02222222222222277,0.02518506105013265,0.377583624360063,0.025061162936086557,0.375229929484691,-0.026896754543196958,0.0713411989876425
llama,gender equality,C(profession)[T.administrative assistant],-0.01666666666666572,0.021012475659469673,0.42767320154675137,0.020909104613418043,0.4253924181286094,-0.05764775865794537,0.024314425324613934
llama,gender equality,C(profession)[T.architect],0.10000000000000445,0.023444593642349777,1.995660965793232e-05,0.02332925777196754,1.8154043148272877e-05,0.05427549498089692,0.14572450501911197
llama,gender equality,C(profession)[T.bank teller],-0.03888888888888742,0.021233807674530227,0.0670317759684663,0.02112934778381782,0.06569261307740727,-0.08030164956199155,0.0025238717842167163
llama,gender equality,C(profession)[T.business manager],0.005555555555544386,0.01958101296491259,0.7766237704972575,0.019484684011307374,0.775548966141651,-0.0326337233567615,0.04374483446785027
llama,gender equality,C(profession)[T.cashier],-0.08333333333333748,0.023511880800423858,0.0003936459782891637,0.0233962139103163,0.000368279025627657,-0.12918906997215246,-0.037477596694522504
llama,gender equality,C(profession)[T.chef],0.033333333333326304,0.020335176516771487,0.10117251494362,0.02023513744939759,0.09949648509148436,-0.006326807289710662,0.07299347395636327
llama,gender equality,C(profession)[T.civil engineer],0.044444444444439846,0.02087274190808993,0.033228991874120456,0.020770058283372046,0.032368310750402356,0.003735878252232816,0.08515301063664688
llama,gender equality,C(profession)[T.computer programmer],0.08888888888888662,0.022903252433899474,0.00010400232583987239,0.022790579696024243,9.609462036385105e-05,0.04422017349788929,0.13355760427988395
llama,gender equality,C(profession)[T.construction worker],-0.016666666666668828,0.018669027175862232,0.37199414764190264,0.018577184743813282,0.36963470626786743,-0.05307727969868981,0.019743946365352157
llama,gender equality,C(profession)[T.doctor],0.1499999999999983,0.02542498138012017,3.6414250058769855e-09,0.025299902976046774,3.0501439010328835e-09,0.10041310135458889,0.1995868986454077
llama,gender equality,C(profession)[T.electrician],3.9968028886505635e-15,0.01874319607225507,0.9999999999998299,0.01865098876571297,0.999999999999829,-0.036555266256854575,0.03655526625686257
llama,gender equality,C(profession)[T.elementary school teacher],0.16111111111110754,0.02602077982545368,5.954417924444705e-10,0.025892770386049823,4.90096953771176e-10,0.11036221369448462,0.21186000852773046
llama,gender equality,C(profession)[T.farmer],-0.11111111111110672,0.024427055906635214,5.398082805231716e-06,0.02430688680509901,4.849896232473637e-06,-0.15875173382539265,-0.06347048839682079
llama,gender equality,C(profession)[T.flight attendant],0.18888888888887856,0.026793852386574783,1.7929107022143438e-12,0.026662039810376684,1.3948419538455732e-12,0.1366322511061671,0.24114552667159
llama,gender equality,C(profession)[T.hairdresser],-0.04444444444444784,0.023528734463062712,0.05889943163152862,0.02341298466122357,0.05765896015936281,-0.09033305115103477,0.0014441622621390801
llama,gender equality,C(profession)[T.janitor],-0.23888888888889723,0.03016664107421199,2.3947569772604466e-15,0.030018236036449104,1.746651832240222e-15,-0.29772355039975984,-0.18005422737803461
llama,gender equality,C(profession)[T.journalist],0.14999999999999858,0.02545248020833885,3.784773290114314e-09,0.025327266523554482,3.17139859508797e-09,0.10035946978698482,0.19964053021301234
llama,gender equality,C(profession)[T.lawyer],0.1388888888888924,0.025089856998489445,3.1006057195136117e-08,0.024966427241555345,2.6513606347816205e-08,0.08995559067280423,0.18782218710498055
llama,gender equality,C(profession)[T.mechanic],-0.0055555555555582,0.018494284426118068,0.763877321074223,0.018403301642457254,0.762744915576436,-0.04162536397140124,0.030514252860284842
llama,gender equality,C(profession)[T.paramedic],0.18888888888888353,0.026793852386574727,1.7929107022117724e-12,0.026662039810376646,1.3948419538435828e-12,0.13663225110617216,0.2411455266715949
llama,gender equality,C(profession)[T.pharmacist],0.08333333333333082,0.022730798491441148,0.00024627964341869925,0.022618974142147814,0.00022940179725993985,0.03900095864747834,0.1276657080191833
llama,gender equality,C(profession)[T.plumber],-0.01111111111111669,0.018829150810651632,0.5551225685862158,0.01873652064907027,0.5531684949462579,-0.047834016778885456,0.025611794556652072
llama,gender equality,C(profession)[T.police officer],0.05000000000000382,0.02125054781808288,0.018628618716437336,0.021146005574097217,0.018053805424851424,0.008554590657890042,0.09144540934211759
llama,gender equality,C(profession)[T.real estate agent],0.016666666666669643,0.01951630299962127,0.39311226009956957,0.019420292387219908,0.39077715374703914,-0.021396406981518765,0.054729740314858055
llama,gender equality,C(profession)[T.registered nurse],0.20000000000000684,0.027240065626096346,2.102269946297901e-13,0.02710605790021292,1.6017365367107812e-13,0.1468731027527321,0.25312689724728155
llama,gender equality,C(profession)[T.social worker],0.18888888888888614,0.02679385238657478,1.7929107022106883e-12,0.02666203981037672,1.3948419538427853e-12,0.13663225110617463,0.24114552667159764
llama,gender equality,C(profession)[T.truck driver],-0.038888888888896744,0.02007493603481946,0.052722587535775654,0.01997617722262739,0.0515631175546702,-0.0780414767940358,0.0002636990162423053
llama,gender equality,C(profession)[T.veterinarian],0.13888888888888598,0.025026579821556507,2.86233550751447e-08,0.02490346135721222,2.4457288968488397e-08,0.09007900153836505,0.1876987762394069
llama,gender equality,C(profession)[T.waiter],-0.055555555555557135,0.022898925092369033,0.01526119486330091,0.0227862736428859,0.014764076294012838,-0.1002158312374878,-0.01089527987362647
llama,gender equality,C(age)[T.45],-0.05777777777777672,0.008378444205776209,5.348600339805849e-12,0.008337226380904646,4.205556342279702e-12,-0.07411844121530704,-0.0414371143402464
llama,gender equality,C(age)[T.65],-0.08888888888888785,0.008249839267114964,4.536480153605156e-27,0.008209254115292126,2.539433163330742e-27,-0.10497873129479765,-0.07279904648297805
llama,immigration,Intercept,3.9477777777777776,0.024769867800310055,0.0,0.02464801223285642,0.0,3.899468561510876,3.996086994044679
llama,immigration,C(gender)[T.male],0.0011111111111126166,0.004802611531555076,0.8170385492827443,0.004778985044802609,0.8161501603971224,-0.008255527459356033,0.010477749681581267
llama,immigration,C(gender)[T.neutral],-0.36388888888888776,0.01077451953259088,4.8984357383982433e-250,0.010721514195530088,1.7094692732113925e-252,-0.38490267057186167,-0.34287510720591385
llama,immigration,C(country)[T.Brazil],0.014814814814807679,0.020714163043770037,0.47448411476289465,0.020612259549072594,0.4723023467862958,-0.025584471541366418,0.05521410117098177
llama,immigration,C(country)[T.Canada],0.022222222222214955,0.020605184203130584,0.28082083277884984,0.02050381683073247,0.2784494721528302,-0.01796452031162688,0.06240896475605679
llama,immigration,C(country)[T.China],-0.037037037037033635,0.02152132052135476,0.08526056785576654,0.021415446208837396,0.08372780631831957,-0.07901054031920977,0.004936466245142504
llama,immigration,C(country)[T.Egypt],-0.06296296296296047,0.022425797345515707,0.004991014660291395,0.022315473451856242,0.004780060839618753,-0.10670048722655842,-0.019225438699362517
llama,immigration,C(country)[T.France],0.05185185185184653,0.02009129417928962,0.009856826131391397,0.0199924548930715,0.00949849162552688,0.012667360298884815,0.09103634340480823
llama,immigration,C(country)[T.Germany],0.048148148148142625,0.020170830892551412,0.016985632737455177,0.020071600324820565,0.016448016058679182,0.008808534399411865,0.08748776189687338
llama,immigration,C(country)[T.India],-0.05185185185184888,0.021802630488693096,0.01739557777878385,0.021695372269488918,0.01684855860478296,-0.09437400013123617,-0.009329703572461587
llama,immigration,C(country)[T.Italy],0.06666666666666975,0.0199356877699819,0.0008255395846724878,0.01983761399076837,0.0007776796220013745,0.027785657705555848,0.10554767562778364
llama,immigration,C(country)[T.Japan],0.03333333333332794,0.020500049816686492,0.10394703692612191,0.020399199653762818,0.10224813472958677,-0.006648363301489123,0.07331502996814501
llama,immigration,C(country)[T.Kenya],-0.05925925925926039,0.02241539715738539,0.008200882811743238,0.02230512442753655,0.007889666924622956,-0.10297649980791662,-0.015542018710604164
llama,immigration,C(country)[T.Mexico],-0.2703703703703689,0.03922580629562503,5.475644402537988e-12,0.03903283462037955,4.306432725876794e-12,-0.346873320440821,-0.1938674202999168
llama,immigration,C(country)[T.Morocco],-0.03703703703703963,0.021505423662957775,0.08502995697594729,0.021399627555165484,0.08349943463977745,-0.07897953632773491,0.004905462253655644
llama,immigration,C(country)[T.Nigeria],0.0037037037037028157,0.02092249478857024,0.8594925419218934,0.02081956640414848,0.8588051759127598,-0.037101896622168284,0.04450930402957391
llama,immigration,C(country)[T.Pakistan],-0.02222222222222206,0.021246652110009232,0.2955996245486664,0.021142129030990556,0.2932185202318055,-0.06366003367946227,0.019215589235018142
llama,immigration,C(country)[T.Poland],-0.003703703703703966,0.020973327930961478,0.859829560903016,0.02087014947247957,0.8591438085906902,-0.04460844502173153,0.0372010376143236
llama,immigration,C(country)[T.South Africa],-9.71445146547012e-17,0.020922247123385165,0.9999999999999963,0.020819319957354327,0.9999999999999962,-0.04080511729903055,0.04080511729903036
llama,immigration,C(country)[T.South Korea],-0.08888888888888999,0.022378726890324555,7.12638881669014e-05,0.022268634560154824,6.56115143316727e-05,-0.1325346106116774,-0.045243167166102584
llama,immigration,C(country)[T.Turkey],-0.12222222222222347,0.02337224135030887,1.7008375519556767e-07,0.023257261417618563,1.4784082903743258e-07,-0.1678056169797888,-0.07663882746465812
llama,immigration,C(country)[T.USA],-0.14814814814814947,0.02381456961694412,4.942989782566923e-10,0.023697413646724313,4.061154807741085e-10,-0.19459422542247712,-0.10170207087382183
llama,immigration,C(profession)[T.administrative assistant],-0.12777777777777533,0.029864683678705168,1.881080758507804e-05,0.029717764122821715,1.7102148808059828e-05,-0.18602352515956244,-0.06953203039598821
llama,immigration,C(profession)[T.architect],-0.01666666666666281,0.026822389245575732,0.5343552579746291,0.026690436282065737,0.5323364331915692,-0.06897896051117279,0.03564562717784718
llama,immigration,C(profession)[T.bank teller],-0.03333333333333144,0.027246320934241324,0.22117609975397612,0.02711228243531749,0.21890123040300136,-0.08647243044523162,0.019805763778568748
llama,immigration,C(profession)[T.business manager],0.027777777777768554,0.025310826035982108,0.2724376188334824,0.02518630922005788,0.27007408896151375,-0.021586481197033984,0.07714203675257109
llama,immigration,C(profession)[T.cashier],-0.15555555555555767,0.03033318747289255,2.9247931475582543e-07,0.030183963108757258,2.555560471081143e-07,-0.21471503615940754,-0.0963960749517078
llama,immigration,C(profession)[T.chef],0.033333333333327324,0.025150711362600824,0.18505722746422237,0.025026982232122963,0.182894420720617,-0.015718650483357535,0.08238531715001218
llama,immigration,C(profession)[T.civil engineer],0.04999999999999605,0.024817285976993442,0.04393349864478363,0.024695197135430325,0.04289969992735537,0.0015983030234359014,0.0984016969765562
llama,immigration,C(profession)[T.computer programmer],-0.03333333333333473,0.027257658140229145,0.22136825581753206,0.027123563867827608,0.2190929099146428,-0.08649454164664877,0.01982787497997931
llama,immigration,C(profession)[T.construction worker],-0.03888888888889053,0.028244531158382515,0.16855418165391167,0.028105581956087887,0.1664591060629924,-0.0939748172873616,0.016197039509580534
llama,immigration,C(profession)[T.doctor],0.03888888888888691,0.025980026547949606,0.13442541925206522,0.02585221759462746,0.1325101326910115,-0.011780526517075611,0.08955830429484943
llama,immigration,C(profession)[T.electrician],-0.03333333333332944,0.027110764763880683,0.21887544111777324,0.026977393134646643,0.21660636969115543,-0.08620805227401497,0.01954138560735609
llama,immigration,C(profession)[T.elementary school teacher],0.061111111111108715,0.02460355056514864,0.012997674217359605,0.024482513196694106,0.01255627161706419,0.01312626699456168,0.10909595522765575
llama,immigration,C(profession)[T.farmer],-0.07777777777777328,0.028015122956882802,0.005498512137816937,0.02787730233011359,0.005270743261217832,-0.13241628633093044,-0.02313926922461612
llama,immigration,C(profession)[T.flight attendant],-0.08888888888889765,0.029111890324580385,0.0022629927278077786,0.028968674141765828,0.002151733090735552,-0.14566644688663544,-0.03211133089115987
llama,immigration,C(profession)[T.hairdresser],-0.011111111111112404,0.02594679670122237,0.6684860795429379,0.025819151222403105,0.6669455853845492,-0.0617157176184158,0.03949349539619099
llama,immigration,C(profession)[T.janitor],-0.21111111111111838,0.031949784163319846,3.906236781871646e-11,0.03179260693852935,3.1313465341249035e-11,-0.27342347568527414,-0.14879874653696262
llama,immigration,C(profession)[T.journalist],-0.011111111111112626,0.02710388312761533,0.68184603030061,0.026970545352647434,0.6803599027323288,-0.06397240864570572,0.041750186423480475
llama,immigration,C(profession)[T.lawyer],0.022222222222225127,0.02733987220262106,0.4163248892070214,0.027205373477466578,0.4140243878152432,-0.031099329979570572,0.07554377442402083
llama,immigration,C(profession)[T.mechanic],-0.08888888888889057,0.02918728441744251,0.0023231987023558907,0.029043697332770856,0.002209511656962873,-0.14581348963900348,-0.03196428813877766
llama,immigration,C(profession)[T.paramedic],-0.0722222222222264,0.028868781100227635,0.01235841898229284,0.02872676089523262,0.011933337888178599,-0.12852563896937594,-0.015918805475076868
llama,immigration,C(profession)[T.pharmacist],-0.033333333333335435,0.02808868762490938,0.23533912357764009,0.027950505096153655,0.23303222068270613,-0.08811531667149984,0.02144865000482897
llama,immigration,C(profession)[T.plumber],-0.03333333333333815,0.027220206024795458,0.22073332110634858,0.027086295998382425,0.21845955436382158,-0.08642149796475909,0.019754831298082788
llama,immigration,C(profession)[T.police officer],0.027777777777782342,0.02715416484113385,0.3063240891188185,0.027020579704864572,0.3039390023388464,-0.025181585285146142,0.08073714084071082
llama,immigration,C(profession)[T.real estate agent],0.06111111111111395,0.024701683198154346,0.013362261359242272,0.02458016306540816,0.012911671313930439,0.012934876768792299,0.1092873454534356
llama,immigration,C(profession)[T.registered nurse],-0.022222222222215038,0.02795846719062694,0.4267125276511363,0.02782092528236384,0.42443000659126473,-0.076750233792228,0.032305789347797924
llama,immigration,C(profession)[T.social worker],-0.16111111111111323,0.03560839568489471,6.053101967476142e-06,0.03543321989076778,5.444328233769332e-06,-0.23055894595330634,-0.09166327626892011
llama,immigration,C(profession)[T.truck driver],-0.11666666666667336,0.02961456647383297,8.165065929123957e-05,0.029468877371586325,7.527085415525511e-05,-0.17442460497980994,-0.05890872835353679
llama,immigration,C(profession)[T.veterinarian],-0.02222222222222442,0.027905247941461625,0.4258311712568622,0.02776796784573053,0.4235470670341396,-0.07664643912372253,0.03220199467927369
llama,immigration,C(profession)[T.waiter],-0.09444444444444566,0.028401366842410375,0.0008830805788475621,0.02826164608568395,0.0008324045545706163,-0.14983625291620362,-0.039052635972687724
llama,immigration,C(age)[T.45],0.13611111111111224,0.010142369306051831,4.613969681182863e-41,0.01009247383720676,1.8806857108298665e-41,0.11633022587527422,0.15589199634695025
llama,immigration,C(age)[T.65],0.23277777777777917,0.009307876826984716,4.91810893867011e-138,0.00926208665072313,2.2053996928274894e-139,0.21462442152067263,0.2509311340348857
llama,lgbtq rights,Intercept,4.185000000000002,0.0271682946339014,0.0,0.02703463998600472,0.0,4.132013079292427,4.237986920707578
llama,lgbtq rights,C(gender)[T.male],-0.19222222222222396,0.008853380489870527,1.589544827242487e-104,0.008809826212060534,1.5293506240780157e-105,-0.20948916430791953,-0.1749552801365284
llama,lgbtq rights,C(gender)[T.neutral],0.11722222222222395,0.008006946045662558,1.5591576031943673e-48,0.007967555809031341,5.363442371404602e-49,0.10160609979170962,0.13283834465273828
llama,lgbtq rights,C(country)[T.Brazil],-0.044444444444451725,0.023632728684287608,0.06002211868252815,0.023516467282025263,0.058767507885232606,-0.09053587336083577,0.0016469844719323237
llama,lgbtq rights,C(country)[T.Canada],0.05185185185184504,0.02653746788411468,0.05071173703536608,0.026406916593576066,0.049579879798952876,9.524638568282617e-05,0.10360845731800726
llama,lgbtq rights,C(country)[T.China],-0.1777777777777737,0.021201845843257097,5.071964711663677e-17,0.021097543189034923,3.562544291503544e-17,-0.21912820259056048,-0.13642735296498693
llama,lgbtq rights,C(country)[T.Egypt],-0.29629629629629506,0.024701051249312638,3.760933085210967e-33,0.024579534225444462,1.834350004695642e-33,-0.3444712981349358,-0.2481212944576543
llama,lgbtq rights,C(country)[T.France],-0.051851851851859296,0.02346395259741841,0.027115467179019345,0.02334852149049795,0.026366091364317477,-0.09761411306549474,-0.006089590638223855
llama,lgbtq rights,C(country)[T.Germany],-0.12962962962963734,0.020665193685333847,3.5450176644006455e-10,0.02056353109579654,2.903219816334144e-10,-0.16993340997236803,-0.08932584928690665
llama,lgbtq rights,C(country)[T.India],-0.1629629629629628,0.02073091037706993,3.814787247462653e-15,0.02062892449373004,2.7950504187661192e-15,-0.20339491201046986,-0.12253101391545576
llama,lgbtq rights,C(country)[T.Italy],-0.09259259259259375,0.02200441979433296,2.5774479651402216e-05,0.021896168870987588,2.350329559198837e-05,-0.13550829497913647,-0.049676890206051025
llama,lgbtq rights,C(country)[T.Japan],-0.14444444444445118,0.02019739539109006,8.574894824659189e-13,0.020098034139091538,6.623347257896056e-13,-0.18383586751712705,-0.10505302137177529
llama,lgbtq rights,C(country)[T.Kenya],-0.3074074074074077,0.025046965902305374,1.2610524051541047e-34,0.02492374714846938,5.948394900947406e-35,-0.35625705417819054,-0.25855776063662483
llama,lgbtq rights,C(country)[T.Mexico],-0.12222222222222011,0.02092917445113136,5.2263086416548295e-09,0.020826213206055315,4.392985116869918e-09,-0.16304085004044097,-0.08140359440399925
llama,lgbtq rights,C(country)[T.Morocco],-0.30740740740740885,0.025031134497886257,1.1457072016519607e-34,0.024907993626773966,5.399207532715977e-35,-0.356226177843039,-0.2585886369717787
llama,lgbtq rights,C(country)[T.Nigeria],-0.6037037037037043,0.03470296984659576,8.79881589370578e-68,0.03453224830229421,1.9539630078872134e-68,-0.6713856666813953,-0.5360217407260133
llama,lgbtq rights,C(country)[T.Pakistan],-0.5407407407407422,0.032995245882925926,2.31289390089722e-60,0.03283292550064625,6.0805032025433436e-61,-0.6050920922290955,-0.47638938925238883
llama,lgbtq rights,C(country)[T.Poland],-0.13333333333333505,0.020750522371582848,1.3140129721671837e-10,0.020648440006875,1.065819613513262e-10,-0.17380353208374605,-0.09286313458292406
llama,lgbtq rights,C(country)[T.South Africa],-0.10740740740740963,0.02176539803493694,8.024197687887108e-07,0.021658322981093586,7.079328283886716e-07,-0.14985694041588923,-0.06495787439893003
llama,lgbtq rights,C(country)[T.South Korea],-0.15555555555555572,0.020497642066463175,3.2251123012960815e-14,0.020396803748486906,2.4127420786231882e-14,-0.19553255630232164,-0.11557855480878981
llama,lgbtq rights,C(country)[T.Turkey],-0.22962962962963201,0.023138722384404623,3.2723315019673375e-23,0.023024891250179518,1.998829121896369e-23,-0.2747575872279353,-0.18450167203132872
llama,lgbtq rights,C(country)[T.USA],-0.04444444444444583,0.023670521041102018,0.06043200684684908,0.02355407371903087,0.05917227649621415,-0.09060958062294774,0.00172069173405609
llama,lgbtq rights,C(profession)[T.administrative assistant],-0.005555555555555314,0.026035009369478293,0.8310244301640657,0.025906929927716347,0.8302017393196333,-0.05633220516388222,0.04522109405277159
llama,lgbtq rights,C(profession)[T.architect],0.08333333333333717,0.026648237920412054,0.0017650317416984592,0.026517141695772715,0.0016744234009166729,0.03136069063667728,0.13530597602999705
llama,lgbtq rights,C(profession)[T.bank teller],-0.044444444444442954,0.028640159854142897,0.12070470087728093,0.028499264353240693,0.11887939833893403,-0.10030197616268091,0.011413087273795003
llama,lgbtq rights,C(profession)[T.business manager],0.027777777777767396,0.030457523554202684,0.3617597941622248,0.03030768751769799,0.35939117787142094,-0.031624198211614815,0.0871797537671496
llama,lgbtq rights,C(profession)[T.cashier],-0.03888888888889119,0.02690361498288815,0.14832048278936982,0.02677126242869881,0.146324955968999,-0.09135959906981116,0.01358182129202877
llama,lgbtq rights,C(profession)[T.chef],0.07777777777777052,0.02649488626424289,0.0033292801035332146,0.026364544454331264,0.0031768141991422028,0.02610422017847603,0.12945133537706502
llama,lgbtq rights,C(profession)[T.civil engineer],0.005555555555551317,0.028335465805270573,0.8445603276487559,0.02819606924923649,0.8438017291289523,-0.049707724678549524,0.06081883578965216
llama,lgbtq rights,C(profession)[T.computer programmer],0.06666666666666417,0.0260204512446123,0.010404517326248848,0.025892443421664472,0.010031146601731456,0.01591841008846076,0.11741492324486758
llama,lgbtq rights,C(profession)[T.construction worker],-0.06111111111111445,0.02992519163783798,0.041138705660406255,0.029777974412554357,0.04014777623289756,-0.11947486849227626,-0.002747353729952634
llama,lgbtq rights,C(profession)[T.doctor],0.1722222222222198,0.030160173216707574,1.1280829072454203e-08,0.030011799997622792,9.55280094967979e-09,0.11340017511565986,0.23104426932877975
llama,lgbtq rights,C(profession)[T.electrician],-0.02777777777777435,0.029128966069392147,0.34027927633992405,0.028985665882311586,0.33789734433937946,-0.08458863897501646,0.029033083419467767
llama,lgbtq rights,C(profession)[T.elementary school teacher],0.07222222222221848,0.026985611543648636,0.007443479367505527,0.0268528556067072,0.007154743445984276,0.019591592351017907,0.12485285209341906
llama,lgbtq rights,C(profession)[T.farmer],-0.1388888888888853,0.03191277870541349,1.3481496792657293e-05,0.03175578352927659,1.2218258358277078e-05,-0.20112908090711765,-0.07664869687065293
llama,lgbtq rights,C(profession)[T.flight attendant],0.13888888888887907,0.028164606076142674,8.167278456366145e-07,0.028026050065945128,7.206779751996756e-07,0.08395884013071021,0.19381893764704794
llama,lgbtq rights,C(profession)[T.hairdresser],0.027777777777775237,0.02513547872836848,0.26910660393330743,0.02501182453496035,0.26674666714408013,-0.021244497498382336,0.07680005305393281
llama,lgbtq rights,C(profession)[T.janitor],-0.08333333333334118,0.02835808709633614,0.003296885798123443,0.028218579254675625,0.003145622222093503,-0.13864073236739452,-0.02802593429928784
llama,lgbtq rights,C(profession)[T.journalist],0.13888888888888662,0.02901165619560021,1.689998005254391e-06,0.02886893311540444,1.5016526049743096e-06,0.08230681971059822,0.19547095806717502
llama,lgbtq rights,C(profession)[T.lawyer],0.14444444444444718,0.033111936087968974,1.2869785726743512e-05,0.032949041647270486,1.1658726369589806e-05,0.07986550949068673,0.20902337939820764
llama,lgbtq rights,C(profession)[T.mechanic],-0.03888888888889186,0.028170814739165786,0.16744280757579555,0.028032228185399785,0.16535270909527433,-0.09383104653868403,0.01605326876090031
llama,lgbtq rights,C(profession)[T.paramedic],0.144444444444439,0.029076686292768453,6.774938641085347e-07,0.02893364329647718,5.967498301583913e-07,0.08773554564181495,0.20115334324706302
llama,lgbtq rights,C(profession)[T.pharmacist],0.08333333333333015,0.026696320851127227,0.0017991467341934193,0.02656498808211619,0.0017070879448001243,0.031266913442646656,0.13539975322401365
llama,lgbtq rights,C(profession)[T.plumber],-0.02222222222222762,0.027088888012780404,0.4120197042601924,0.02695562400640347,0.4097121928241655,-0.0750542744555817,0.030609830011126455
llama,lgbtq rights,C(profession)[T.police officer],-0.02222222222221859,0.031599240605266324,0.48189885493981943,0.03144378788238051,0.47973519166723155,-0.08385091400920136,0.03940646956476418
llama,lgbtq rights,C(profession)[T.real estate agent],0.033333333333335734,0.027449737944299883,0.2246176589455554,0.02731469873373018,0.22233443244908846,-0.020202492433337237,0.0868691591000087
llama,lgbtq rights,C(profession)[T.registered nurse],0.11111111111111738,0.027832936846875912,6.549824733588145e-05,0.02769601248616743,6.0255252095262896e-05,0.056827924122857566,0.1653942980993772
llama,lgbtq rights,C(profession)[T.social worker],0.19999999999999712,0.030766781266854892,8.004417751847286e-11,0.03061542383450039,6.461389160590318e-11,0.13999487191294718,0.26000512808704707
llama,lgbtq rights,C(profession)[T.truck driver],-0.08333333333334059,0.029793019395925113,0.005156743478792245,0.0296464523930677,0.004940251483116145,-0.14143931229313458,-0.025227354373546597
llama,lgbtq rights,C(profession)[T.veterinarian],0.1111111111111081,0.027757014319806633,6.254637178113674e-05,0.02762046346059175,5.751465742209692e-05,0.05697599749204372,0.16524622473017248
llama,lgbtq rights,C(profession)[T.waiter],0.02777777777777568,0.026007678182595296,0.28549315252126684,0.02587973319683079,0.28311816199174733,-0.022945567217518302,0.07850112277306967
llama,lgbtq rights,C(age)[T.45],-0.060555555555555036,0.008878323450088548,9.06566004040471e-12,0.008834646465181657,7.164903383339729e-12,-0.07787114444345518,-0.043239966667654894
llama,lgbtq rights,C(age)[T.65],-0.09611111111111066,0.009080434059917562,3.519605998712867e-26,0.009035762790210743,2.010283021632791e-26,-0.11382088075277086,-0.07840134146945046
llama,religion and secularism,Intercept,2.8787037037037004,0.03450155070626465,0.0,0.03433182004507712,0.0,2.811414572891639,2.9459928345157618
llama,religion and secularism,C(gender)[T.male],0.13777777777778216,0.011660875571365954,3.2504200522917655e-32,0.011603509798515389,1.6193729529657623e-32,0.11503531647843437,0.16052023907712995
llama,religion and secularism,C(gender)[T.neutral],-0.7538888888888889,0.014089688155161961,0.0,0.014020373818918522,0.0,-0.7813683166237575,-0.7264094611540204
llama,religion and secularism,C(country)[T.Brazil],0.24814814814814515,0.02998962308872385,1.290314435609725e-16,0.029842088892389925,9.14629048175944e-17,0.18965872869561812,0.3066375676006722
llama,religion and secularism,C(country)[T.Canada],-0.08888888888889467,0.02395603255991263,0.00020684927077086398,0.023838180661587695,0.00019235916062475218,-0.13561086444256576,-0.042166913335223585
llama,religion and secularism,C(country)[T.China],0.2518518518518508,0.031223162078622153,7.252792568331272e-16,0.031069559477127175,5.22857137053789e-16,0.19095663426115644,0.3127470694425452
llama,religion and secularism,C(country)[T.Egypt],0.6111111111111167,0.040367330062629735,8.989979191429189e-52,0.04016874265186668,2.8730777555177142e-52,0.5323818222092,0.6898404000130334
llama,religion and secularism,C(country)[T.France],-0.05555555555555935,0.026909199918137918,0.038965011066978035,0.026776819888814463,0.03800850394566575,-0.10803715815815151,-0.003073952952967182
llama,religion and secularism,C(country)[T.Germany],0.0037037037037031682,0.025322587277443635,0.8837154530227447,0.025198012601996198,0.8831446800151624,-0.045683493478195794,0.05309090088560213
llama,religion and secularism,C(country)[T.India],0.5555555555555752,0.03429791293141658,5.214430379117249e-59,0.03412918406792747,1.4136850462755153e-59,0.4886635839606992,0.6224475271504513
llama,religion and secularism,C(country)[T.Italy],0.27037037037037714,0.029841266183889277,1.3011039073870873e-19,0.02969446183056434,8.620502661293019e-20,0.21217029464217171,0.32857044609858255
llama,religion and secularism,C(country)[T.Japan],0.2555555555555547,0.03136911319877786,3.7391103433031745e-16,0.03121479258955231,2.6781470721197406e-16,0.1943756862951444,0.316735424815965
llama,religion and secularism,C(country)[T.Kenya],0.5185185185185153,0.031857239733617704,1.4535923304227813e-59,0.031700517781907266,3.891437042624581e-60,0.45638664537470547,0.5806503916623251
llama,religion and secularism,C(country)[T.Mexico],0.18148148148148147,0.02896415196192177,3.710889473626801e-10,0.02882166257919236,3.040408342720628e-10,0.12499206085169864,0.2379709021112643
llama,religion and secularism,C(country)[T.Morocco],0.722222222222219,0.03298937187197769,3.057616114244537e-106,0.03282708038694286,2.8290757982241086e-107,0.6578823269462097,0.7865621174982282
llama,religion and secularism,C(country)[T.Nigeria],0.7962962962962961,0.027143970390066132,3.6021258785270825e-189,0.027010435405482994,5.035861069648925e-191,0.7433568156948038,0.8492357768977883
llama,religion and secularism,C(country)[T.Pakistan],0.6370370370370402,0.03844721752872938,1.1649450858684621e-61,0.03825807612729836,2.973523470744945e-62,0.5620525857097438,0.7120214883643365
llama,religion and secularism,C(country)[T.Poland],-0.07407407407407275,0.0267321324540932,0.005588869616961729,0.026600623509608123,0.005358150551420441,-0.12621033811921412,-0.02193781002893138
llama,religion and secularism,C(country)[T.South Africa],0.10000000000000146,0.028150896179976747,0.00038190129420203304,0.028012407615725574,0.0003571902396135859,0.04509668995292381,0.1549033100470791
llama,religion and secularism,C(country)[T.South Korea],0.16296296296296212,0.02934282715190405,2.7959238724858065e-08,0.029198474873477123,2.3884431580525014e-08,0.10573500380744924,0.220190922118475
llama,religion and secularism,C(country)[T.Turkey],0.2629629629629643,0.039172477459342187,1.907258003428464e-11,0.03897976813574436,1.5183039621844124e-11,0.18656402129118332,0.33936190463474525
llama,religion and secularism,C(country)[T.USA],0.04814814814814853,0.027478557743434596,0.07973805203519312,0.027343376753626972,0.07826030753360824,-0.005443885504670079,0.10174018180096714
llama,religion and secularism,C(profession)[T.administrative assistant],0.03888888888889408,0.04005234881283166,0.3315724216948337,0.039855310954906936,0.32918750696207166,-0.039226085175368186,0.11700386295315635
llama,religion and secularism,C(profession)[T.architect],-0.14444444444444182,0.03973907293574577,0.00027817295775140784,0.039543576241063375,0.0002594047215707742,-0.2219484296968398,-0.06694045919204383
llama,religion and secularism,C(profession)[T.bank teller],0.11111111111111405,0.04132910540487885,0.007178522159614424,0.041125786532444995,0.006897803836338048,0.03050605067163946,0.19171617155058862
llama,religion and secularism,C(profession)[T.business manager],0.0499999999999933,0.04063954357863561,0.21857401187593117,0.04043961701125239,0.2163057127631579,-0.029260192890654693,0.12926019289064128
llama,religion and secularism,C(profession)[T.cashier],0.06111111111111045,0.04166541025319892,0.14245471815460847,0.04146043692631039,0.14049180606085152,-0.020149852047752465,0.14237207426997336
llama,religion and secularism,C(profession)[T.chef],0.01666666666666293,0.0396106553900272,0.6739287334722031,0.03941579044651168,0.6724102643302607,-0.060586863030677895,0.09392019636400376
llama,religion and secularism,C(profession)[T.civil engineer],-0.07777777777777883,0.03966462964162258,0.04989243807981282,0.03946949917133458,0.04877201704887915,-0.1551365746414281,-0.0004189809141295492
llama,religion and secularism,C(profession)[T.computer programmer],-0.1944444444444449,0.04032027620664649,1.4177157374865434e-06,0.04012192027771362,1.257602793870976e-06,-0.27308196317935085,-0.1158069257095389
llama,religion and secularism,C(profession)[T.construction worker],0.02222222222222059,0.04119234294847026,0.5895594271660526,0.04098969688006071,0.5877209229072093,-0.05811610739991223,0.1025605518443534
llama,religion and secularism,C(profession)[T.doctor],0.044444444444442635,0.04008101112689607,0.2674882734778773,0.03988383226448241,0.26513018322009707,-0.03372643035937947,0.12261531924826474
llama,religion and secularism,C(profession)[T.electrician],-0.13888888888888573,0.04157086286781803,0.0008347262290695012,0.041366354667565684,0.0007864143802553085,-0.21996545420902483,-0.05781232356874663
llama,religion and secularism,C(profession)[T.elementary school teacher],-0.027777777777779154,0.03961256854088878,0.483155452745787,0.03941769418561233,0.48099491926261173,-0.10503503873519321,0.04947948317963491
llama,religion and secularism,C(profession)[T.farmer],0.1833333333333369,0.04180871278807595,1.1595866461772438e-05,0.04160303448319344,1.049429461394022e-05,0.10179288409869981,0.264873782567974
llama,religion and secularism,C(profession)[T.flight attendant],-0.08888888888889519,0.04030364620491794,0.027420424058818206,0.0401053720874147,0.026665242036806203,-0.16749397376680597,-0.010283804010984415
llama,religion and secularism,C(profession)[T.hairdresser],-4.440892098500626e-16,0.04054691724325659,0.9999999999999912,0.04034744635188837,0.9999999999999912,-0.07907954171786363,0.07907954171786274
llama,religion and secularism,C(profession)[T.janitor],-0.055555555555561464,0.0401548276681801,0.16650129479591436,0.03995728566468685,0.1644154554957845,-0.1338703963783263,0.02275928526720336
llama,religion and secularism,C(profession)[T.journalist],-0.43333333333333157,0.04495666822930038,5.476575186694713e-22,0.04473550353184994,3.4390282849617525e-22,-0.5210133090860218,-0.3456533575806413
llama,religion and secularism,C(profession)[T.lawyer],-0.11111111111110887,0.046943253717462406,0.017936618503755313,0.04671231599643742,0.017377315325574055,-0.20266556809858047,-0.019556654123637274
llama,religion and secularism,C(profession)[T.mechanic],-0.12222222222222268,0.0399860705265691,0.002238478719588185,0.03978935872521573,0.0021282114257954385,-0.20020793229159006,-0.04423651215285529
llama,religion and secularism,C(profession)[T.paramedic],-0.26666666666666916,0.041970975297580926,2.103373194975749e-10,0.04176449874095454,1.7138829227559666e-10,-0.34852358003130846,-0.18480975330202984
llama,religion and secularism,C(profession)[T.pharmacist],0.055555555555552694,0.03953036691236514,0.15990554021121084,0.039335896948673156,0.1578506605870652,-0.021541385763425694,0.13265249687453107
llama,religion and secularism,C(profession)[T.plumber],-0.02777777777778159,0.040487208418478984,0.49265777446070624,0.04028803126516324,0.49052147383208755,-0.10674086806552521,0.05118531250996203
llama,religion and secularism,C(profession)[T.police officer],-0.016666666666663943,0.04389803913453775,0.7041921145748795,0.043682082371586974,0.7027991151746571,-0.1022819748846864,0.06894864155135852
llama,religion and secularism,C(profession)[T.real estate agent],0.03888888888889094,0.040294677617273886,0.33448856815087735,0.04009644762081098,0.33210449168914735,-0.039698704355895315,0.1174764821336772
llama,religion and secularism,C(profession)[T.registered nurse],4.884981308350689e-15,0.03949717269495893,0.9999999999999013,0.03930286603049124,0.9999999999999009,-0.07703220190896067,0.07703220190897044
llama,religion and secularism,C(profession)[T.social worker],-0.44444444444444586,0.04415636302556939,7.86941979547871e-24,0.04393913543612153,4.74007162103191e-24,-0.5305635674110717,-0.35832532147782004
llama,religion and secularism,C(profession)[T.truck driver],0.09444444444444033,0.04129171029853303,0.02218126326031154,0.04108857539163108,0.021530091254671705,0.013912316500784672,0.174976572388096
llama,religion and secularism,C(profession)[T.veterinarian],-0.016666666666668706,0.03989470329900167,0.6761179176921892,0.039698440979472505,0.6746083557149104,-0.0944741812288238,0.06114084789548639
llama,religion and secularism,C(profession)[T.waiter],0.005555555555554648,0.04013522431309883,0.8899077470322959,0.0399377787484715,0.889366962681407,-0.07272105241397865,0.08383216352508795
llama,religion and secularism,C(age)[T.45],0.07388888888889024,0.013196310322256056,2.1533306598570136e-08,0.013131390965576565,1.8348794549426196e-08,0.048151835529445526,0.09962594224833496
llama,religion and secularism,C(age)[T.65],0.2283333333333351,0.013344803780314081,1.2439938584114154e-65,0.01327915390885184,2.9010474177377245e-66,0.20230666992682123,0.254359996739849
llama,trust in government,Intercept,3.2190740740740704,0.031177647098893767,0.0,0.031024268408714847,0.0,3.1582676253462854,3.2798805228018555
llama,trust in government,C(gender)[T.male],0.12388888888889119,0.011467952567800473,3.329486155714153e-27,0.011411535881245525,1.8581225540935596e-27,0.10152268955336341,0.14625508822441896
llama,trust in government,C(gender)[T.neutral],-0.35777777777777664,0.011454669936891426,3.655992954293269e-214,0.011398318594347982,2.8910149277686527e-216,-0.3801180717070119,-0.3354374838485414
llama,trust in government,C(country)[T.Brazil],0.1444444444444424,0.028522156697600484,4.0992737927638414e-07,0.028381841714192352,3.5933843902919187e-07,0.08881705686970884,0.20007183201917597
llama,trust in government,C(country)[T.Canada],0.31481481481481866,0.031394830399024645,1.152841945917446e-23,0.031240383273822524,6.970117816117797e-24,0.253584788734899,0.37604484089473833
llama,trust in government,C(country)[T.China],-0.4259259259259186,0.029344460593265297,9.779020672423626e-48,0.029200100279109468,3.425441659182134e-48,-0.48315707081793113,-0.36869478103390607
llama,trust in government,C(country)[T.Egypt],-0.751851851851848,0.030187971739052168,6.457933205574706e-137,0.030039461764908217,2.970637879669084e-138,-0.8107281150260361,-0.6929755886776598
llama,trust in government,C(country)[T.France],0.35925925925926483,0.02922271871870987,9.77569070984554e-35,0.029078957314703766,4.5996523700071693e-35,0.3022655502144679,0.4162529683040618
llama,trust in government,C(country)[T.Germany],0.40740740740740633,0.029441509241474612,1.5062973793351953e-43,0.029296671495699415,5.802810089197607e-44,0.3499869864089343,0.4648278284058784
llama,trust in government,C(country)[T.India],0.02222222222222802,0.027648456302424414,0.42154606238602577,0.027512439495264926,0.41925441215109505,-0.03170116831532858,0.07614561275978463
llama,trust in government,C(country)[T.Italy],0.4333333333333446,0.029619174460796358,1.8035606104894633e-48,0.029473462689520943,6.213099820710796e-49,0.37556640796219853,0.4911002587044907
llama,trust in government,C(country)[T.Japan],0.08888888888888773,0.027765996951338703,0.0013678160391012346,0.027629401901993537,0.0012945523322493286,0.03473625624659793,0.14304152153117752
llama,trust in government,C(country)[T.Kenya],-0.059259259259260795,0.027042748634391562,0.0284287953142269,0.026909711611063456,0.02765461530241743,-0.11200132485130448,-0.0065171936672171055
llama,trust in government,C(country)[T.Mexico],-0.2370370370370333,0.029421966615055164,7.853262547325531e-16,0.029277225009390482,5.665854368242975e-16,-0.294419343622714,-0.1796547304513526
llama,trust in government,C(country)[T.Morocco],-0.18148148148148374,0.02647693615842836,7.165085413571697e-12,0.02634668265420848,5.649878936107271e-12,-0.23312003059583852,-0.12984293236712896
llama,trust in government,C(country)[T.Nigeria],-0.20370370370370308,0.027320692083626537,8.917330544951913e-14,0.027186287715224248,6.737638032354893e-14,-0.25698784849888634,-0.15041955890851985
llama,trust in government,C(country)[T.Pakistan],-0.3111111111111099,0.027869100740158585,6.166000093263767e-29,0.027731998470880186,3.308765747373733e-29,-0.3654648293333549,-0.2567573928888649
llama,trust in government,C(country)[T.Poland],-0.07407407407407371,0.026996242486838667,0.0060720303246957485,0.02686343425088431,0.005825745597319608,-0.12672543770686667,-0.02142271044128074
llama,trust in government,C(country)[T.South Africa],-0.1592592592592591,0.02743708730287178,6.4548728405813854e-09,0.0273021103272354,5.436729031263911e-09,-0.21277041220257956,-0.10574810631593864
llama,trust in government,C(country)[T.South Korea],0.08888888888888803,0.029534028537669853,0.0026149642444294988,0.02938873564245945,0.002489700210434619,0.031288025478498904,0.14648975229927716
llama,trust in government,C(country)[T.Turkey],-0.3037037037037035,0.028418687179967293,1.1740017717567748e-26,0.028278881215698357,6.633544122390109e-27,-0.3591292924095585,-0.24827811499784844
llama,trust in government,C(country)[T.USA],0.26296296296296395,0.0348126713592029,4.232052799138411e-14,0.034641410137411385,3.1744463780890195e-14,0.1950670467199569,0.330858879205971
llama,trust in government,C(profession)[T.administrative assistant],-0.19444444444443976,0.03177886963084921,9.435905703823042e-10,0.031622533221500396,7.801204037169717e-10,-0.2564234706585019,-0.1324654182303776
llama,trust in government,C(profession)[T.architect],-0.11666666666666403,0.031991497005992256,0.0002655239987153948,0.031834114574530684,0.00024750145209645545,-0.1790603847124658,-0.054272948620862266
llama,trust in government,C(profession)[T.bank teller],-0.04999999999999627,0.032802834596933145,0.12744414549834565,0.03264146078354932,0.12557323011140412,-0.1139760875385295,0.013976087538536963
llama,trust in government,C(profession)[T.business manager],-0.04444444444445147,0.032437018132747054,0.1706317691762329,0.03227744395645441,0.16852753468041815,-0.10770707211211214,0.01881818322320921
llama,trust in government,C(profession)[T.cashier],-0.2500000000000018,0.032454086690027695,1.3271068174261592e-14,0.03229442854482767,9.842600673234574e-15,-0.31329591684916624,-0.18670408315083728
llama,trust in government,C(profession)[T.chef],-0.18333333333333623,0.03279501433219777,2.2670292786992583e-08,0.032633678990670295,1.9327215395297383e-08,-0.24729416883809144,-0.11937249782858103
llama,trust in government,C(profession)[T.civil engineer],-0.005555555555556646,0.03245785852817008,0.8640962995367396,0.03229818182738131,0.8634309987769043,-0.06885882870335008,0.05774771759223679
llama,trust in government,C(profession)[T.computer programmer],-0.33333333333333287,0.0336200817363557,3.5930125758987844e-23,0.03345468746897823,2.196724838393581e-23,-0.3989033158865737,-0.26776335078009206
llama,trust in government,C(profession)[T.construction worker],-0.26666666666666705,0.03526074051647783,3.9476466163370195e-14,0.03508727501479822,2.9591061905641944e-14,-0.33543646201132366,-0.19789687132201045
llama,trust in government,C(profession)[T.doctor],0.07777777777777649,0.03451011368462904,0.02421078903094012,0.034340340897794856,0.02351820965171638,0.010471946401270707,0.14508360915428226
llama,trust in government,C(profession)[T.electrician],-0.2055555555555506,0.03354439753816134,8.906583922323035e-10,0.03337937559981642,7.359470614791891e-10,-0.27097792955762584,-0.14013318155347537
llama,trust in government,C(profession)[T.elementary school teacher],-0.05000000000000081,0.03292345705106807,0.12884456056668273,0.03276148983453347,0.12696451514604823,-0.1142113401555615,0.014211340155559887
llama,trust in government,C(profession)[T.farmer],-0.2611111111111051,0.03291141469966824,2.126168101530341e-15,0.032749506725579754,1.5489520304472172e-15,-0.32529896480469367,-0.19692325741751648
llama,trust in government,C(profession)[T.flight attendant],-0.15555555555556155,0.03302475717088594,2.4738764036448574e-06,0.03286229160758252,2.206181395145982e-06,-0.21996446355587618,-0.09114664755524694
llama,trust in government,C(profession)[T.hairdresser],-0.283333333333333,0.03241256750126714,2.3010625437728164e-18,0.03225311361005595,1.5680807478070094e-18,-0.3465482743983213,-0.22011839226834468
llama,trust in government,C(profession)[T.janitor],-0.7000000000000046,0.03485685444097242,1.0575410940085221e-89,0.034685375860148034,1.4260212301711054e-90,-0.7679820874761297,-0.6320179125238795
llama,trust in government,C(profession)[T.journalist],-0.8388888888888886,0.04008576194929702,3.0179694843521784e-97,0.03988855971517196,3.4271786576934346e-98,-0.9170690293258009,-0.7607087484519762
llama,trust in government,C(profession)[T.lawyer],-0.166666666666664,0.03953533135372782,2.4907242575954167e-05,0.03934083696742484,2.270511943024451e-05,-0.24377329024447864,-0.08956004308884935
llama,trust in government,C(profession)[T.mechanic],-0.3666666666666676,0.033065683963545686,1.4180253990852839e-28,0.032903017060550634,7.671912797875099e-29,-0.4311553950880538,-0.3021779382452814
llama,trust in government,C(profession)[T.paramedic],-0.39444444444444643,0.03761288722267929,9.917897177044205e-26,0.037427850316019314,5.722739522665562e-26,-0.4678016830826004,-0.32108720580629246
llama,trust in government,C(profession)[T.pharmacist],0.08888888888888768,0.03347463784253142,0.007921206179263575,0.03330995908758027,0.007618217874379341,0.02360256875072768,0.15417520902704768
llama,trust in government,C(profession)[T.plumber],-0.12777777777778082,0.03293195488312382,0.00010443308748618554,0.032769945861434925,9.649638032039464e-05,-0.1920056914415207,-0.06354986411404097
llama,trust in government,C(profession)[T.police officer],-0.016666666666663055,0.040415681785229675,0.6800600530545347,0.040216856507770564,0.6785665990646556,-0.09549025699330865,0.062156923659982544
llama,trust in government,C(profession)[T.real estate agent],-0.005555555555551888,0.032262403048122106,0.8632810349705197,0.032103687892167665,0.8626118233524858,-0.06847762759511511,0.05736651648401134
llama,trust in government,C(profession)[T.registered nurse],-0.04444444444443896,0.03256060721542451,0.1722606218462639,0.03240042504162746,0.1701493375887061,-0.10794811060981846,0.019059221720940545
llama,trust in government,C(profession)[T.social worker],-0.7833333333333344,0.04292701122136128,2.1451117419439274e-74,0.04271583143817872,4.098234486372382e-75,-0.8670548245218486,-0.6996118421448203
llama,trust in government,C(profession)[T.truck driver],-0.26111111111111485,0.032624995846228896,1.2102336496683e-15,0.03246449691203526,8.768379364571335e-16,-0.3247403558349158,-0.19748186638731394
llama,trust in government,C(profession)[T.veterinarian],-0.0333333333333345,0.03235226102348436,0.3028576122981548,0.03219310381048441,0.30047353759725315,-0.0964306573524431,0.029763990685774115
llama,trust in government,C(profession)[T.waiter],-0.349999999999999,0.03244097165031437,3.887232304544543e-27,0.0322813780246593,2.172695510096838e-27,-0.413270338299654,-0.286729661700344
llama,trust in government,C(age)[T.45],0.03111111111111215,0.011090182095965646,0.005027225312840895,0.011035623854339992,0.004815057422133519,0.009481685809674671,0.05274053641254963
llama,trust in government,C(age)[T.65],0.30000000000000104,0.011478411693077792,1.4210887481079637e-150,0.011421943552770356,4.788609763639555e-152,0.2776134020031217,0.3223865979968804
gemma,climate change,Intercept,4.014259259259261,0.013956674223805933,0.0,0.013888014250689999,0.0,3.98703925151113,4.041479267007393
gemma,climate change,C(gender)[T.male],-0.11833333333333346,0.0072668054564690564,1.2801374315551615e-59,0.007231056347526579,3.422780106067346e-60,-0.1325059433446653,-0.10416072332200162
gemma,climate change,C(gender)[T.neutral],-0.023333333333332013,0.00637182956484999,0.00025030087013130995,0.006340483297134281,0.0002331827781832405,-0.03576045224029298,-0.010906214426371049
gemma,climate change,C(country)[T.Brazil],0.0111111111111035,0.012090334538842628,0.35809151985823584,0.012030856039086046,0.3557200496942694,-0.01246893342869136,0.03469115565089836
gemma,climate change,C(country)[T.Canada],0.014814814814806534,0.013635444212066387,0.2772609321029891,0.01356836453262167,0.27489268746817386,-0.011778690998242584,0.041408320627855655
gemma,climate change,C(country)[T.China],-0.007407407407404818,0.011396018797431146,0.5156924943027767,0.011339955989649389,0.5136189286817672,-0.029633312733386888,0.01481849791857725
gemma,climate change,C(country)[T.Egypt],0.0037037037037055786,0.011882178708968502,0.7552666985334033,0.011823724233521288,0.7540957399199884,-0.019470369957129603,0.02687777736454076
gemma,climate change,C(country)[T.France],-0.0185185185185263,0.012285480422881245,0.13172097599141422,0.012225041901350674,0.12982254149218572,-0.04247916035466669,0.0054421233176140844
gemma,climate change,C(country)[T.Germany],-0.037037037037043766,0.015210314876797967,0.014892005317928227,0.015135487608222878,0.014403766654182039,-0.0667020476376129,-0.007372026436474641
gemma,climate change,C(country)[T.India],0.04814814814815383,0.015340913293074047,0.0016978880837139486,0.015265443544521381,0.0016101513648256569,0.01822842859286246,0.0780678677034452
gemma,climate change,C(country)[T.Italy],-0.07037037037037149,0.01672421417231084,2.5799025145627562e-05,0.016641939263756518,2.3525890174235328e-05,-0.10298797196023729,-0.03775276878050569
gemma,climate change,C(country)[T.Japan],-0.007407407407413788,0.011817899071595526,0.5307932132215274,0.011759760820350702,0.5287636813911194,-0.030456115082106362,0.015641300267278786
gemma,climate change,C(country)[T.Kenya],0.22962962962962752,0.024207167932641206,2.4002871829227596e-21,0.02408808057179278,1.5292728421851349e-21,0.18241785925221468,0.2768414000070404
gemma,climate change,C(country)[T.Mexico],0.02222222222222298,0.012371852146824616,0.07246398184267579,0.012310988718890463,0.0710634007758819,-0.0019068722808812284,0.04635131672532719
gemma,climate change,C(country)[T.Morocco],0.014814814814812508,0.012164040880942233,0.22325480803637576,0.012104199782232134,0.22097484601054962,-0.00890898082004004,0.038538610449665056
gemma,climate change,C(country)[T.Nigeria],0.07037037037036876,0.016402611875214832,1.7851792248886258e-05,0.0163219190917936,1.6222196160638397e-05,0.0383799967918766,0.10236074394886094
gemma,climate change,C(country)[T.Pakistan],0.02222222222222177,0.012709025529755575,0.08037080070701828,0.012646503374603418,0.07888660196497892,-0.0025644689223651845,0.04700891336680872
gemma,climate change,C(country)[T.Poland],-0.10000000000000062,0.018374321206581664,5.25739900711386e-08,0.018283928582960778,4.5185694938737175e-08,-0.1358358415185062,-0.06416415848149502
gemma,climate change,C(country)[T.South Africa],0.11481481481481447,0.020057014505926802,1.0378648557729127e-08,0.01995834385884212,8.781754568665611e-09,0.07569717966041775,0.15393244996921118
gemma,climate change,C(country)[T.South Korea],-0.011111111111112414,0.011767807828595937,0.34506975807648155,0.01170991600163119,0.34269007407061614,-0.03406212473629882,0.011839902514073991
gemma,climate change,C(country)[T.Turkey],-0.02592592592592802,0.01319000529905432,0.04934788854365658,0.013125116959988926,0.04823512949693877,-0.05165068246038215,-0.0002011693914738856
gemma,climate change,C(country)[T.USA],-0.1814814814814835,0.023237321329774206,5.722701443234189e-15,0.023123005137229834,4.209590673859023e-15,-0.22680173876478862,-0.13616122419817836
gemma,climate change,C(profession)[T.administrative assistant],0.011111111111115068,0.012704524506725894,0.3818029851050784,0.012642024494394265,0.379453963848126,-0.013666801589570877,0.035889023811801014
gemma,climate change,C(profession)[T.architect],0.14444444444444932,0.02369583280062356,1.0890910549578645e-09,0.02357926095714497,9.016643009442803e-10,0.09822994218637374,0.1906589467025249
gemma,climate change,C(profession)[T.bank teller],-0.011111111111110183,0.015166334289946886,0.463792189009545,0.01509172338422947,0.46158543197725477,-0.04069034540884089,0.01846812318662052
gemma,climate change,C(profession)[T.business manager],0.022222222222212047,0.013760500634286089,0.10632621774414527,0.013692805738748806,0.10460816368690486,-0.00461518387303898,0.04905962831746308
gemma,climate change,C(profession)[T.cashier],-0.016666666666669494,0.01582321625591577,0.2922014056209673,0.015745373813988457,0.2898220961640152,-0.04752703226520694,0.014193698931867949
gemma,climate change,C(profession)[T.chef],0.027777777777771257,0.01319077625198251,0.03521750519338738,0.013125884120208424,0.03432273796836924,0.0020515176369165326,0.053504037918625985
gemma,climate change,C(profession)[T.civil engineer],0.24444444444444002,0.029382681446387386,8.845631770292e-17,0.029238133104432327,6.247051682504743e-17,0.1871387565845644,0.3017501323043157
gemma,climate change,C(profession)[T.computer programmer],0.02777777777777586,0.013190776251982535,0.03521750519335736,0.013125884120208533,0.03432273796834094,0.0020515176369209215,0.0535040379186308
gemma,climate change,C(profession)[T.construction worker],-0.01666666666667016,0.02119694199002194,0.4317052596645873,0.02109266346034628,0.4294319049327354,-0.05800752738697286,0.02467419405363254
gemma,climate change,C(profession)[T.doctor],0.08888888888888671,0.019552362238802697,5.4623934478226935e-06,0.019456174232678883,4.9082293228144325e-06,0.05075548811589988,0.12702228966187354
gemma,climate change,C(profession)[T.electrician],-0.005555555555551761,0.015644261363558946,0.7225013479977436,0.015567299291689585,0.721186558501649,-0.03606690150381924,0.02495579039271572
gemma,climate change,C(profession)[T.elementary school teacher],0.05555555555555269,0.016465582102587497,0.0007407322868535375,0.01638457953661757,0.000697087522454988,0.023442369761950285,0.08766874134915509
gemma,climate change,C(profession)[T.farmer],0.6222222222222233,0.03668895763653649,1.6404760547145203e-64,0.03650846600904104,3.924387833782955e-65,0.5506669437136982,0.6937775007307485
gemma,climate change,C(profession)[T.flight attendant],0.01666666666665705,0.012114028176205171,0.16887878866120165,0.012054433115406361,0.16678226962848297,-0.006959588093586381,0.04029292142690048
gemma,climate change,C(profession)[T.hairdresser],0.016666666666664165,0.01211402817620513,0.16887878866101835,0.01205443311540633,0.16678226962830067,-0.006959588093579203,0.04029292142690753
gemma,climate change,C(profession)[T.janitor],-0.06666666666667505,0.020668092748397187,0.0012571599413212168,0.02056641589689567,0.0011888966547632233,-0.1069761011156626,-0.0263572322176875
gemma,climate change,C(profession)[T.journalist],0.12222222222222068,0.022256491875728503,3.98463640946897e-08,0.022147000881714472,3.415545033148572e-08,0.0788148981284835,0.16562954631595786
gemma,climate change,C(profession)[T.lawyer],0.016666666666669282,0.012114028176205187,0.16887878866088946,0.012054433115406429,0.16678226962817388,-0.0069595880935742795,0.04029292142691285
gemma,climate change,C(profession)[T.mechanic],-0.03333333333333499,0.01969080817342178,0.0904864523402002,0.019593939081388855,0.08890424830724875,-0.07173674824812898,0.005070081581458996
gemma,climate change,C(profession)[T.paramedic],0.05555555555555057,0.016213344395823556,0.00061134003603158,0.016133582715317438,0.0005742940549382346,0.02393431449193046,0.08717679661917069
gemma,climate change,C(profession)[T.pharmacist],0.022222222222219035,0.012638277503294519,0.07869191773264457,0.012576103393638577,0.07722493212706812,-0.0024264874951645254,0.046870931939602595
gemma,climate change,C(profession)[T.plumber],-0.01111111111111646,0.01729879682188232,0.5206748900629414,0.017213695249278724,0.5186156066283099,-0.04484933384055098,0.022627111618318065
gemma,climate change,C(profession)[T.police officer],-0.011111111111107297,0.01529646132588525,0.4676031426994751,0.015221210259149088,0.46540513872960354,-0.040944135020151096,0.0187219127979365
gemma,climate change,C(profession)[T.real estate agent],0.011111111111113518,0.013821369772851828,0.42145005183997875,0.013753375431088649,0.41915823542334985,-0.015845009399678273,0.03806723162190531
gemma,climate change,C(profession)[T.registered nurse],0.01666666666667327,0.012114028176205155,0.16887878866078632,0.012054433115406292,0.16678226962806764,-0.006959588093570026,0.04029292142691657
gemma,climate change,C(profession)[T.social worker],0.10555555555555288,0.021187039164437847,6.290393361863659e-07,0.02108280935179359,5.536766089424243e-07,0.0642340085331132,0.14687710257799255
gemma,climate change,C(profession)[T.truck driver],-0.08333333333334014,0.02214094634760362,0.00016737374545870953,0.022032023780761377,0.00015534031261465694,-0.12651530645016243,-0.04015136021651785
gemma,climate change,C(profession)[T.veterinarian],0.04999999999999706,0.01550803231219788,0.0012635352659180982,0.015431740420262165,0.001194981645090805,0.01975434455751222,0.0802456554424819
gemma,climate change,C(profession)[T.waiter],-0.005555555555558422,0.014483305879549551,0.7012872534683634,0.014412055137689677,0.6998819992471197,-0.033802664568635635,0.022691553457518793
gemma,climate change,C(age)[T.45],0.03055555555555642,0.006358325346065387,1.5428963987462792e-06,0.006327045512464519,1.369752906232515e-06,0.018154774222580192,0.04295633688853265
gemma,climate change,C(age)[T.65],0.004444444444445401,0.0067900556099681885,0.512756240369483,0.006756651875799095,0.5106743739097426,-0.008798349888195825,0.017687238777086625
gemma,economic redistribution,Intercept,3.8242592592592626,0.030254979937455146,0.0,0.030106140315934636,0.0,3.7652523085265215,3.8832662099920037
gemma,economic redistribution,C(gender)[T.male],-0.4322222222222261,0.01132272512748889,0.0,0.011267022888515539,0.0,-0.454305181296705,-0.41013926314774724
gemma,economic redistribution,C(gender)[T.neutral],0.09111111111111243,0.008398629656970484,2.0310090509229468e-27,0.008357312529606482,1.1279728462183318e-27,0.0747310795455384,0.10749114267668647
gemma,economic redistribution,C(country)[T.Brazil],-0.07777777777778411,0.023254529960486905,0.0008239267160048806,0.02314012910994314,0.0007761461814364573,-0.12313159743087956,-0.03242395812468866
gemma,economic redistribution,C(country)[T.Canada],-0.18888888888889802,0.026702909716501185,1.5083520372904366e-12,0.026571544533513937,1.1714903316084823e-12,-0.24096815918818748,-0.13680961858960855
gemma,economic redistribution,C(country)[T.China],-0.07407407407407032,0.023342935746587676,0.0015071812329913253,0.023228099983055302,0.0014277303817634512,-0.11960031347015415,-0.028547834677986487
gemma,economic redistribution,C(country)[T.Egypt],-0.15185185185185066,0.023668643802865687,1.4014094859587168e-10,0.02355220571588368,1.1374184627165112e-10,-0.19801332681146105,-0.10569037689224024
gemma,economic redistribution,C(country)[T.France],0.02592592592591882,0.023357914816129723,0.2670241082739554,0.0232430053629429,0.26466655990932075,-0.01962952747792059,0.07148137932975823
gemma,economic redistribution,C(country)[T.Germany],-0.26666666666667216,0.026907336797045395,3.7455611662357704e-23,0.026774965933360647,2.2909260764775615e-23,-0.3191446355833459,-0.2141886977499984
gemma,economic redistribution,C(country)[T.India],-0.04444444444444085,0.0230938736285378,0.05429039727107832,0.0229802631281353,0.053109834539831514,-0.0894849325308398,0.0005960436419580953
gemma,economic redistribution,C(country)[T.Italy],-0.14444444444444587,0.023521063688576177,8.196863814194373e-10,0.023405351623175516,6.76759103269656e-10,-0.19031809067136599,-0.09857079821752576
gemma,economic redistribution,C(country)[T.Japan],-0.4148148148148226,0.026541846259602438,4.6410468914899305e-55,0.02641127342960912,1.3764392173552075e-55,-0.46657995952269615,-0.363049670106949
gemma,economic redistribution,C(country)[T.Kenya],-0.03703703703703763,0.023040409926084693,0.10794874328426976,0.022927062440803312,0.10621786693054618,-0.0819732536923131,0.007899179618237842
gemma,economic redistribution,C(country)[T.Mexico],-0.025925925925925034,0.02301644582313927,0.25999254561101903,0.022903216229458543,0.25764388521671067,-0.07081540486579703,0.018963553013946963
gemma,economic redistribution,C(country)[T.Morocco],-0.051851851851853085,0.023418730994575383,0.026820609796011752,0.023303522355699925,0.026076875265052375,-0.09752591638194893,-0.006177787321757236
gemma,economic redistribution,C(country)[T.Nigeria],0.03333333333333291,0.022940224936681818,0.14620939412759523,0.022827370312276184,0.14422540000002948,-0.011407490340487256,0.07807415700715307
gemma,economic redistribution,C(country)[T.Pakistan],-0.11111111111111054,0.02322409412395069,1.7158139534665604e-06,0.023109843002753993,1.524812225581514e-06,-0.15640557108488334,-0.06581665113733773
gemma,economic redistribution,C(country)[T.Poland],-0.37037037037037035,0.027192191467806704,3.026227393311641e-42,0.02705841925923671,1.2008196679876537e-42,-0.42340389759705926,-0.31733684314368144
gemma,economic redistribution,C(country)[T.South Africa],0.0074074074074078735,0.02298366574662734,0.7472329496946166,0.022870597414801488,0.7460262936157888,-0.03741813983051791,0.05223295464533366
gemma,economic redistribution,C(country)[T.South Korea],-0.24444444444444385,0.025207698442995093,3.0984369377896455e-22,0.025083688964109424,1.9348280220554572e-22,-0.29360757141350313,-0.19528131747538457
gemma,economic redistribution,C(country)[T.Turkey],-0.35925925925926033,0.02504570906832757,1.1592162026051315e-46,0.0249224964974969,4.1608303562441974e-47,-0.4081064547991799,-0.31041206371934077
gemma,economic redistribution,C(country)[T.USA],-0.685185185185188,0.03749569732236289,1.3404219141412929e-74,0.037311236932378034,2.5490024333381646e-75,-0.7583138657912897,-0.6120565045790863
gemma,economic redistribution,C(profession)[T.administrative assistant],0.25555555555555753,0.03429164440991223,9.164709892024189e-14,0.034122946384465135,6.926396910715304e-14,0.1886758095956146,0.3224353015155005
gemma,economic redistribution,C(profession)[T.architect],0.22222222222222796,0.03292235335223935,1.47958569597794e-11,0.032760391565362035,1.1749468784757911e-11,0.1580130346346886,0.28643140980976733
gemma,economic redistribution,C(profession)[T.bank teller],0.21111111111111103,0.03389289411465507,4.701052367648183e-10,0.03372615774454987,3.860502690183833e-10,0.14500905659487667,0.2772131656273454
gemma,economic redistribution,C(profession)[T.business manager],0.0999999999999903,0.03390527560444079,0.0031839827445978796,0.03373847832349542,0.003036931421898791,0.03387379759275398,0.16612620240722664
gemma,economic redistribution,C(profession)[T.cashier],0.33888888888888613,0.031082946469778414,1.1185345163881405e-27,0.030930033660119566,6.17574239839216e-28,0.2782671368744402,0.39951064090333205
gemma,economic redistribution,C(profession)[T.chef],0.38333333333332553,0.03102400135220219,4.5195901854862275e-35,0.030871378523531768,2.1104582236489655e-35,0.3228265432741,0.4438401233925511
gemma,economic redistribution,C(profession)[T.civil engineer],0.07777777777777373,0.03371734701026322,0.021068285377032054,0.03355147424557536,0.020440477683561765,0.012018096628222827,0.1435374589273246
gemma,economic redistribution,C(profession)[T.computer programmer],0.08888888888888626,0.03384814547187115,0.008636738451914348,0.03368162924308054,0.008312863214931372,0.02287410863181731,0.15490366914595521
gemma,economic redistribution,C(profession)[T.construction worker],0.27777777777777657,0.03732486974082495,9.904963121822835e-14,0.03714124973852645,7.491526889959528e-14,0.204982265949457,0.35057328960609613
gemma,economic redistribution,C(profession)[T.doctor],0.17777777777777615,0.03343539144294306,1.0546084782859e-07,0.03327090576097755,9.124913003573584e-08,0.11256800075323395,0.24298755480231835
gemma,economic redistribution,C(profession)[T.electrician],0.26666666666666905,0.033042892347559305,7.011499964734582e-16,0.03288033756810684,5.052951755447666e-16,0.20222238923366032,0.3311109440996778
gemma,economic redistribution,C(profession)[T.elementary school teacher],0.4222222222222185,0.03161293228147813,1.0928535868212012e-40,0.03145741220227912,4.492574306411313e-41,0.3605668272589206,0.4838776171855164
gemma,economic redistribution,C(profession)[T.farmer],0.2111111111111139,0.03468984426773547,1.1600168425183413e-09,0.034519187294826656,9.60970546097571e-10,0.14345474723766105,0.2787674749845668
gemma,economic redistribution,C(profession)[T.flight attendant],0.36111111111110245,0.03227392292546063,4.619026364037804e-29,0.03211515109737643,2.471604698701857e-29,0.29816657160218263,0.42405565062002226
gemma,economic redistribution,C(profession)[T.hairdresser],0.4055555555555532,0.031760110588748315,2.432172644950501e-37,0.03160386646466164,1.0787448485216801e-37,0.3436131155126032,0.46749799559850325
gemma,economic redistribution,C(profession)[T.janitor],0.4055555555555478,0.03269349567415533,2.4619418351651886e-35,0.032532659754498615,1.1427651828947389e-35,0.3417927141154348,0.46931839699566075
gemma,economic redistribution,C(profession)[T.journalist],0.39999999999999925,0.031030389350303646,5.085383225970073e-38,0.030877735095824307,2.22101145715007e-38,0.3394807512880152,0.4605192487119833
gemma,economic redistribution,C(profession)[T.lawyer],0.11666666666666928,0.03351688792520723,0.0004998583177205463,0.03335200132062992,0.0004686891482555473,0.051297945265902326,0.18203538806743624
gemma,economic redistribution,C(profession)[T.mechanic],0.249999999999998,0.03399387764424253,1.9197987947938952e-13,0.03382664448483653,1.4614168234311346e-13,0.18370099509187796,0.316299004908118
gemma,economic redistribution,C(profession)[T.paramedic],0.39444444444443927,0.03260100210230389,1.0670915943833134e-33,0.03244062120553117,5.1404553491292785e-34,0.3308619952454918,0.4580268936433867
gemma,economic redistribution,C(profession)[T.pharmacist],0.12777777777777444,0.033747762290102575,0.00015293211036737124,0.03358173989719649,0.00014181685867604207,0.061958777041077495,0.19359677851447138
gemma,economic redistribution,C(profession)[T.plumber],0.31111111111110656,0.032723081156273724,1.9550512534890425e-21,0.032562099690595654,1.2430997853317955e-21,0.24729056845653624,0.3749316537656769
gemma,economic redistribution,C(profession)[T.police officer],-0.2722222222222197,0.04189819261947981,8.181197275890586e-11,0.04169207411783404,6.605490207705401e-11,-0.35393718593394896,-0.19050725851049044
gemma,economic redistribution,C(profession)[T.real estate agent],-0.211111111111109,0.037717939663895736,2.1796596237387002e-08,0.037532385950892144,1.8575322234526875e-08,-0.28467323582871473,-0.13754898639350327
gemma,economic redistribution,C(profession)[T.registered nurse],0.41666666666667274,0.03132803961648542,2.3109906652190927e-40,0.031173921069084645,9.57056534449109e-41,0.3555669041143725,0.477766429218973
gemma,economic redistribution,C(profession)[T.social worker],0.47222222222222004,0.03283085967152022,6.569980011712984e-47,0.03266934798855373,2.345021657938396e-47,0.4081914767662487,0.5362529676781914
gemma,economic redistribution,C(profession)[T.truck driver],0.13333333333332775,0.03801137825456445,0.0004519617235205667,0.03782438096801146,0.00042338177220982166,0.05919890889850303,0.20746775776815246
gemma,economic redistribution,C(profession)[T.veterinarian],0.1555555555555524,0.03351584435251595,3.463006811506086e-06,0.03335096288180277,3.0982019912830267e-06,0.0901888694574868,0.22092224165361798
gemma,economic redistribution,C(profession)[T.waiter],0.33888888888888746,0.031082946469778373,1.1185345163874436e-27,0.030930033660119573,6.17574239838942e-28,0.2782671368744415,0.39951064090333344
gemma,economic redistribution,C(age)[T.45],-0.018888888888888258,0.010193393925462653,0.0638749073482341,0.010143247440584563,0.06257304991313418,-0.03876928855871208,0.0009915107809355672
gemma,economic redistribution,C(age)[T.65],-0.052222222222221344,0.010459395944147099,5.949396316797514e-07,0.010407940860160112,5.233828467438901e-07,-0.072621411461358,-0.03182303298308469
gemma,gender equality,Intercept,5.036111111111115,0.016371578951345007,0.0,0.0162910388346452,0.0,5.004181261724467,5.068040960497763
gemma,gender equality,C(gender)[T.male],-0.12277777777777792,0.007167693781937507,8.968462743270543e-66,0.00713243225368922,2.0847347897087163e-66,-0.13675708811718063,-0.1087984674383752
gemma,gender equality,C(gender)[T.neutral],0.0011111111111128343,0.002735970175976143,0.6846600965790666,0.0027225105482937564,0.6831855488023052,-0.004224911511073324,0.006447133733298992
gemma,gender equality,C(country)[T.Brazil],0.007407407407398786,0.00899815565154577,0.4103863277705019,0.00895388915114256,0.40807622583069225,-0.010141892850404548,0.02495670766520212
gemma,gender equality,C(country)[T.Canada],-8.900109622651855e-15,0.00978547389228544,0.9999999999992744,0.009737334173350747,0.9999999999992707,-0.019084824285207462,0.019084824285189664
gemma,gender equality,C(country)[T.China],-0.01481481481481169,0.012128322543068408,0.22189461823442835,0.012068657161013093,0.21961797298876495,-0.038468948192158764,0.008839318562535389
gemma,gender equality,C(country)[T.Egypt],-0.11851851851851573,0.018999961937231014,4.43684531453752e-10,0.01890649146891255,3.6414954490638287e-10,-0.1555745608715981,-0.08146247616543335
gemma,gender equality,C(country)[T.France],0.007407407407399844,0.00899815565154594,0.4103863277704438,0.00895388915114292,0.40807622583064407,-0.010141892850404198,0.024956707665203887
gemma,gender equality,C(country)[T.Germany],-0.02222222222223043,0.012176505311402156,0.06799978967647008,0.012116602893823615,0.06664943059084684,-0.045970327509098505,0.0015258830646376516
gemma,gender equality,C(country)[T.India],6.944098074335159e-15,0.009639020824640944,0.9999999999994252,0.0095916015827717,0.9999999999994224,-0.018799193656282964,0.018799193656296856
gemma,gender equality,C(country)[T.Italy],-0.007407407407405083,0.010634060723582117,0.4860695970534421,0.01058174637478291,0.48391638952412763,-0.02814724919551687,0.013332434380706703
gemma,gender equality,C(country)[T.Japan],-6.0108168442596366e-15,0.009785473892285342,0.99999999999951,0.009737334173350366,0.9999999999995075,-0.019084824285203826,0.019084824285191808
gemma,gender equality,C(country)[T.Kenya],0.011111111111109845,0.008730128688195673,0.20311328166957698,0.008687180748633198,0.20088866772091607,-0.005915450283400929,0.028137672505620617
gemma,gender equality,C(country)[T.Mexico],0.003703703703706311,0.009394547213969744,0.6934040598970035,0.009348330662029612,0.6919657691077216,-0.014618687709443207,0.02202609511685583
gemma,gender equality,C(country)[T.Morocco],-0.06296296296296665,0.015272963366294152,3.7476433779645286e-05,0.015197827897961229,3.4295314401734115e-05,-0.09275015828620874,-0.03317576763972456
gemma,gender equality,C(country)[T.Nigeria],-0.011111111111112756,0.010864960061947572,0.3064707608385967,0.010811509801962382,0.30408563694353674,-0.0323012809414608,0.010079058719235286
gemma,gender equality,C(country)[T.Pakistan],-0.14444444444444368,0.021482997548323796,1.7721154141205762e-11,0.02137731176598592,1.409714784351078e-11,-0.1863432055920604,-0.10254568329682694
gemma,gender equality,C(country)[T.Poland],-0.044444444444445605,0.013944610279581911,0.0014365089784162937,0.013876009655135496,0.0013601808828222301,-0.07164092361764124,-0.017247965271249978
gemma,gender equality,C(country)[T.South Africa],-0.0037037037037039116,0.01027042504837184,0.718384772071714,0.01021989960825388,0.7170522559188326,-0.023734338861496524,0.016326931454088704
gemma,gender equality,C(country)[T.South Korea],-0.04074074074074128,0.013789160444960542,0.0031312712071098372,0.013721324557248322,0.002986198324160098,-0.067634042693133,-0.013847438788349563
gemma,gender equality,C(country)[T.Turkey],-0.08518518518518683,0.017566446501383844,1.238902341262467e-06,0.017480028223989395,1.097568839079038e-06,-0.1194454109529497,-0.050924959417423976
gemma,gender equality,C(country)[T.USA],-0.09629629629629795,0.01778106054924617,6.106077550134183e-08,0.01769358647628602,5.2555439743922e-08,-0.1309750885471635,-0.06161750404543239
gemma,gender equality,C(profession)[T.administrative assistant],0.05000000000000515,0.016678761615262116,0.002719142189615223,0.016596710310932978,0.0025898149113346277,0.01747104552873195,0.08252895447127835
gemma,gender equality,C(profession)[T.architect],0.05000000000000478,0.016587639055527934,0.002575791354049171,0.016506036029377513,0.002452064449824052,0.017648763854904333,0.08235123614510523
gemma,gender equality,C(profession)[T.bank teller],0.0388888888888923,0.017786298038443393,0.028782544679640722,0.017698798199612016,0.02800177152013998,0.0041998818480104005,0.0735778959297742
gemma,gender equality,C(profession)[T.business manager],0.005555555555543134,0.020705862502298247,0.7884619886314596,0.020603999842182242,0.7874412183773126,-0.03482754207260302,0.04593865318368929
gemma,gender equality,C(profession)[T.cashier],0.005555555555552871,0.020846155585603897,0.7898521243307453,0.020743602752515834,0.7888377316765157,-0.0351011587489841,0.04621226986008984
gemma,gender equality,C(profession)[T.chef],0.05555555555554703,0.016069256842233457,0.0005457035388984618,0.015990204001625607,0.0005120937506676205,0.02421533160691259,0.08689577950418148
gemma,gender equality,C(profession)[T.civil engineer],0.03333333333332966,0.0182690768148645,0.06806492020658739,0.018179201941889656,0.06671381181692623,-0.002297247740454672,0.068963914407114
gemma,gender equality,C(profession)[T.computer programmer],0.05555555555555282,0.016069256842233492,0.000545703538897747,0.015990204001625676,0.000512093750666958,0.024215331606918244,0.08689577950418739
gemma,gender equality,C(profession)[T.construction worker],-0.10555555555555607,0.028266118449007876,0.00018820125009952029,0.028127063047860036,0.0001748625933331147,-0.16068358612024913,-0.050427524990863
gemma,gender equality,C(profession)[T.doctor],0.055555555555552714,0.016069256842233582,0.0005457035388977989,0.015990204001625825,0.000512093750667033,0.024215331606917842,0.08689577950418759
gemma,gender equality,C(profession)[T.electrician],-0.011111111111106187,0.02205099094319387,0.61434386381167,0.021942510912699,0.6125943122628414,-0.05411764223037334,0.031895420008160966
gemma,gender equality,C(profession)[T.elementary school teacher],0.05555555555555169,0.016069256842233492,0.0005457035388978895,0.015990204001625645,0.00051209375066708,0.02421533160691717,0.0868957795041862
gemma,gender equality,C(profession)[T.farmer],-0.19999999999999574,0.0357331916335137,2.1804603473414514e-08,0.03555740190469521,1.8582211870179226e-08,-0.26969122711701426,-0.1303087728829772
gemma,gender equality,C(profession)[T.flight attendant],0.05555555555554376,0.01606925684223354,0.0005457035388989094,0.015990204001625742,0.0005120937506680664,0.024215331606909057,0.08689577950417847
gemma,gender equality,C(profession)[T.hairdresser],0.05555555555555136,0.0160692568422335,0.0005457035388979339,0.01599020400162565,0.0005120937506671193,0.024215331606916836,0.0868957795041859
gemma,gender equality,C(profession)[T.janitor],-0.005555555555565249,0.02181337034441073,0.7989657889174865,0.021706059290397286,0.7979933702502653,-0.04809865001103497,0.03698753889990447
gemma,gender equality,C(profession)[T.journalist],0.05555555555555536,0.0160692568422335,0.0005457035388974302,0.015990204001625666,0.0005120937506666509,0.024215331606920798,0.08689577950418992
gemma,gender equality,C(profession)[T.lawyer],0.05000000000000321,0.016587639055527875,0.002575791354049881,0.016506036029377377,0.0024520644498246228,0.017648763854903028,0.0823512361451034
gemma,gender equality,C(profession)[T.mechanic],-0.05000000000000293,0.024955403663203923,0.045115704455059726,0.024832635350552305,0.044064218830623975,-0.09867107092830163,-0.0013289290717042324
gemma,gender equality,C(profession)[T.paramedic],0.05555555555554965,0.01606925684223351,0.0005457035388981546,0.015990204001625707,0.0005120937506673498,0.02421533160691501,0.08689577950418428
gemma,gender equality,C(profession)[T.pharmacist],0.04999999999999627,0.016678761615261977,0.0027191421896197517,0.01659671031093273,0.0025898149113388145,0.017471045528723556,0.08252895447126898
gemma,gender equality,C(profession)[T.plumber],-0.04444444444445121,0.02457121918330477,0.07048193365600884,0.02445034086934767,0.06910336919731451,-0.0923662319581004,0.0034773430691979815
gemma,gender equality,C(profession)[T.police officer],-0.011111111111108407,0.02228320060572652,0.6180388399492658,0.02217357821789564,0.6163029346687616,-0.05457052582656569,0.03234830360434888
gemma,gender equality,C(profession)[T.real estate agent],0.0333333333333364,0.01821603103596823,0.06726638660183973,0.018126417122137004,0.06592449988270707,-0.0021937913948023025,0.0688604580614751
gemma,gender equality,C(profession)[T.registered nurse],0.05555555555556291,0.016069256842233526,0.00054570353889649,0.01599020400162573,0.0005120937506657772,0.024215331606928223,0.08689577950419759
gemma,gender equality,C(profession)[T.social worker],0.05555555555555252,0.016069256842233537,0.0005457035388978042,0.01599020400162573,0.0005120937506670165,0.024215331606917835,0.0868957795041872
gemma,gender equality,C(profession)[T.truck driver],-0.09444444444445343,0.02768811304540035,0.000647225979906423,0.02755190114656805,0.0006083278246688682,-0.14844517839733462,-0.040443710491572235
gemma,gender equality,C(profession)[T.veterinarian],0.05555555555555216,0.016069256842233523,0.0005457035388978438,0.015990204001625728,0.0005120937506670584,0.02421533160691748,0.08689577950418684
gemma,gender equality,C(profession)[T.waiter],-0.0055555555555590885,0.02161470619495979,0.7971581991447969,0.021508372470856178,0.7961774333147149,-0.04771119096450997,0.036600079853391795
gemma,gender equality,C(age)[T.45],-0.0072222222222212825,0.005016060786611527,0.14991846776166715,0.0049913842345011075,0.1479143619442904,-0.01700515555484448,0.002560711110401916
gemma,gender equality,C(age)[T.65],-0.05277777777777681,0.006447795148914914,2.7140229073138427e-16,0.006416075167886283,1.937847617729738e-16,-0.06535305402893571,-0.04020250152661792
gemma,immigration,Intercept,3.931296296296298,0.01820458163272701,0.0,0.01811502404432938,0.0,3.895791501590335,3.9668010910022606
gemma,immigration,C(gender)[T.male],-0.008333333333332256,0.009530011195915743,0.38188380338050587,0.009483128227807298,0.3795348744275052,-0.026919923120609708,0.010253256453945196
gemma,immigration,C(gender)[T.neutral],0.038888888888889986,0.008398143775258606,3.645144774953729e-06,0.008356829038193667,3.2627466958540195e-06,0.0225098049490719,0.05526797282870807
gemma,immigration,C(country)[T.Brazil],0.4148148148148087,0.028125989658818375,3.148017377070335e-49,0.027987623622401564,1.0659441674450564e-49,0.3599600805020392,0.4696695491275782
gemma,immigration,C(country)[T.Canada],-0.01111111111111866,0.01202765213070101,0.355591924103951,0.011968481997564466,0.35321864343812137,-0.034568904775961015,0.012346682553723697
gemma,immigration,C(country)[T.China],0.022222222222223777,0.013770301992564805,0.10657540198907008,0.013702558879163902,0.10485536624285341,-0.004634299676977,0.04907874412142456
gemma,immigration,C(country)[T.Egypt],0.014814814814816583,0.011585473830736735,0.20098844616105038,0.011528478997367074,0.19877048166159605,-0.007780588816549314,0.03741021844618248
gemma,immigration,C(country)[T.France],0.0333333333333268,0.014245823173821387,0.01929060163859693,0.014175740730076446,0.018701155178012508,0.005549392048199438,0.06111727461845417
gemma,immigration,C(country)[T.Germany],-0.04074074074074624,0.014872752201618674,0.006157254757228273,0.014799585575387788,0.0059082596863719306,-0.0697473954546248,-0.011734086026867683
gemma,immigration,C(country)[T.India],0.07777777777778493,0.01732925978773172,7.181592824199736e-06,0.017244008352318266,6.46983788766576e-06,0.043980142458133246,0.1115754130974366
gemma,immigration,C(country)[T.Italy],0.14814814814815067,0.020428727509016135,4.1080795573822483e-13,0.020328228216769977,3.150472417000869e-13,0.10830555297377062,0.1879907433225307
gemma,immigration,C(country)[T.Japan],-0.03333333333334004,0.013688212403945396,0.01488416624381022,0.013620873130947894,0.0143961169676533,-0.060029754107987235,-0.006636912558692847
gemma,immigration,C(country)[T.Kenya],0.24814814814814615,0.026018634018060358,1.4656506175837506e-21,0.025890635134972566,9.292894432215637e-22,0.19740343574673258,0.2988928605495597
gemma,immigration,C(country)[T.Mexico],0.5962962962962951,0.029242571701492664,1.994536795297345e-92,0.02909871263057408,2.527731113419646e-93,0.5392638675438891,0.6533287250487011
gemma,immigration,C(country)[T.Morocco],0.09259259259259045,0.017511006098586798,1.2387760023844933e-07,0.017424860560707994,1.0734998402666595e-07,0.058440493457970366,0.12674469172721053
gemma,immigration,C(country)[T.Nigeria],0.10740740740740605,0.018640062317931513,8.303402646446121e-09,0.018548362378737214,7.010705827803261e-09,0.07105328517288342,0.14376152964192868
gemma,immigration,C(country)[T.Pakistan],0.022222222222221456,0.01221489347216082,0.06886983628821912,0.012154802203711563,0.06750950891165045,-0.0016007523362612866,0.0460451967807042
gemma,immigration,C(country)[T.Poland],-0.05185185185185359,0.01743360160160966,0.0029370774718466735,0.01734783685578764,0.0027993609555362012,-0.08585298729887395,-0.017850716404833246
gemma,immigration,C(country)[T.South Africa],-0.014814814814815992,0.01424800543284164,0.2984413492162137,0.014177912253455018,0.2960589431012546,-0.042603012207556946,0.012973382577924963
gemma,immigration,C(country)[T.South Korea],-0.040740740740740994,0.014450232206958834,0.004811605075843881,0.014379144171301095,0.004606700396400614,-0.06892334544500017,-0.012558136036481808
gemma,immigration,C(country)[T.Turkey],0.014814814814812248,0.012094244749822519,0.22059500363393314,0.012034747013750685,0.21832158262000678,-0.00877285589519006,0.03840248552481455
gemma,immigration,C(country)[T.USA],-0.288888888888892,0.029509806516312864,1.2480166142155339e-22,0.0293646327815351,7.724044883085623e-23,-0.34644251155994504,-0.231335266217839
gemma,immigration,C(profession)[T.administrative assistant],0.03888888888889008,0.02267576469618443,0.0863456115101842,0.022564211086097397,0.08480238054585647,-0.005336152179420232,0.0831139299572004
gemma,immigration,C(profession)[T.architect],0.03333333333333786,0.020060605258638266,0.0965866861411584,0.019961916946816823,0.09494977542607483,-0.005791304944802872,0.07245797161147859
gemma,immigration,C(profession)[T.bank teller],0.061111111111112004,0.024355515934570807,0.012102956108874073,0.0242356987745126,0.01168447580347941,0.013610014372905786,0.10861220784931822
gemma,immigration,C(profession)[T.business manager],0.033333333333323084,0.020891910732052085,0.11059737099929695,0.020789132806147317,0.10884596995859097,-0.007412618236545765,0.07407928490319193
gemma,immigration,C(profession)[T.cashier],-2.6645352591003757e-15,0.024265353942737395,0.9999999999999124,0.02414598033533636,0.999999999999912,-0.04732525182867431,0.04732525182866898
gemma,immigration,C(profession)[T.chef],0.29999999999999194,0.03172244284124364,3.1682282998389737e-21,0.03156638402394854,2.024046750542113e-21,0.23813102419089224,0.3618689758090916
gemma,immigration,C(profession)[T.civil engineer],0.027777777777772572,0.019927654532143662,0.1633384060682761,0.019829620272509327,0.16126716560349907,-0.011087563783451042,0.06664311933899619
gemma,immigration,C(profession)[T.computer programmer],0.02777777777777516,0.02125292512937231,0.19120944143597385,0.021148371190183934,0.18902419873880516,-0.013672268086669825,0.06922782364222015
gemma,immigration,C(profession)[T.construction worker],0.09444444444444189,0.029678557059099185,0.0014613806117607343,0.02953255315464477,0.0013839501402505875,0.03656170388982338,0.1523271849990604
gemma,immigration,C(profession)[T.doctor],0.0222222222222191,0.020898327426611192,0.28762356741942297,0.02079551793372496,0.28524709238043555,-0.01853624396773863,0.06298068841217683
gemma,immigration,C(profession)[T.electrician],0.07777777777778017,0.02324448942545465,0.0008196456814122295,0.02313013796940475,0.0007720761067393187,0.032443540400304435,0.1231120151552559
gemma,immigration,C(profession)[T.elementary school teacher],0.20555555555555236,0.027461231754839305,7.138393686620957e-14,0.027326136000374184,5.3818459342812744e-14,0.15199731315817555,0.25911379795292916
gemma,immigration,C(profession)[T.farmer],-0.14999999999999525,0.03138268030669425,1.7555130977007378e-06,0.031228292953969793,1.560432993820788e-06,-0.21120632948844198,-0.08879367051154852
gemma,immigration,C(profession)[T.flight attendant],0.24999999999999095,0.032502309247993036,1.451233372444342e-14,0.03234241387152486,1.0772590070517838e-14,0.1866100336387136,0.3133899663612683
gemma,immigration,C(profession)[T.hairdresser],0.10555555555555274,0.023297596013360913,5.877498667670756e-06,0.023182983299017138,5.2849048884581245e-06,0.060117743235285584,0.1509933678758199
gemma,immigration,C(profession)[T.janitor],-0.0888888888888968,0.02626287655863831,0.0007128642965500589,0.026133676122372843,0.0006706227495187954,-0.14010995287238195,-0.03766782490541166
gemma,immigration,C(profession)[T.journalist],-0.01666666666666794,0.021782294624478248,0.4441837617134634,0.02167513644772421,0.4419347573792618,-0.059149153464198835,0.025815820130862956
gemma,immigration,C(profession)[T.lawyer],0.022222222222225,0.020394621186158916,0.27588413278118906,0.0202942896802468,0.273517175685689,-0.01755385464288162,0.06199829908733162
gemma,immigration,C(profession)[T.mechanic],0.011111111111108851,0.02231451922016674,0.618532037177679,0.02220474276015656,0.6167979606698337,-0.03240938498477452,0.05463160720699222
gemma,immigration,C(profession)[T.paramedic],0.16111111111110593,0.027176146349487066,3.0589751908651527e-09,0.027042453075007824,2.55795865764082e-09,0.10810887703047617,0.2141133451917357
gemma,immigration,C(profession)[T.pharmacist],0.07222222222221886,0.023616936594127547,0.0022276825843128233,0.023500752881182134,0.00211785306575023,0.02616159296552597,0.11828285147891174
gemma,immigration,C(profession)[T.plumber],0.09999999999999473,0.02516888416515218,7.092541696611321e-05,0.025045065633423933,6.529696000734939e-05,0.05091257336804199,0.14908742663194746
gemma,immigration,C(profession)[T.police officer],-0.09444444444444056,0.0271566192401585,0.0005056057295107747,0.02702302202945352,0.00047412864063108517,-0.14740859437560194,-0.04148029451327918
gemma,immigration,C(profession)[T.real estate agent],0.1888888888888913,0.029328038161833804,1.1903617690962855e-10,0.029183758637964345,9.645990163642998e-11,0.13168977302497148,0.24608800475281112
gemma,immigration,C(profession)[T.registered nurse],0.2555555555555622,0.03019342540152649,2.5847708628586233e-17,0.030044888598045723,1.8036097361733375e-17,0.19666865598387445,0.31444245512724994
gemma,immigration,C(profession)[T.social worker],0.033333333333330765,0.020255805472390368,0.09984227584894176,0.020156156871518734,0.0981774223128024,-0.006172008201585484,0.07283867486824702
gemma,immigration,C(profession)[T.truck driver],-0.03333333333334032,0.030589517981060358,0.27584624397464264,0.03043903259689151,0.27347932296642485,-0.09299274094748838,0.02632607428080775
gemma,immigration,C(profession)[T.veterinarian],0.061111111111108174,0.02169756069061627,0.004855052064233438,0.021590819363143637,0.004648677247642815,0.01879388276263662,0.10342833945957973
gemma,immigration,C(profession)[T.waiter],0.05555555555555336,0.02435431916173766,0.022540299990898207,0.024234507889213212,0.021881692637972412,0.008056792909643659,0.10305431820146306
gemma,immigration,C(age)[T.45],0.0011111111111118811,0.008763849010325316,0.8991117861324851,0.00872073518336209,0.8986156984752578,-0.015981215766989118,0.01820343798921288
gemma,immigration,C(age)[T.65],-0.022222222222221238,0.009018463008713682,0.013736511253889697,0.008974096606100634,0.013276578628767875,-0.03981112836396161,-0.0046333160804808635
gemma,lgbtq rights,Intercept,4.697592592592597,0.03691554040170485,0.0,0.03673393409844653,0.0,4.625595404749174,4.7695897804360206
gemma,lgbtq rights,C(gender)[T.male],-0.5527777777777863,0.012555798232095985,0.0,0.012494029879888431,0.0,-0.5772656263641349,-0.5282899291914376
gemma,lgbtq rights,C(gender)[T.neutral],0.6483333333333365,0.012978094596514455,0.0,0.012914248753884427,0.0,0.6230218708883318,0.6736447957783412
gemma,lgbtq rights,C(country)[T.Brazil],-0.2259259259259311,0.03378884658220301,2.2871889293149293e-11,0.03362262207478559,1.823969444493518e-11,-0.2918250542583123,-0.16002679759354996
gemma,lgbtq rights,C(country)[T.Canada],0.011111111111109292,0.03663518383682518,0.7616683212927997,0.036454956749979325,0.7605259970365961,-0.060339291176815524,0.08256151339903411
gemma,lgbtq rights,C(country)[T.China],-1.0999999999999857,0.03455754395746328,2.4144780715855967e-222,0.03438753783701422,1.5844064759719027e-224,-1.167398335677542,-1.0326016643224294
gemma,lgbtq rights,C(country)[T.Egypt],-1.6740740740740763,0.03561402869227521,0.0,0.035438825186522936,0.0,-1.7435328950940723,-1.6046152530540803
gemma,lgbtq rights,C(country)[T.France],0.09259259259258756,0.03756185885942317,0.013698667829351025,0.03737707298721636,0.013239675911139472,0.01933487569011856,0.16585030949505658
gemma,lgbtq rights,C(country)[T.Germany],-0.13703703703704467,0.034396652931284466,6.775847095640103e-05,0.03422743831555607,6.235448630316694e-05,-0.20412158341860087,-0.06995249065548848
gemma,lgbtq rights,C(country)[T.India],-1.0555555555555778,0.034642907372943614,6.589515089246463e-204,0.03447248130647424,6.583383947374262e-206,-1.1231203773739975,-0.987990733737158
gemma,lgbtq rights,C(country)[T.Italy],-0.2851851851851904,0.03348908493947837,1.6549380173900075e-17,0.033324335111917625,1.1497616748506947e-17,-0.3504996818132925,-0.21987068855708833
gemma,lgbtq rights,C(country)[T.Japan],-0.6851851851851934,0.0328900306362839,2.191847320563497e-96,0.03272822786127173,2.538330137811814e-97,-0.7493313330711064,-0.6210390372992804
gemma,lgbtq rights,C(country)[T.Kenya],-1.511111111111106,0.03307901734656766,0.0,0.032916284849886825,0.0,-1.5756258439217457,-1.4465963783004663
gemma,lgbtq rights,C(country)[T.Mexico],-0.4629629629629548,0.033182477822474764,3.0577175582071046e-44,0.033019236351135586,1.1595658377614828e-44,-0.5276794770081963,-0.3982464489177133
gemma,lgbtq rights,C(country)[T.Morocco],-1.581481481481478,0.03333586186318307,0.0,0.033171865817799774,0.0,-1.6464971437843607,-1.5164658191785951
gemma,lgbtq rights,C(country)[T.Nigeria],-2.103703703703702,0.03715225252325162,0.0,0.03696948171276816,0.0,-2.1761625563878395,-2.031244851019564
gemma,lgbtq rights,C(country)[T.Pakistan],-1.8296296296296322,0.035134367869672056,0.0,0.03496152405926403,0.0,-1.8981529576304204,-1.761106301628844
gemma,lgbtq rights,C(country)[T.Poland],-0.848148148148151,0.035262077781814345,7.822186513788157e-128,0.03508860570144789,4.4255702082535476e-129,-0.9169205515907156,-0.7793757447055863
gemma,lgbtq rights,C(country)[T.South Africa],-0.5259259259259285,0.03359552428175832,3.088433247042536e-55,0.03343025082498088,9.122903793979777e-56,-0.5914480135370315,-0.4604038383148255
gemma,lgbtq rights,C(country)[T.South Korea],-0.8999999999999959,0.03330242538802074,7.503589106741355e-161,0.03313859383365081,2.0004621429259824e-162,-0.9649504504122526,-0.8350495495877392
gemma,lgbtq rights,C(country)[T.Turkey],-1.0851851851851886,0.03559241579410016,3.6207847758619934e-204,0.03541731861317748,3.5960320084677557e-206,-1.1546018540959966,-1.0157685162743806
gemma,lgbtq rights,C(country)[T.USA],-0.5074074074074115,0.03677748072387886,2.668350074173024e-43,0.036596553606330996,1.033759150239392e-43,-0.5791353344341097,-0.43567948038071336
gemma,lgbtq rights,C(profession)[T.administrative assistant],0.08333333333333304,0.0391937886154365,0.033487671940413036,0.03900097445143261,0.03262250180440902,0.00689282804655833,0.15977383862010774
gemma,lgbtq rights,C(profession)[T.architect],0.43333333333333734,0.0369848597733098,1.0491018809799682e-31,0.03680291245283102,5.287299596292598e-32,0.36120095039960787,0.5054657162670668
gemma,lgbtq rights,C(profession)[T.bank teller],-0.11111111111111027,0.03690928377884247,0.0026091773543411986,0.0367277082550867,0.002484140072268756,-0.18309609652577463,-0.03912612569644591
gemma,lgbtq rights,C(profession)[T.business manager],0.16111111111109935,0.03694243633784714,1.2938695339679716e-05,0.03676069771980595,1.1721745625873148e-05,0.089061467533716,0.2331607546884827
gemma,lgbtq rights,C(profession)[T.cashier],-0.17777777777778203,0.03880560329350981,4.622272554497527e-06,0.03861469881037483,4.146740188621643e-06,-0.25346119671997835,-0.1020943588355857
gemma,lgbtq rights,C(profession)[T.chef],0.36111111111110056,0.03732860229626448,3.8946448726663133e-22,0.03714496393162881,2.437485912536395e-22,0.28830831959806874,0.4339139026241324
gemma,lgbtq rights,C(profession)[T.civil engineer],0.2333333333333274,0.036139672241701025,1.0720037538417201e-10,0.03596188282820358,8.678068096004442e-11,0.16284933817379896,0.3038173284928558
gemma,lgbtq rights,C(profession)[T.computer programmer],0.3722222222222177,0.036845895314913286,5.405218783208163e-24,0.036664631631224784,3.2437971460333572e-24,0.300360864718589,0.44408357972584633
gemma,lgbtq rights,C(profession)[T.construction worker],-0.3000000000000027,0.040976718307555525,2.457073645657454e-13,0.04077513300633226,1.8749109704091072e-13,-0.37991779215724436,-0.22008220784276106
gemma,lgbtq rights,C(profession)[T.doctor],0.48888888888888604,0.038681320787155596,1.2886318234364353e-36,0.03849102771282858,5.810155029487056e-37,0.4134478608438089,0.5643299169339632
gemma,lgbtq rights,C(profession)[T.electrician],3.1086244689504383e-15,0.03836049614280137,0.9999999999999354,0.038171781367938536,0.999999999999935,-0.0748153167068935,0.07481531670689971
gemma,lgbtq rights,C(profession)[T.elementary school teacher],0.3444444444444382,0.03721317327704864,2.12271027015465e-20,0.03703010276641838,1.3816381118523884e-20,0.27186677667844117,0.4170221122104353
gemma,lgbtq rights,C(profession)[T.farmer],-0.43333333333332913,0.04069277390953344,1.7643508590456212e-26,0.04049258547510086,1.0009229770172774e-26,-0.5126973425054365,-0.35396932416122173
gemma,lgbtq rights,C(profession)[T.flight attendant],0.6277777777777668,0.04097387295371732,5.50054922353206e-53,0.04077230165023553,1.7100887380045556e-53,0.5478655349765021,0.7076900205790314
gemma,lgbtq rights,C(profession)[T.hairdresser],0.29444444444443896,0.043418865220176454,1.1894566813413225e-11,0.04320526575722067,9.425529294269324e-12,0.2097636796178048,0.3791252092710731
gemma,lgbtq rights,C(profession)[T.janitor],-0.20000000000000784,0.038421385865575766,1.9354341155028248e-07,0.038232371543223426,1.6844134996768966e-07,-0.2749340712682798,-0.1250659287317359
gemma,lgbtq rights,C(profession)[T.journalist],0.6499999999999964,0.04042818044416171,3.645629899786181e-58,0.0402292936794488,1.0075305920902127e-58,0.5711520332647919,0.7288479667352008
gemma,lgbtq rights,C(profession)[T.lawyer],0.38333333333333564,0.037363879156813634,1.0730184621303248e-24,0.03718006724737398,6.337987893461371e-25,0.31046174058570536,0.4562049260809659
gemma,lgbtq rights,C(profession)[T.mechanic],-0.0111111111111164,0.04004788515223111,0.7814379411813652,0.03985086925332076,0.7803850499073534,-0.08921737960023968,0.06699515737800688
gemma,lgbtq rights,C(profession)[T.paramedic],0.399999999999993,0.03625433852416001,2.644014197161933e-28,0.03607598500894721,1.4392769353597135e-28,0.32929236867564954,0.4707076313243364
gemma,lgbtq rights,C(profession)[T.pharmacist],0.19999999999999574,0.03663900609951562,4.7973236388496186e-08,0.036458760209016346,4.119516911555759e-08,0.1285421430693417,0.2714578569306498
gemma,lgbtq rights,C(profession)[T.plumber],-0.0611111111111171,0.039337351754957076,0.12030048169064272,0.039143831330912086,0.11847800534249243,-0.13783161073661537,0.015609388514381164
gemma,lgbtq rights,C(profession)[T.police officer],-0.127777777777776,0.03862506699192138,0.0009391221473114973,0.038435050658600325,0.0008857349894555276,-0.2031090928126051,-0.05244646274294687
gemma,lgbtq rights,C(profession)[T.real estate agent],0.0777777777777793,0.036875627164754204,0.03492801225344648,0.036694217214987015,0.03403814795483058,0.005858433595515106,0.1496971219600435
gemma,lgbtq rights,C(profession)[T.registered nurse],0.36666666666667247,0.03676559435630193,1.999059574138359e-23,0.036584725713836815,1.21518678866877e-23,0.2949619218832759,0.438371411450069
gemma,lgbtq rights,C(profession)[T.social worker],0.6999999999999958,0.042898030908406166,7.378768314171341e-60,0.042686993694111684,1.962200328720382e-60,0.6163350297512485,0.7836649702487432
gemma,lgbtq rights,C(profession)[T.truck driver],-0.3000000000000096,0.040223919724316215,8.768000511990513e-14,0.040026037821887,6.623718727012456e-14,-0.37844959257474614,-0.22155040742527304
gemma,lgbtq rights,C(profession)[T.veterinarian],0.4166666666666628,0.036624524653660076,5.462045826173734e-30,0.03644435000475228,2.861956200361814e-30,0.3452370532173762,0.4880962801159494
gemma,lgbtq rights,C(profession)[T.waiter],-0.05000000000000093,0.0381434838491224,0.18991186406065208,0.03795583666801545,0.18773123182523221,-0.12439207287239598,0.024392072872394116
gemma,lgbtq rights,C(age)[T.45],-0.17055555555555613,0.013274402877757942,8.774627780495662e-38,0.013209099344112279,3.852922488011454e-38,-0.19644491453822785,-0.1446661965728844
gemma,lgbtq rights,C(age)[T.65],-0.42222222222222333,0.012997697594239181,1.7718108853090708e-231,0.01293375531450142,9.440754413629239e-234,-0.4475719168234996,-0.39687252762094705
gemma,religion and secularism,Intercept,2.952962962962962,0.024561067373775825,0.0,0.024440239001730386,0.0,2.905060974746019,3.000864951179905
gemma,religion and secularism,C(gender)[T.male],0.18888888888889283,0.0093314051116337,4.155197423921778e-91,0.009285499187783005,5.4265120347187985e-92,0.17068964490236221,0.20708813287542344
gemma,religion and secularism,C(gender)[T.neutral],-0.27277777777777756,0.00922611209630665,4.1093406564091185e-192,0.009180724162306983,5.3721884789988175e-194,-0.29077166648789593,-0.2547838890676592
gemma,religion and secularism,C(country)[T.Brazil],0.07407407407407023,0.02064062464437935,0.00033226527521751934,0.02053908292243985,0.0003103623374008028,0.03381821127060644,0.11432993687753401
gemma,religion and secularism,C(country)[T.Canada],-0.04074074074074762,0.02204748932733947,0.0646221579085485,0.021939026523073696,0.06331135843828309,-0.08374044258184107,0.0022589611003458257
gemma,religion and secularism,C(country)[T.China],0.03703703703703758,0.01890565863156973,0.050107510678187375,0.01881265208913575,0.04898407695554121,0.00016491648864930958,0.07390915758542585
gemma,religion and secularism,C(country)[T.Egypt],0.6629629629629679,0.024276925317965017,3.375122598981182e-164,0.024157494785088354,8.337193881665787e-166,0.6156151432274806,0.7103107826984552
gemma,religion and secularism,C(country)[T.France],0.007407407407403244,0.019507293546746688,0.7041495465445353,0.019411327256422077,0.7027563672499895,-0.030638094907304726,0.04545290972211122
gemma,religion and secularism,C(country)[T.Germany],0.025925925925923618,0.01951778315296359,0.18407132902481227,0.019421765258934718,0.18191225510716114,-0.012140034497779666,0.06399188634962691
gemma,religion and secularism,C(country)[T.India],0.4703703703703862,0.025488097928716383,4.796916614148709e-76,0.025362709022265506,8.826674846688088e-77,0.42066037413637675,0.5200803666043957
gemma,religion and secularism,C(country)[T.Italy],0.12962962962963304,0.02143278693699133,1.464795180337929e-09,0.021327348166167905,1.2161936210646713e-09,0.08782879533819757,0.1714304639210685
gemma,religion and secularism,C(country)[T.Japan],0.037037037037034155,0.018905658631570024,0.0501075106782122,0.018812652089136028,0.04898407695556546,0.0001649164886453336,0.07390915758542298
gemma,religion and secularism,C(country)[T.Kenya],0.4148148148148115,0.02554110424012425,2.583855562855218e-59,0.025415454568689006,6.956691094860133e-60,0.3650014392094671,0.46462819042015596
gemma,religion and secularism,C(country)[T.Mexico],0.159259259259258,0.021985001254767978,4.3565454938614537e-13,0.021876845861085976,3.342931454711585e-13,0.11638142927619533,0.20213708924232066
gemma,religion and secularism,C(country)[T.Morocco],0.6777777777777731,0.02414851986029873,2.4740249398168052e-173,0.024029721019122322,4.962561252690602e-175,0.6306803900217482,0.724875165533798
gemma,religion and secularism,C(country)[T.Nigeria],0.6629629629629612,0.02494457288091986,1.2376164027825412e-155,0.02482185785039067,3.716125874444791e-157,0.6143130155468227,0.7116129103790997
gemma,religion and secularism,C(country)[T.Pakistan],0.6740740740740764,0.02409503068043628,3.2149844934297084e-172,0.023976494979718276,6.614645371360794e-174,0.6270810074383232,0.7210671407098296
gemma,religion and secularism,C(country)[T.Poland],0.11111111111111162,0.02086869497462646,1.0134471290569866e-07,0.02076603125882983,8.765413090855474e-08,0.0704104377419722,0.15181178448025104
gemma,religion and secularism,C(country)[T.South Africa],0.10740740740740816,0.02078808939177835,2.3816603777307058e-07,0.02068582221580653,2.0768968555687585e-07,0.06686394087382883,0.1479508739409875
gemma,religion and secularism,C(country)[T.South Korea],0.0259259259259239,0.019089769018393106,0.17443011671822517,0.018995856743403757,0.1723096191616399,-0.011305269146629781,0.06315712099847758
gemma,religion and secularism,C(country)[T.Turkey],0.377777777777778,0.025114746693907095,3.8918736579091237e-51,0.024991194491911638,1.261909975734347e-51,0.3287959366429954,0.4267596189125606
gemma,religion and secularism,C(country)[T.USA],-0.011111111111111627,0.025260708514206313,0.6600403472178327,0.025136438251840743,0.6584660200159768,-0.06037762478433444,0.03815540256211119
gemma,religion and secularism,C(profession)[T.administrative assistant],-0.016666666666661722,0.027858289052133833,0.5496624709749425,0.027721239971043816,0.5476909962587015,-0.07099929861669978,0.03766596528337633
gemma,religion and secularism,C(profession)[T.architect],-0.08333333333333016,0.028348855676894328,0.0032867222372553744,0.028209393249277133,0.0031358364550709813,-0.13862272812764068,-0.028043938539019653
gemma,religion and secularism,C(profession)[T.bank teller],0.011111111111113514,0.028610040230405278,0.6977466439618882,0.028469292903238026,0.6963265116911628,-0.04468767764455477,0.06690989986678181
gemma,religion and secularism,C(profession)[T.business manager],-0.00555555555556324,0.02831284702978637,0.8444377337861695,0.0281735617470031,0.8436785526712194,-0.06077472189590468,0.049663610784778205
gemma,religion and secularism,C(profession)[T.cashier],0.049999999999997824,0.029806145647443622,0.09344349956143162,0.02965951406988393,0.0918343850873834,-0.00813157937593368,0.10813157937592932
gemma,religion and secularism,C(profession)[T.chef],-0.05000000000000448,0.028036838368310328,0.07452642087799388,0.02789891091239682,0.07310339203096837,-0.10468086059619375,0.004680860596184791
gemma,religion and secularism,C(profession)[T.civil engineer],-0.05000000000000249,0.027801313678895174,0.07210158249476223,0.02766454488861975,0.07070499408046962,-0.10422151163038884,0.004221511630383867
gemma,religion and secularism,C(profession)[T.computer programmer],-0.17222222222222333,0.0294498219277128,4.9755271251649816e-09,0.02930494328760969,4.180204637055116e-09,-0.22965885563492713,-0.11478558880951953
gemma,religion and secularism,C(profession)[T.construction worker],0.09999999999999765,0.031048769428314946,0.0012786028255171744,0.030896024752890754,0.0012093641375374928,0.03944490421887374,0.16055509578112154
gemma,religion and secularism,C(profession)[T.doctor],-0.03333333333333547,0.027460163259801187,0.22479368537460465,0.027325072761805996,0.2225100415074759,-0.08688949182141165,0.020222825154740706
gemma,religion and secularism,C(profession)[T.electrician],0.011111111111113736,0.028946097365699388,0.7010857439141105,0.028803696802703376,0.6996796411849027,-0.045343097243796385,0.06756531946602386
gemma,religion and secularism,C(profession)[T.elementary school teacher],-0.016666666666668474,0.02767627113607472,0.5470406263804668,0.02754011749361261,0.5450608901389999,-0.07064430508415069,0.03731097175081374
gemma,religion and secularism,C(profession)[T.farmer],0.17222222222222516,0.03213832625222535,8.37857738060026e-08,0.03198022149308457,7.233478744224004e-08,0.10954213987816565,0.2349023045662847
gemma,religion and secularism,C(profession)[T.flight attendant],-0.06666666666667381,0.028385229385890266,0.01884214727421122,0.02824558801751332,0.01826259247140473,-0.12202700190315602,-0.0113063314301916
gemma,religion and secularism,C(profession)[T.hairdresser],-0.033333333333334325,0.028631833797064524,0.24434081331385105,0.028490979256267736,0.24201668148924904,-0.08917462655989686,0.022507959893228215
gemma,religion and secularism,C(profession)[T.janitor],0.027777777777771108,0.028941263596969444,0.3371567002140369,0.02879888681373838,0.33477353312431146,-0.02866700317200159,0.0842225587275438
gemma,religion and secularism,C(profession)[T.journalist],-0.23333333333333228,0.03023586465722923,1.1900189454881835e-14,0.030087119073482143,8.816491803803096e-15,-0.2923030031159254,-0.17436366355073918
gemma,religion and secularism,C(profession)[T.lawyer],-0.07777777777777592,0.028540679191034157,0.006427128492407201,0.028400273086068205,0.006169617376703323,-0.1334412901775718,-0.022114265377980023
gemma,religion and secularism,C(profession)[T.mechanic],0.01666666666666572,0.030268237649015643,0.581885822168366,0.03011933280607049,0.5800207268808196,-0.042366140871608164,0.07569947420493961
gemma,religion and secularism,C(profession)[T.paramedic],-0.0888888888888923,0.028691223599770714,0.0019475174522959107,0.028550076890353184,0.0018492147703696976,-0.14484601134983385,-0.032931766427950766
gemma,religion and secularism,C(profession)[T.pharmacist],-0.0055555555555586444,0.02813377013514843,0.8434603129056348,0.027995365822614388,0.8426964881994274,-0.06042546430190639,0.0493143531907891
gemma,religion and secularism,C(profession)[T.plumber],0.05555555555555129,0.02952178617545303,0.05985646651784514,0.029376553506643976,0.05860393117334168,-0.002021431307384733,0.11313254241848732
gemma,religion and secularism,C(profession)[T.police officer],0.04444444444444717,0.031158410615317954,0.153752103171087,0.031005126559176543,0.15172793535996565,-0.016324486947645142,0.10521337583653949
gemma,religion and secularism,C(profession)[T.real estate agent],-0.01111111111110928,0.028173939248578608,0.6933038362918957,0.02803533732376215,0.6918651275943433,-0.06605936256011463,0.043837140337896076
gemma,religion and secularism,C(profession)[T.registered nurse],-0.03333333333332855,0.027916818710660814,0.23246883523708284,0.02777948169243595,0.23016792767905914,-0.0877801169596928,0.0211134502930357
gemma,religion and secularism,C(profession)[T.social worker],-0.14444444444444623,0.029284070962664006,8.117292746222138e-07,0.02914000773579053,7.162251744461212e-07,-0.20155781011581425,-0.08733107877307822
gemma,religion and secularism,C(profession)[T.truck driver],0.11111111111110672,0.03098016424546555,0.000335114881249032,0.030827757073800074,0.00031304906085899447,0.05068981752230869,0.17153240469990474
gemma,religion and secularism,C(profession)[T.veterinarian],-0.04444444444444672,0.02769248491830836,0.10850965064315027,0.02755625151201178,0.10677438594178144,-0.09845370495691722,0.009564816068023778
gemma,religion and secularism,C(profession)[T.waiter],0.027777777777776125,0.02926714546759498,0.34256402003547537,0.029123165505833166,0.3401831072165158,-0.02930257772945611,0.08485813328500835
gemma,religion and secularism,C(age)[T.45],0.055555555555556635,0.009513739469479613,5.2355274897107356e-09,0.009466936550262635,4.400808934878925e-09,0.03700070087311601,0.07411041023799726
gemma,religion and secularism,C(age)[T.65],0.11222222222222364,0.009648156695677274,2.851522981354211e-31,0.009600692509815417,1.451332972357719e-31,0.09340521067634197,0.1310392337681053
gemma,trust in government,Intercept,2.034814814814813,0.02545557552986639,0.0,0.02533034661762582,0.0,1.9851682477283503,2.0844613819012756
gemma,trust in government,C(gender)[T.male],0.15833333333333632,0.010173149068104011,1.2815922178618262e-54,0.010123102177967387,3.839245535729776e-55,0.13849241765270126,0.1781742490139714
gemma,trust in government,C(gender)[T.neutral],-0.13499999999999976,0.008075355080190357,9.768288098028116e-63,0.008035628304753782,2.4330552785003804e-63,-0.1507495420704678,-0.11925045792953169
gemma,trust in government,C(country)[T.Brazil],0.037037037037033024,0.01563052198691348,0.017810567509281595,0.015553627506019806,0.017254113707596292,0.006552487296282661,0.06752158677778339
gemma,trust in government,C(country)[T.Canada],0.570370370370374,0.028281398618135667,1.8824234219616495e-90,0.02814226804607268,2.4953660884483875e-91,0.5152125385567992,0.6255282021839488
gemma,trust in government,C(country)[T.China],0.5888888888888857,0.029167853482556745,1.2070516418947347e-90,0.029024361988528397,1.5930686561039925e-91,0.5320021847171167,0.6457755930606547
gemma,trust in government,C(country)[T.Egypt],0.014814814814817601,0.015723731127352123,0.34609300980249413,0.01564637810332888,0.34371386075336263,-0.01585152275620312,0.045481152385838323
gemma,trust in government,C(country)[T.France],0.03703703703703756,0.015155367281771404,0.014532549316771766,0.015080810328340669,0.014053031379559643,0.0074791919358101824,0.06659488213826495
gemma,trust in government,C(country)[T.Germany],0.09999999999999737,0.018923232966499205,1.2604216810692098e-07,0.018830139966981223,1.0924393806373629e-07,0.06309360384086593,0.1369063961591288
gemma,trust in government,C(country)[T.India],0.4222222222222385,0.026124741570421328,9.38192923015696e-59,0.025996220690362833,2.558331950899381e-59,0.3712705659349724,0.4731738785095046
gemma,trust in government,C(country)[T.Italy],0.033333333333335255,0.014865913178910131,0.024944178612173375,0.014792780197308345,0.024236995454390727,0.0043400169153935825,0.06232664975127693
gemma,trust in government,C(country)[T.Japan],0.3740740740740728,0.02614387497094249,1.9423820503224797e-46,0.026015259963962065,7.007476461428029e-47,0.32308510149626035,0.4250630466518852
gemma,trust in government,C(country)[T.Kenya],0.10740740740740572,0.018501350636162702,6.421943063011137e-09,0.018410333090222993,5.408726285005543e-09,0.07132381760718265,0.14349099720762878
gemma,trust in government,C(country)[T.Mexico],0.029629629629630002,0.014604455586798338,0.042477896899086334,0.014532608847961299,0.04146623637405254,0.0011462396862177288,0.058113019573042275
gemma,trust in government,C(country)[T.Morocco],0.09999999999999831,0.01862765290273355,7.945457366292363e-08,0.01853601401175936,6.85605312506736e-08,0.06367008012002016,0.13632991987997645
gemma,trust in government,C(country)[T.Nigeria],0.018518518518518438,0.015066552845152764,0.2190288805855557,0.014992432815069729,0.21675941715299596,-0.010866109839654688,0.04790314687669156
gemma,trust in government,C(country)[T.Pakistan],0.10740740740740878,0.018319388140000843,4.5445344466918045e-09,0.01822926576005106,3.814765179858877e-09,0.07167870305309954,0.14313611176171803
gemma,trust in government,C(country)[T.Poland],0.04444444444444484,0.015494172135619651,0.004124727051190445,0.015417948428935865,0.003943538245884793,0.014225820808234636,0.07466306808065505
gemma,trust in government,C(country)[T.South Africa],0.022222222222222934,0.015046247670979377,0.13969497863456887,0.014972227532366952,0.13774803839314406,-0.007122804509555297,0.051567248954001166
gemma,trust in government,C(country)[T.South Korea],0.3222222222222214,0.025291182787616325,3.521472409678915e-37,0.025166762606813515,1.5675892992886348e-37,0.27289627390539756,0.37154817053904526
gemma,trust in government,C(country)[T.Turkey],0.251851851851852,0.0230475605739288,8.517728453247609e-28,0.022934177910976784,4.690295162694156e-28,0.20690168913130344,0.2968020145724005
gemma,trust in government,C(country)[T.USA],0.28888888888888925,0.02638142974406203,6.610831760116798e-28,0.02625164608443028,3.6312006373145904e-28,0.23743660802851396,0.34034116974926454
gemma,trust in government,C(profession)[T.administrative assistant],-0.01666666666666372,0.030694437696502323,0.5871390666570824,0.030543436158935077,0.5852921251906688,-0.07653070150227488,0.04319736816894744
gemma,trust in government,C(profession)[T.architect],-0.07222222222222051,0.029658220626633015,0.014885608853367049,0.029512316767425356,0.014397524721940723,-0.13006530018671175,-0.014379144257729258
gemma,trust in government,C(profession)[T.bank teller],0.005555555555557756,0.032057786437200295,0.862417066184226,0.03190007789433991,0.8617437116545477,-0.05696744822137079,0.0680785593324863
gemma,trust in government,C(profession)[T.business manager],-0.011111111111116253,0.032493609352622965,0.732390341217354,0.03233375677536201,0.7311184595127931,-0.07448410987570374,0.052261887653471235
gemma,trust in government,C(profession)[T.cashier],-0.09999999999999987,0.02881803871991288,0.0005203638575519485,0.02867626814247438,0.00048809869943675565,-0.15620445277026296,-0.04379554722973677
gemma,trust in government,C(profession)[T.chef],-0.12222222222222473,0.028534659961752838,1.8414994321567574e-05,0.02839428346843512,1.673891438672435e-05,-0.1778739951871786,-0.06657044925727085
gemma,trust in government,C(profession)[T.civil engineer],0.005555555555553537,0.03219297388792289,0.8629890914774466,0.03203460028929182,0.8623184797464036,-0.05723110727059483,0.0683422183817019
gemma,trust in government,C(profession)[T.computer programmer],-0.0944444444444445,0.02899369373265467,0.0011243258692922524,0.028851059018942703,0.0010621784115138816,-0.1509914810374117,-0.03789740785147729
gemma,trust in government,C(profession)[T.construction worker],-0.15555555555555767,0.028320573883979308,3.959030191406362e-08,0.02818125058887427,3.393385302085278e-08,-0.21078979174904944,-0.10032131936206591
gemma,trust in government,C(profession)[T.doctor],0.08333333333333282,0.034108476942307564,0.014558255696120475,0.03394068001071687,0.01407811160442765,0.016810822901529215,0.14985584376513642
gemma,trust in government,C(profession)[T.electrician],-0.11111111111110805,0.028713672894724047,0.00010900343442530583,0.02857241574581691,0.00010075996409471785,-0.16711201692421435,-0.055110205298001765
gemma,trust in government,C(profession)[T.elementary school teacher],0.07777777777777667,0.03345289160384246,0.02007227221533567,0.033288319829691874,0.01946579422216224,0.012533869805730083,0.14302168574982327
gemma,trust in government,C(profession)[T.farmer],-0.03888888888888653,0.03191490367869628,0.22302713777368433,0.0317578980487361,0.22074772681785404,-0.10113322528910415,0.023355447511331083
gemma,trust in government,C(profession)[T.flight attendant],-0.03888888888889351,0.030877354544143105,0.20786310780296546,0.030725453145645794,0.20562420534674175,-0.09910967046303218,0.021331892685245157
gemma,trust in government,C(profession)[T.hairdresser],-0.08888888888888968,0.02993797435432941,0.002986717834767056,0.029790694244367446,0.002847110520890607,-0.14727757668229455,-0.030500201095484812
gemma,trust in government,C(profession)[T.janitor],-0.2000000000000036,0.029953547739092784,2.4387396783971956e-11,0.0298061910157369,1.946039078030041e-11,-0.25841906090716926,-0.14158093909283792
gemma,trust in government,C(profession)[T.journalist],-0.2611111111111113,0.03053658886656489,1.2227827330838959e-17,0.030386363867608547,8.470116790563125e-18,-0.3206672899127533,-0.2015549323094693
gemma,trust in government,C(profession)[T.lawyer],-0.06666666666666474,0.02981583176099765,0.025355139629254186,0.029669152532523762,0.024639852791923815,-0.12481713708223664,-0.00851619625109283
gemma,trust in government,C(profession)[T.mechanic],-0.1666666666666674,0.028536089984143993,5.202650876315002e-09,0.028395706455819535,4.3729079412837705e-09,-0.22232122863564519,-0.11101210469768961
gemma,trust in government,C(profession)[T.paramedic],-0.20555555555555732,0.02841305016677263,4.67084510947889e-13,0.028273271933837163,3.586536983716671e-13,-0.2609701502709853,-0.15014096084012934
gemma,trust in government,C(profession)[T.pharmacist],0.04444444444444384,0.033012428036220474,0.17820761603979263,0.03285002312619729,0.17607154934919766,-0.01994041777421071,0.1088293066630984
gemma,trust in government,C(profession)[T.plumber],-0.10555555555555807,0.029062976519452107,0.00028127720254970446,0.02892000096850309,0.0002623267404313923,-0.16223771588668762,-0.048873395224428524
gemma,trust in government,C(profession)[T.police officer],1.7763568394002505e-15,0.03419706390272383,0.9999999999999586,0.03402883116685576,0.9999999999999584,-0.06669528352302961,0.06669528352303317
gemma,trust in government,C(profession)[T.real estate agent],-0.022222222222219846,0.03119665350873607,0.4762622365115444,0.031043181316368077,0.4740847531650496,-0.08306573956784799,0.03862129512340829
gemma,trust in government,C(profession)[T.registered nurse],0.011111111111115068,0.03170010758431801,0.7259582021565907,0.031544158645503036,0.7246583602768701,-0.05071430375668866,0.0729365259789188
gemma,trust in government,C(profession)[T.social worker],-0.2000000000000008,0.02787973631499498,7.301402297210952e-13,0.027742581723920006,5.63086679538339e-13,-0.25437446101704314,-0.14562553898295844
gemma,trust in government,C(profession)[T.truck driver],-0.1611111111111143,0.028219119684259615,1.1344907254943173e-08,0.028080295493920788,9.607588392153554e-09,-0.21614747895444142,-0.10607474326778721
gemma,trust in government,C(profession)[T.veterinarian],-0.038888888888889805,0.030972360582715,0.20926111405179015,0.030819991801233074,0.20701815521746714,-0.09929496282312639,0.02151718504534677
gemma,trust in government,C(profession)[T.waiter],-0.13333333333333397,0.027985962338679775,1.8951665830320586e-06,0.027848285167811584,1.6857994630211778e-06,-0.18791496929344564,-0.0787516973732223
gemma,trust in government,C(age)[T.45],-0.014999999999999205,0.009156092962960332,0.10136885400691371,0.009111049488660535,0.09969118621120646,-0.032857328859135934,0.002857328859137521
gemma,trust in government,C(age)[T.65],0.016666666666667402,0.009470746352008078,0.07844087713111006,0.009424154937784503,0.07697648979132947,-0.0018043375961155385,0.035137670929450346
qwen,climate change,Intercept,3.89462962962963,0.03165680477870777,0.0,0.03150106886840236,0.0,3.8328886691730455,3.9563705900862143
qwen,climate change,C(gender)[T.male],-0.2677777777777792,0.00946957268239376,6.498553304398893e-176,0.00942298704204749,1.2290554579889386e-177,-0.2862464930069799,-0.24930906254857854
qwen,climate change,C(gender)[T.neutral],-0.26555555555555466,0.009612792235816753,5.539587922925945e-168,0.009565502025704714,1.2552833655277518e-169,-0.2843035950199808,-0.2468075160911285
qwen,climate change,C(country)[T.Brazil],0.018518518518514243,0.022930922432814506,0.41933330346542785,0.022818113572152375,0.41703785567692087,-0.02620416227804901,0.06324119931507749
qwen,climate change,C(country)[T.Canada],0.24074074074073853,0.02465858710121026,1.6235011475361294e-22,0.024537278980066926,1.007390915355115e-22,0.19264855766119565,0.2888329238202814
qwen,climate change,C(country)[T.China],-0.1592592592592543,0.0271636544318326,4.547039346146025e-09,0.02703002261144428,3.8168881522412e-09,-0.2122371300789884,-0.1062813884395202
qwen,climate change,C(country)[T.Egypt],-0.13333333333332983,0.024387912837725588,4.5722797639722755e-08,0.024267936300836963,3.9244539071501645e-08,-0.18089761446208247,-0.0857690522045772
qwen,climate change,C(country)[T.France],0.19259259259259176,0.023554047344241078,2.919067155235155e-16,0.02343817301547595,2.0857360937945097e-16,0.14665461761884035,0.23853056756634317
qwen,climate change,C(country)[T.Germany],0.1703703703703675,0.023439592513305168,3.6353648516073043e-13,0.023324281246017167,2.7846316227364904e-13,0.12465561916289083,0.21608512157784418
qwen,climate change,C(country)[T.India],0.133333333333342,0.02274202281530369,4.549572924236734e-09,0.022630143247857365,3.819035442056962e-09,0.08897906760255928,0.1776875990641247
qwen,climate change,C(country)[T.Italy],-0.00740740740740649,0.023064197480980986,0.7480855374434086,0.022950732972628868,0.7468826569910854,-0.05239001745255496,0.037575202637741986
qwen,climate change,C(country)[T.Japan],0.1333333333333302,0.022930244507255067,6.072941296986088e-09,0.02281743898165328,5.112029495151336e-09,0.08861197470984948,0.1780546919568109
qwen,climate change,C(country)[T.Kenya],0.15185185185184932,0.023999826174351254,2.496394738852228e-10,0.02388175883298056,2.037506928931083e-10,0.10504446465173611,0.19865923905196253
qwen,climate change,C(country)[T.Mexico],0.018518518518520637,0.022786068906782583,0.41638302621818124,0.022673972654227742,0.4140826212837183,-0.02592165127021179,0.06295868830725307
qwen,climate change,C(country)[T.Morocco],-0.17037037037037217,0.027136171066379944,3.42185681911832e-10,0.02700267445063303,2.801396514441013e-10,-0.2232946397798728,-0.11744610096087155
qwen,climate change,C(country)[T.Nigeria],0.11481481481481426,0.023889893378527278,1.5398030943498967e-06,0.023772366852445857,1.3669805208433075e-06,0.06822183195674658,0.16140779767288194
qwen,climate change,C(country)[T.Pakistan],-0.07407407407407382,0.024246741704200953,0.002250519132779751,0.024127459659859584,0.002139764144337641,-0.12136302604584162,-0.026785122102306012
qwen,climate change,C(country)[T.Poland],-0.040740740740740265,0.023930852564094003,0.08867369899978217,0.023813124538963816,0.08710836765370185,-0.08741360719647633,0.005932125714995795
qwen,climate change,C(country)[T.South Africa],0.1851851851851851,0.023167984360848708,1.315334245508243e-15,0.023054009272090645,9.537608976475822e-16,0.14000015731263496,0.23037021305773522
qwen,climate change,C(country)[T.South Korea],-0.040740740740741084,0.02418575799579378,0.09208642558279057,0.024066775961305232,0.09048956797154283,-0.08791075484889369,0.00642927336741151
qwen,climate change,C(country)[T.Turkey],-0.10370370370370453,0.02458155572869555,2.4564871380429984e-05,0.024460626564019306,2.239008401008786e-05,-0.1516456508084661,-0.05576175659894296
qwen,climate change,C(country)[T.USA],-0.02222222222222301,0.023221935344701166,0.338592683917465,0.023107694843636267,0.3362100620524009,-0.06751247188149201,0.023068027437045988
qwen,climate change,C(profession)[T.administrative assistant],-0.06666666666666354,0.03859495088645465,0.08410632082489593,0.03840508270956101,0.08258481678326442,-0.14193924560068508,0.00860591226735799
qwen,climate change,C(profession)[T.architect],0.2833333333333376,0.030239444090110586,7.276601119179987e-21,0.030090680897314627,4.686770889549523e-21,0.22435668250431354,0.3423099841623617
qwen,climate change,C(profession)[T.bank teller],-0.1999999999999984,0.0394623059501794,4.0174816697707513e-07,0.03926817081294744,3.5210059400650005e-07,-0.2769642005321423,-0.12303579946785449
qwen,climate change,C(profession)[T.business manager],0.22777777777776845,0.032136252332202936,1.3618571884956553e-12,0.03197815777572935,1.0566611975695666e-12,0.16510174024539945,0.2904538153101375
qwen,climate change,C(profession)[T.cashier],-0.5222222222222264,0.034498827959393116,9.178430476230902e-52,0.034329110692777165,2.9339049489945754e-52,-0.5895060428013584,-0.45493840164309424
qwen,climate change,C(profession)[T.chef],0.10555555555554863,0.03536493931851699,0.002838087876751672,0.035190961209977945,0.0027041637839683467,0.03658253900264577,0.1745285721084515
qwen,climate change,C(profession)[T.civil engineer],0.29444444444444007,0.029784147913825665,4.7904101946484626e-23,0.029637624554296783,2.9370798354978154e-23,0.23635576773069839,0.35253312115818175
qwen,climate change,C(profession)[T.computer programmer],0.1777777777777753,0.034018636865441126,1.733159781488959e-07,0.03385128190284343,1.5067758830692004e-07,0.11143048441768966,0.24412507113786092
qwen,climate change,C(profession)[T.construction worker],-0.20555555555555904,0.03980105635597577,2.409853548250387e-07,0.03960525473334903,2.1017196722120548e-07,-0.28318042843145763,-0.12793068267966046
qwen,climate change,C(profession)[T.doctor],0.32777777777777634,0.03053201326675088,6.930939878024304e-27,0.030381810777494994,3.8960033355747976e-27,0.2682305228687753,0.38732503268677737
qwen,climate change,C(profession)[T.electrician],0.022222222222224364,0.03708851090122433,0.5490613392084012,0.036906053668171866,0.547087964869136,-0.05011231377889484,0.09455675822334357
qwen,climate change,C(profession)[T.elementary school teacher],0.27222222222221865,0.030599527648666563,5.774541479026251e-19,0.030448993021855993,3.882202721873174e-19,0.21254329253386947,0.3319011519105678
qwen,climate change,C(profession)[T.farmer],0.18888888888889066,0.03371223478154033,2.1070073159026366e-08,0.03354638716650307,1.7950305215185018e-08,0.12313917823110797,0.25463859954667334
qwen,climate change,C(profession)[T.flight attendant],0.2166666666666567,0.032484464477602185,2.5605634441297483e-11,0.03232465688862808,2.044218134296191e-11,0.15331150335233112,0.2800218299809823
qwen,climate change,C(profession)[T.hairdresser],-0.3833333333333353,0.03769775465430246,2.738199202506862e-24,0.03751230024161848,1.6323193769035004e-24,-0.4568560907841607,-0.30981057588250993
qwen,climate change,C(profession)[T.janitor],-0.5833333333333409,0.03297656792965115,5.0675969336438444e-70,0.03281433943371538,1.0694631076298215e-70,-0.6476482567998956,-0.5190184098667863
qwen,climate change,C(profession)[T.journalist],0.29999999999999805,0.029910902811296686,1.1275898257275884e-23,0.029763755880011827,6.81596044197061e-24,0.2416641104305326,0.3583358895694635
qwen,climate change,C(profession)[T.lawyer],0.29444444444444745,0.029784147913825765,4.79041019463832e-23,0.02963762455429689,2.937079835491535e-23,0.23635576773070557,0.35253312115818936
qwen,climate change,C(profession)[T.mechanic],-0.3277777777777817,0.03889661131095717,3.549488672140066e-17,0.03870525911313473,2.484469777203888e-17,-0.4036386916518165,-0.25191686390374696
qwen,climate change,C(profession)[T.paramedic],0.26111111111110563,0.031028779949226305,3.9247086093992166e-17,0.03087613361220842,2.749806984050588e-17,0.20059500124933052,0.32162722097288077
qwen,climate change,C(profession)[T.pharmacist],0.16666666666666408,0.03434047231761836,1.2138718843433834e-06,0.03417153408287849,1.0751840337261093e-06,0.09969169056773929,0.23364164276558885
qwen,climate change,C(profession)[T.plumber],-0.2500000000000055,0.03945196403732843,2.3455554001561857e-10,0.03925787977722146,1.9132389740112988e-10,-0.3269440304727629,-0.1730559695272481
qwen,climate change,C(profession)[T.police officer],0.2777777777777819,0.030358154315209194,5.69219910160135e-20,0.030208807126488737,3.740955010369615e-20,0.21856960379394705,0.3369859517616167
qwen,climate change,C(profession)[T.real estate agent],-0.10555555555555289,0.03820068081683338,0.0057240279255386705,0.03801275225477487,0.00548891944661342,-0.18005918092815537,-0.03105193018295041
qwen,climate change,C(profession)[T.registered nurse],0.28888888888889475,0.030245997788284355,1.2806702008182217e-21,0.030097202354516527,8.109295457238584e-22,0.22989945623862823,0.34787832153916126
qwen,climate change,C(profession)[T.social worker],0.29444444444444173,0.0297841479138257,4.790410194646366e-23,0.029637624554296797,2.937079835496297e-23,0.23635576773070005,0.3525331211581834
qwen,climate change,C(profession)[T.truck driver],-0.5944444444444519,0.03274737708396411,1.2284592628132493e-73,0.032586276094270235,2.387799105738395e-74,-0.6583123719795001,-0.5305765169094037
qwen,climate change,C(profession)[T.veterinarian],0.26666666666666383,0.030802129172027543,4.8260354947796644e-18,0.030650597845363822,3.3126782852883817e-18,0.20659259878512976,0.3267407345481979
qwen,climate change,C(profession)[T.waiter],-0.39444444444444526,0.03784098551967668,1.932111015838387e-25,0.03765482648157771,1.1221786024076286e-25,-0.46824654819244266,-0.32064234069644787
qwen,climate change,C(age)[T.45],-0.05277777777777683,0.009520104743055395,2.9593761276739716e-08,0.009473270509822935,2.5294576759763794e-08,-0.07134504679283518,-0.03421050876271848
qwen,climate change,C(age)[T.65],-0.07222222222222136,0.009685783678206638,8.883883325122454e-14,0.009638134386096144,6.71212054704154e-14,-0.09111261849712686,-0.05333182594731585
qwen,economic redistribution,Intercept,3.251111111111111,0.02468173046010886,0.0,0.024560308485022962,0.0,3.2029737910312726,3.299248431190949
qwen,economic redistribution,C(gender)[T.male],-0.28833333333333505,0.01049769232921781,4.431557291655878e-166,0.010446048845850896,1.04871985914938e-167,-0.308807212851949,-0.2678594538147211
qwen,economic redistribution,C(gender)[T.neutral],-0.2327777777777771,0.009134658596816779,3.0487106196908276e-143,0.009089720569056754,1.2141341374321582e-144,-0.2505933027226613,-0.21496225283289294
qwen,economic redistribution,C(country)[T.Brazil],-0.02962962962963374,0.021214624141521865,0.16251565837304538,0.021110258624356552,0.16044828969583946,-0.07100497623769865,0.011745716978431173
qwen,economic redistribution,C(country)[T.Canada],0.018518518518513022,0.02369607607797163,0.4345076067581972,0.02357950303768814,0.43223954293067823,-0.02769645820870853,0.06473349524573457
qwen,economic redistribution,C(country)[T.China],-0.0037037037037003055,0.0220824159696689,0.8668021042798054,0.021973781343499546,0.8661497936566467,-0.04677152374111758,0.03936411633371696
qwen,economic redistribution,C(country)[T.Egypt],-0.10740740740740447,0.021279009321497927,4.4745182667981547e-07,0.021174327060912525,3.9256140297288634e-07,-0.14890832584366487,-0.06590648897114407
qwen,economic redistribution,C(country)[T.France],0.07407407407407166,0.02457239484842892,0.002573828443275819,0.024451510750779098,0.0024501786987737744,0.026149993634950686,0.12199815451319262
qwen,economic redistribution,C(country)[T.Germany],-0.06296296296296611,0.024311952746366605,0.009603322413292903,0.02419234989576939,0.009252035166621445,-0.11037909746006544,-0.015546828465866767
qwen,economic redistribution,C(country)[T.India],0.0962962962963038,0.021739384972331084,9.441776307206078e-06,0.021632437889962806,8.528173134411833e-06,0.05389749713417707,0.13869509545843053
qwen,economic redistribution,C(country)[T.Italy],-0.10370370370370403,0.0246693123895983,2.625250464139445e-05,0.02454795150531112,2.3943362712320852e-05,-0.15181680454834964,-0.05559060285905843
qwen,economic redistribution,C(country)[T.Japan],0.07037037037036822,0.021210227125670254,0.0009074353246780321,0.021105883239660405,0.000855577378578714,0.02900359935872627,0.11173714138201019
qwen,economic redistribution,C(country)[T.Kenya],-0.07407407407407549,0.02128375732046713,0.0005008338609724986,0.02117905170206183,0.0004696123859226628,-0.1155842526368284,-0.03256389551132257
qwen,economic redistribution,C(country)[T.Mexico],0.02962962962963166,0.020814052821663362,0.15457977426256933,0.020711657918385806,0.15255136987753262,-0.010964473950518343,0.07022373320978166
qwen,economic redistribution,C(country)[T.Morocco],-0.08148148148148245,0.02129945469976873,0.000130496549367236,0.021194671857977458,0.00012083182682127495,-0.1230222749872629,-0.039940687975701994
qwen,economic redistribution,C(country)[T.Nigeria],0.014814814814815306,0.023377400964776807,0.526261105496602,0.023262395649321026,0.5242181252692906,-0.030778642851975145,0.06040827248160576
qwen,economic redistribution,C(country)[T.Pakistan],-0.03333333333333191,0.020716107904372377,0.1076045656179451,0.020614194841917503,0.10587639321774815,-0.07373641279378157,0.007069746127117749
qwen,economic redistribution,C(country)[T.Poland],-0.033333333333332785,0.023763005489116605,0.16069419622946524,0.023646103189046072,0.1586355097591069,-0.0796788439585808,0.013012177291915235
qwen,economic redistribution,C(country)[T.South Africa],0.28518518518518565,0.025510700004635147,5.164449419186204e-29,0.025385199907085706,2.766491738997771e-29,0.23543110762694813,0.33493926274342317
qwen,economic redistribution,C(country)[T.South Korea],0.2,0.023420694638125687,1.3485476759286959e-17,0.02330547633908938,9.350232840208214e-18,0.15432210573283445,0.24567789426716558
qwen,economic redistribution,C(country)[T.Turkey],-0.018518518518518032,0.020600474746331306,0.36868648868999,0.0204991305421442,0.3663238893774391,-0.05869607609550569,0.02165903905846963
qwen,economic redistribution,C(country)[T.USA],-0.07037037037037042,0.027559938936815357,0.010668999701819889,0.027424357591560228,0.010288457339001543,-0.12412112354897609,-0.016619617191764753
qwen,economic redistribution,C(profession)[T.administrative assistant],-0.04999999999999627,0.022590494113423874,0.026875568630469034,0.022479359992666835,0.026130780559440462,-0.09405873598113385,-0.005941264018858701
qwen,economic redistribution,C(profession)[T.architect],0.10555555555555864,0.029615032335182243,0.0003648897547292393,0.02946934094112772,0.00034113436143801715,0.0477967086628166,0.16331440244830067
qwen,economic redistribution,C(profession)[T.bank teller],-0.033333333333331217,0.025712388348514907,0.19484048321594105,0.025585896043506483,0.1926426774958907,-0.08348076809078979,0.016814101424127356
qwen,economic redistribution,C(profession)[T.business manager],-0.05555555555556376,0.023850748627019892,0.019843163336618112,0.02373341467386435,0.019241650152658656,-0.10207219354649233,-0.0090389175646352
qwen,economic redistribution,C(profession)[T.cashier],-0.08333333333333526,0.02194970124009576,0.00014671852206189285,0.021841719505125656,0.0001360019255667983,-0.12614231692380756,-0.04052434974286296
qwen,economic redistribution,C(profession)[T.chef],-0.022222222222226917,0.024191231405036925,0.35830143499816824,0.02407222244406684,0.3559301218504154,-0.06940291124043468,0.024958466795980842
qwen,economic redistribution,C(profession)[T.civil engineer],-0.02777777777778012,0.02455667951695811,0.2579835700021271,0.024435872731009303,0.2556376864299217,-0.07567120826136277,0.020115652705802525
qwen,economic redistribution,C(profession)[T.computer programmer],-0.050000000000000856,0.02259049411342368,0.026875568630453713,0.02247935999266652,0.026130780559424645,-0.09405873598113781,-0.005941264018863905
qwen,economic redistribution,C(profession)[T.construction worker],-0.15555555555555767,0.034132982250214675,5.180588619474965e-06,0.03396506476456055,4.65266705287884e-06,-0.22212585922666675,-0.08898525188444859
qwen,economic redistribution,C(profession)[T.doctor],0.711111111111112,0.03292533384433815,1.8882975072215208e-103,0.03276335739490495,1.8618115703612243e-104,0.6468961106044843,0.7753261116177398
qwen,economic redistribution,C(profession)[T.electrician],-0.10555555555555296,0.026291923219601825,5.9508292476447826e-05,0.026162579888049778,5.469529720642937e-05,-0.1568332698787825,-0.05427784123232344
qwen,economic redistribution,C(profession)[T.elementary school teacher],0.4055555555555524,0.036552818142839665,1.3257730860514495e-28,0.03637299625469842,7.168058316241102e-29,0.33426579288653324,0.47684531822457155
qwen,economic redistribution,C(profession)[T.farmer],-0.18888888888888444,0.03150613730164215,2.0310441978669913e-09,0.03135114260122032,1.6916784019712574e-09,-0.25033599926145567,-0.12744177851631322
qwen,economic redistribution,C(profession)[T.flight attendant],-0.016666666666675236,0.024419083772508485,0.4949062244257528,0.02429895388995113,0.49277580182973835,-0.06429174115297889,0.030958407819628424
qwen,economic redistribution,C(profession)[T.hairdresser],-0.06666666666666798,0.022126662717026607,0.0025871621456913284,0.02201781041862179,0.002462988524934911,-0.10982078210559745,-0.023512551227738508
qwen,economic redistribution,C(profession)[T.janitor],-0.06666666666667259,0.022126662717026634,0.0025871621456895824,0.022017810418621706,0.0024629885249331136,-0.10982078210560191,-0.023512551227743275
qwen,economic redistribution,C(profession)[T.journalist],0.6277777777777771,0.034154665278995,1.8843385544489738e-75,0.03398664112350311,3.514524033350854e-76,0.5611651852202231,0.6943903703353311
qwen,economic redistribution,C(profession)[T.lawyer],0.6777777777777819,0.035020798930861255,1.9016907641701623e-83,0.03484851382377757,2.956717198454186e-84,0.6094759457684317,0.7460796097871322
qwen,economic redistribution,C(profession)[T.mechanic],-0.13333333333333575,0.026973958291039598,7.691400920423463e-07,0.02684125968236946,6.78296886559581e-07,-0.18594123561046688,-0.0807254310562046
qwen,economic redistribution,C(profession)[T.paramedic],0.2777777777777735,0.033476309598501966,1.0610886375329197e-16,0.033311622619334555,7.507072038475732e-17,0.21248819717728795,0.3430673583782591
qwen,economic redistribution,C(profession)[T.pharmacist],0.055555555555552916,0.027780540319008343,0.04552174395920215,0.02764387372344744,0.04446424280293033,0.0013745586644227717,0.10973655244668307
qwen,economic redistribution,C(profession)[T.plumber],-0.13333333333333677,0.027986052601631912,1.8953109964948387e-06,0.027848374986713907,1.6859291492103475e-06,-0.18791514533526213,-0.07875152133141142
qwen,economic redistribution,C(profession)[T.police officer],0.5000000000000024,0.042570770793468084,7.479151960131682e-32,0.042361343537988115,3.756834800656093e-32,0.4169732923288172,0.5830267076711877
qwen,economic redistribution,C(profession)[T.real estate agent],-0.12222222222221944,0.025752259799163433,2.073992171695496e-06,0.02562557134622718,1.8464583732429444e-06,-0.1724474191440863,-0.07199702530035258
qwen,economic redistribution,C(profession)[T.registered nurse],0.4500000000000053,0.036388502894624475,3.965211433851187e-35,0.036209489356692215,1.849201739011719e-35,0.3790307049623021,0.5209692950377084
qwen,economic redistribution,C(profession)[T.social worker],0.8277777777777761,0.028003336063821743,4.889387257148584e-192,0.02786557342277001,6.402961188208335e-194,0.7731622574605903,0.8823932980949618
qwen,economic redistribution,C(profession)[T.truck driver],-0.18333333333333846,0.029578988447626547,5.715122160836657e-10,0.02943347437177153,4.702141912069689e-10,-0.24102188304189334,-0.12564478362478357
qwen,economic redistribution,C(profession)[T.veterinarian],0.016666666666664925,0.025922153703554607,0.5202560949767848,0.02579462945616455,0.5181956015970106,-0.03388987806197359,0.06722321139530345
qwen,economic redistribution,C(profession)[T.waiter],-0.07222222222222241,0.02207073881050121,0.0010667386158240044,0.021962161630212328,0.001007284266593256,-0.11526726804008605,-0.029177176404358768
qwen,economic redistribution,C(age)[T.45],-0.0016666666666657675,0.009339430278654625,0.8583657733348204,0.009293484874929108,0.8576730140453998,-0.01988156231239455,0.016548228979063013
qwen,economic redistribution,C(age)[T.65],-0.006111111111110122,0.010031307060315357,0.5423893135726201,0.00998195796309747,0.5403950734061964,-0.025675389213973956,0.013453166991753715
qwen,gender equality,Intercept,4.575925925925928,0.027479861230627043,0.0,0.027344673828308703,0.0,4.522331350053448,4.629520501798408
qwen,gender equality,C(gender)[T.male],-0.507222222222226,0.010460117677146214,0.0,0.010408659042587975,0.0,-0.5276228190730556,-0.48682162537139645
qwen,gender equality,C(gender)[T.neutral],-0.41722222222222094,0.010038705949214391,0.0,0.00998932045310219,0.0,-0.4368009305403306,-0.3976435139041113
qwen,gender equality,C(country)[T.Brazil],-0.07777777777778438,0.023825636788507385,0.001096739305405665,0.023708426373246848,0.001035878653021718,-0.12424543959946778,-0.03131011595610099
qwen,gender equality,C(country)[T.Canada],0.04444444444443744,0.023891769498912606,0.06285146478957572,0.023774233743242428,0.06156196937429685,-0.002152197452354593,0.09104108634122947
qwen,gender equality,C(country)[T.China],-0.11851851851851394,0.023447472261563948,4.312045750314117e-07,0.023332122229789972,3.781731898514778e-07,-0.16424863777178866,-0.07278839926523922
qwen,gender equality,C(country)[T.Egypt],-0.20740740740740493,0.023362456568783954,6.819071820777843e-19,0.02324752477240675,4.59190781914757e-19,-0.25297171869102486,-0.16184309612378497
qwen,gender equality,C(country)[T.France],0.07407407407406971,0.0240585136499812,0.002077572373029487,0.023940157595094682,0.0019738779813708394,0.027152227403471105,0.12099592074466832
qwen,gender equality,C(country)[T.Germany],-0.0074074074074134055,0.02397393569341068,0.7573386204151902,0.023855995720473255,0.7561769113996495,-0.05416429983488265,0.039349485020055835
qwen,gender equality,C(country)[T.India],0.03333333333333843,0.022941461597511238,0.1462311411359499,0.022828600889343,0.14424702704064027,-0.011409902227212894,0.07807656889388975
qwen,gender equality,C(country)[T.Italy],-0.06296296296296247,0.02375637556339296,0.008040588905916723,0.02363950587929721,0.007734078343800585,-0.10929554309870787,-0.01663038282721708
qwen,gender equality,C(country)[T.Japan],-0.018518518518523618,0.023146872455342662,0.4236852523998542,0.023033001226776696,0.4213973377742848,-0.06366237137887282,0.02662533434182559
qwen,gender equality,C(country)[T.Kenya],-0.08148148148148296,0.024668808268940624,0.000956507493937285,0.02454744986467821,0.0009022853072081599,-0.12959359912855486,-0.033369363834411046
qwen,gender equality,C(country)[T.Mexico],-0.03703703703703464,0.023224423222538867,0.11076922996954926,0.023110170482338658,0.10901651432673458,-0.08233213885899907,0.008258064784929776
qwen,gender equality,C(country)[T.Morocco],-0.18518518518518726,0.02334548286646327,2.1498958611775883e-15,0.023230634572353515,1.5664078939270501e-15,-0.23071639228501117,-0.13965397808536334
qwen,gender equality,C(country)[T.Nigeria],-0.022222222222223184,0.0230070953095711,0.33410142512090324,0.022893911715818276,0.33171722797661973,-0.06709346465046659,0.022649020206020228
qwen,gender equality,C(country)[T.Pakistan],-0.17777777777777767,0.02326343577432386,2.1397307829825484e-14,0.02314899111155586,1.594362688537573e-14,-0.223148966634865,-0.13240658892069035
qwen,gender equality,C(country)[T.Poland],-0.11851851851851994,0.023072205436600584,2.7937790800725747e-07,0.022958701533044724,2.440013072638392e-07,-0.16351674665509214,-0.07352029038194775
qwen,gender equality,C(country)[T.South Africa],0.07037037037036975,0.02313209273724075,0.002349260355602541,0.023018294217619042,0.002234526783174488,0.025255342718289844,0.11548539802244966
qwen,gender equality,C(country)[T.South Korea],-0.12222222222222194,0.024422977342091725,5.603778758514995e-07,0.02430282830508685,4.926955417500916e-07,-0.16985489042265278,-0.07458955402179111
qwen,gender equality,C(country)[T.Turkey],-0.17777777777777934,0.02301486421515694,1.123139582469265e-14,0.02290164240220951,8.316307471972742e-15,-0.22266417207292533,-0.13289138348263335
qwen,gender equality,C(country)[T.USA],-0.0444444444444451,0.02401345686327317,0.06419630253675528,0.023895322465616937,0.06289059048539941,-0.09127841587602514,0.002389526987134946
qwen,gender equality,C(profession)[T.administrative assistant],4.440892098500626e-16,0.02753678429128942,0.9999999999999871,0.027401316855503382,0.9999999999999871,-0.05370559416575651,0.053705594165757396
qwen,gender equality,C(profession)[T.architect],0.1166666666666705,0.02799052372504332,3.07179764988453e-05,0.027852824114397778,2.8057730413957584e-05,0.062076134534722126,0.17125719879861886
qwen,gender equality,C(profession)[T.bank teller],-0.038888888888886974,0.02748508163106399,0.15709518394262575,0.027349868546937904,0.15505410695234925,-0.09249364622279008,0.014715868445016135
qwen,gender equality,C(profession)[T.business manager],0.011111111111100556,0.027595150868056296,0.6872077580691967,0.02745939629741772,0.6857437314241905,-0.042708316669050686,0.06493053889125179
qwen,gender equality,C(profession)[T.cashier],-0.16111111111111476,0.029089220632232172,3.050455497058985e-08,0.028946115973155457,2.6080670011692705e-08,-0.21784445591081902,-0.10437776631141049
qwen,gender equality,C(profession)[T.chef],0.033333333333326096,0.027634204383386436,0.22772704832496993,0.027498257688659107,0.22543659189444787,-0.02056226137404738,0.08722892804069957
qwen,gender equality,C(profession)[T.civil engineer],0.04444444444444029,0.02766519678872547,0.1081616682126439,0.02752909762660641,0.10642912334207079,-0.009511595430595356,0.09840048431947593
qwen,gender equality,C(profession)[T.computer programmer],0.049999999999997824,0.027839331156795776,0.07249131083292401,0.027702375339227252,0.0710904292659631,-0.004295657951098153,0.1042956579510938
qwen,gender equality,C(profession)[T.construction worker],-0.20000000000000284,0.028724816551092897,3.340004062508397e-12,0.028583504580877047,2.6142176752192695e-12,-0.2560226395304575,-0.14397736046954818
qwen,gender equality,C(profession)[T.doctor],0.18333333333333132,0.02926444311993814,3.7351300976504917e-10,0.029120476452398507,3.060462206305736e-10,0.12625824827398352,0.24040841839267912
qwen,gender equality,C(profession)[T.electrician],-0.11666666666666359,0.026770141586004464,1.312028732673275e-05,0.026638445655283685,1.1887830387626046e-05,-0.16887706075514708,-0.06445627257818008
qwen,gender equality,C(profession)[T.elementary school teacher],0.11111111111110765,0.028751186856981515,0.00011128290180820248,0.02860974515782976,0.0001028870623497254,0.055037040994892115,0.16718518122732318
qwen,gender equality,C(profession)[T.farmer],-0.29999999999999516,0.031999890130021545,6.915466550855114e-21,0.03184246640851802,4.451945879731804e-21,-0.36241008733961694,-0.23758991266037335
qwen,gender equality,C(profession)[T.flight attendant],0.044444444444434156,0.0277749720137821,0.10956273213627005,0.027638332811544576,0.10781928933018814,-0.009725692458924864,0.09861458134779318
qwen,gender equality,C(profession)[T.hairdresser],-0.10555555555555785,0.028064983739324582,0.00016915945754547102,0.027926917822028715,0.00015701326742313673,-0.16029130868594388,-0.0508198024251718
qwen,gender equality,C(profession)[T.janitor],-0.36111111111111893,0.03319256416154915,1.4470560363707259e-27,0.03302927307038232,8.009855562015799e-28,-0.425847296764607,-0.2963749254576309
qwen,gender equality,C(profession)[T.journalist],0.11111111111110894,0.02800093506431016,7.244141473596757e-05,0.027863184234995456,6.670594384779817e-05,0.05650027351591363,0.16572194870630425
qwen,gender equality,C(profession)[T.lawyer],0.18888888888889185,0.028812556271364705,5.535038404317109e-11,0.028670812664876647,4.4520733388240906e-11,0.1326951286582388,0.24508264911954492
qwen,gender equality,C(profession)[T.mechanic],-0.17222222222222516,0.02841631215747252,1.355458580514757e-09,0.028276517877146988,1.1245692306137468e-09,-0.22764317886963625,-0.11680126557481407
qwen,gender equality,C(profession)[T.paramedic],0.044444444444439256,0.027802872278272214,0.10991932381568485,0.027666095820455112,0.108173129638472,-0.00978010695648688,0.0986689958453654
qwen,gender equality,C(profession)[T.pharmacist],0.005555555555553315,0.027569577833780504,0.8402995294400095,0.027433949069893295,0.8395207048069044,-0.04821399657514366,0.05932510768625029
qwen,gender equality,C(profession)[T.plumber],-0.1611111111111169,0.027403303222425745,4.121076673993501e-09,0.02726849244785055,3.456040318616635e-09,-0.21455637422160642,-0.10766584800062737
qwen,gender equality,C(profession)[T.police officer],0.05000000000000382,0.02776888477493716,0.07176966362067089,0.02763227551892107,0.07037674487563965,-0.004158264827969313,0.10415826482797695
qwen,gender equality,C(profession)[T.real estate agent],-0.011111111111108397,0.027528738621468356,0.6864932013771257,0.02739331076642049,0.6850262202296402,-0.06480101363060586,0.04257879140838906
qwen,gender equality,C(profession)[T.registered nurse],0.06666666666667398,0.02779846883501039,0.016475253700546182,0.027661714039968446,0.01594946082211154,0.012450703397689868,0.1208826299356581
qwen,gender equality,C(profession)[T.social worker],0.20555555555555274,0.030210102090072057,1.0161278700184495e-11,0.030061483245485802,8.039717873627008e-12,0.1466361310725463,0.2644749800385592
qwen,gender equality,C(profession)[T.truck driver],-0.37222222222222934,0.03320520678996622,3.652041647024132e-29,0.03304185350328544,1.949668934554729e-29,-0.4369830650711174,-0.3074613793733413
qwen,gender equality,C(profession)[T.veterinarian],0.08333333333333058,0.028082011036411066,0.0030023347953084707,0.027943861353187743,0.002862134122536182,0.028564371492101906,0.13810229517455924
qwen,gender equality,C(profession)[T.waiter],-0.09444444444444677,0.02695243912097275,0.00045812758551660386,0.02681984637603624,0.00042921192155905767,-0.14701037741237488,-0.04187851147651865
qwen,gender equality,C(age)[T.45],-0.046111111111110284,0.009376163696623474,8.747397211540275e-07,0.009330037582547492,7.723744457036943e-07,-0.06439764874730852,-0.02782457347491205
qwen,gender equality,C(age)[T.65],-0.13833333333333253,0.009185929899590214,3.0011442375216964e-51,0.00914073964223635,9.706050471853382e-52,-0.1562488538241733,-0.12041781284249176
qwen,immigration,Intercept,3.069444444444443,0.019542248991832063,0.0,0.019446110737917296,0.0,3.0313307677587473,3.1075581211301384
qwen,immigration,C(gender)[T.male],0.030000000000001498,0.009588115351852491,0.0017547783838498107,0.00954094653987318,0.0016646070988050403,0.011300088403428016,0.04869991159657498
qwen,immigration,C(gender)[T.neutral],-0.1327777777777771,0.0074520999844762854,5.1697447236545796e-71,0.007415439317586281,1.066687840951224e-71,-0.1473117717697885,-0.11824378378576572
qwen,immigration,C(country)[T.Brazil],0.055555555555553124,0.021409135107871662,0.009460570370386858,0.021303812692415672,0.00911327675383814,0.013800849945031127,0.09731026116607512
qwen,immigration,C(country)[T.Canada],0.17037037037036898,0.02540230813457551,1.9882223660798584e-11,0.0252773412717201,1.583396232582555e-11,0.12082769185286969,0.21991304888786828
qwen,immigration,C(country)[T.China],0.07407407407407737,0.022069036598131204,0.000789440935416709,0.021960467791890575,0.0007433653988665623,0.03103234811832,0.11711580002983474
qwen,immigration,C(country)[T.Egypt],-0.07407407407406955,0.017152823688254895,1.5710961198088083e-05,0.017068440231677882,1.425950712881014e-05,-0.1075276022004327,-0.0406205459477064
qwen,immigration,C(country)[T.France],-0.05555555555555816,0.01967583222450395,0.004749607532088789,0.019579036806775352,0.004546806588482213,-0.09392976254882196,-0.017181348562294363
qwen,immigration,C(country)[T.Germany],-0.04444444444444657,0.02221763240810704,0.0454556675811149,0.022108332583562675,0.044399143317695636,-0.08777598006646278,-0.0011129088224303627
qwen,immigration,C(country)[T.India],0.1777777777777895,0.025482145611750565,3.0249011956033873e-12,0.02535678598777265,2.365306178415791e-12,0.1280793904780652,0.22747616507751378
qwen,immigration,C(country)[T.Italy],-0.03703703703703544,0.02092763936984406,0.07676603110449948,0.020824685676614368,0.07531914361012594,-0.07785267095256673,0.0037785968784958476
qwen,immigration,C(country)[T.Japan],0.09259259259259191,0.02249875769988498,3.8641878792045486e-05,0.022388074877165834,3.5372068340712666e-05,0.04871277215016088,0.13647241303502294
qwen,immigration,C(country)[T.Kenya],-0.06296296296296242,0.01739803178759214,0.00029577740437934067,0.017312442027762685,0.00027597966404614943,-0.09689472582181485,-0.02903120010410997
qwen,immigration,C(country)[T.Mexico],0.044444444444447936,0.022128945907546712,0.04459759068510608,0.02202008237696781,0.0435538247155924,0.001285876048985883,0.08760301283990998
qwen,immigration,C(country)[T.Morocco],-0.08888888888888895,0.016758284529610444,1.1318313760063143e-07,0.01667584201165484,9.79973093340289e-08,-0.1215729386436124,-0.0562048391341655
qwen,immigration,C(country)[T.Nigeria],0.0407407407407427,0.020474447456315742,0.046609283590963724,0.020373723244414655,0.045535816455866865,0.0008089769507034356,0.08067250453078197
qwen,immigration,C(country)[T.Pakistan],-0.08888888888888606,0.01675828452961053,1.1318313760075522e-07,0.016675842011654934,9.799730933413804e-08,-0.1215729386436097,-0.056204839134162424
qwen,immigration,C(country)[T.Poland],-0.09259259259259081,0.018556743324258978,6.047295884636025e-07,0.01846545327353751,5.320784680375825e-07,-0.12878421596693157,-0.05640096921825005
qwen,immigration,C(country)[T.South Africa],-0.014814814814813176,0.018843538164449357,0.43174954554491995,0.018750837224163347,0.4294762736145359,-0.05156578045414634,0.02193615082451998
qwen,immigration,C(country)[T.South Korea],0.01851851851851978,0.020023420162517392,0.3550476175182953,0.019924914783081143,0.3526739571420836,-0.020533596851348965,0.057570633888388525
qwen,immigration,C(country)[T.Turkey],-0.07777777777777634,0.017190091651025134,6.051834107415238e-06,0.017105524854400145,5.443177034582712e-06,-0.11130399042905537,-0.0442515651264973
qwen,immigration,C(country)[T.USA],0.15555555555555683,0.024579458199068115,2.472653382534219e-10,0.024458539353206757,2.017942838650114e-10,0.10761769930881601,0.20349341180229766
qwen,immigration,C(profession)[T.administrative assistant],-0.027777777777773238,0.015392110215620185,0.07112533772058831,0.015316388603389996,0.06973957783925758,-0.057797347813637365,0.002241792258090892
qwen,immigration,C(profession)[T.architect],0.22222222222222643,0.029966863049331674,1.2107685406163884e-13,0.029819440821199496,9.175476215125201e-14,0.1637771921735519,0.28066725227090095
qwen,immigration,C(profession)[T.bank teller],-0.011111111111108407,0.01701089487900179,0.5136427132211036,0.016927209642365215,0.5115633436959488,-0.04428783236890336,0.022065610146686544
qwen,immigration,C(profession)[T.business manager],0.3111111111111045,0.0324845362590447,9.970519417020324e-22,0.03232472831694263,6.297920159314024e-22,0.24775580779985493,0.37446641442235407
qwen,immigration,C(profession)[T.cashier],-0.027777777777779233,0.015392110215620106,0.07112533772052586,0.01531638860338982,0.06973957783919404,-0.05779734781364301,0.0022417922580845497
qwen,immigration,C(profession)[T.chef],0.13888888888888376,0.02764043376499109,5.038399141442079e-07,0.027504456424770878,4.425351539516624e-07,0.08498114488198154,0.19279663289578597
qwen,immigration,C(profession)[T.civil engineer],0.35555555555555407,0.03329243848123151,1.2658612691029186e-26,0.03312865605753197,7.157882334615038e-27,0.2906245828265767,0.4204865282845314
qwen,immigration,C(profession)[T.computer programmer],0.07777777777777665,0.023296077979168807,0.0008418231005981228,0.02318147273280821,0.0007931627661534969,0.03234292611287526,0.12321262944267805
qwen,immigration,C(profession)[T.construction worker],-0.0500000000000016,0.01900253218572283,0.008507686951146953,0.018909049073048523,0.008187539820644976,-0.0870610551650772,-0.012938944834925997
qwen,immigration,C(profession)[T.doctor],0.3722222222222218,0.033649476207522254,1.923001003094354e-28,0.03348393733380538,1.0435186241392493e-28,0.30659491098736713,0.43784953345707645
qwen,immigration,C(profession)[T.electrician],-0.027777777777775237,0.015392110215620012,0.0711253377205648,0.015316388603389583,0.06973957783922993,-0.05779734781363856,0.002241792258088085
qwen,immigration,C(profession)[T.elementary school teacher],0.02222222222222035,0.01987989521328978,0.2636422070594474,0.01978209590601746,0.2612887735114552,-0.01654997329229112,0.060994417736731824
qwen,immigration,C(profession)[T.farmer],-0.06666666666666288,0.021083267148798244,0.0015665445146478439,0.0209795478434359,0.0014844930300034198,-0.1077858248517322,-0.025547508481593553
qwen,immigration,C(profession)[T.flight attendant],0.04999999999999284,0.022286793064277093,0.024865804459979036,0.022177153003319378,0.024160173188817198,0.0065335788338525685,0.09346642116613312
qwen,immigration,C(profession)[T.hairdresser],-0.027777777777778345,0.015392110215620064,0.07112533772053414,0.015316388603389753,0.06973957783920177,-0.057797347813642,0.0022417922580853095
qwen,immigration,C(profession)[T.janitor],-0.027777777777783542,0.015392110215620083,0.07112533772048162,0.015316388603389575,0.06973957783914624,-0.05779734781364684,0.002241792258079762
qwen,immigration,C(profession)[T.journalist],0.08888888888888946,0.024278067211843866,0.00025095479634240685,0.024158631061412784,0.00023379768959123405,0.04153884209272975,0.1362389356850492
qwen,immigration,C(profession)[T.lawyer],0.4000000000000031,0.03432780627210896,2.2318752172532805e-31,0.034158930348085134,1.1332165009222767e-31,0.33304972676734396,0.4669502732326622
qwen,immigration,C(profession)[T.mechanic],-0.03333333333333499,0.016336833964688813,0.041312589508370585,0.016256464776239505,0.04031894820364739,-0.06519541881070841,-0.0014712478559615744
qwen,immigration,C(profession)[T.paramedic],-0.02777777777778105,0.015392110215620064,0.07112533772050658,0.015316388603389667,0.06973957783917294,-0.05779734781364454,0.0022417922580824333
qwen,immigration,C(profession)[T.pharmacist],0.033333333333331217,0.020450833811733026,0.10311726614903538,0.020350225767350807,0.10142514293270863,-0.0065523762479353514,0.07321904291459778
qwen,immigration,C(profession)[T.plumber],-0.02222222222222597,0.01766254609035166,0.2083356740337845,0.017575655050245147,0.20609539289194245,-0.05666987312540597,0.012225428680954036
qwen,immigration,C(profession)[T.police officer],0.26111111111111396,0.03633591909763466,6.670096423571434e-13,0.036157164246123176,5.139474419889365e-13,0.1902443714056132,0.3319778508166147
qwen,immigration,C(profession)[T.real estate agent],0.2055555555555577,0.029633332919376625,4.015551511010181e-12,0.029487551495448898,3.1486034077176396e-12,0.14776101663220767,0.2633500944789078
qwen,immigration,C(profession)[T.registered nurse],0.03888888888889386,0.020831254662538982,0.06192212800848033,0.020728775134666356,0.06064397474083746,-0.001738763818681606,0.07951654159646931
qwen,immigration,C(profession)[T.social worker],-0.01666666666666846,0.016604054616263124,0.3154890589942366,0.016522370833630312,0.31310252762902335,-0.049049918439798904,0.015716585106461983
qwen,immigration,C(profession)[T.truck driver],-0.033333333333337434,0.016336833964688813,0.041312589508355736,0.016256464776239442,0.04031894820363195,-0.06519541881071073,-0.0014712478559641348
qwen,immigration,C(profession)[T.veterinarian],-0.027777777777779452,0.015392110215620087,0.0711253377205233,0.01531638860338973,0.06973957783919027,-0.05779734781364306,0.0022417922580841576
qwen,immigration,C(profession)[T.waiter],-0.02777777777777768,0.01539211021562009,0.07112533772054142,0.015316388603389677,0.06973957783920706,-0.05779734781364118,0.0022417922580858264
qwen,immigration,C(age)[T.45],-0.0027777777777770237,0.008635514657752702,0.7477034287795249,0.008593032172687804,0.7464988558051245,-0.01961981135423909,0.014064255798685041
qwen,immigration,C(age)[T.65],-0.04833333333333259,0.008378823391234943,7.99750824696747e-09,0.008337603700957456,6.749988318523952e-09,-0.06467473630457707,-0.03199193036208811
qwen,lgbtq rights,Intercept,4.119629629629632,0.031559331627577965,0.0,0.03140407523723542,0.0,4.058078773196864,4.1811804860624
qwen,lgbtq rights,C(gender)[T.male],-0.37722222222222634,0.011343852719074742,1.8199730671701787e-242,0.011288046542741743,7.548088852303397e-245,-0.399346386901812,-0.3550980575426407
qwen,lgbtq rights,C(gender)[T.neutral],0.12000000000000177,0.01153516558637221,2.4031958520990985e-25,0.011478418244822068,1.3987819696573117e-25,0.09750271364066306,0.14249728635934047
qwen,lgbtq rights,C(country)[T.Brazil],-0.08148148148148708,0.027351698724395926,0.002891641758695836,0.027217141818570358,0.0027556622806087093,-0.13482609920800398,-0.02813686375497019
qwen,lgbtq rights,C(country)[T.Canada],0.13333333333333025,0.029869005868423632,8.046757430482728e-06,0.02972206504949278,7.257102849361131e-06,0.0750791562901677,0.1915875103764928
qwen,lgbtq rights,C(country)[T.China],-0.36666666666665965,0.02736959576818043,6.307504996382335e-41,0.02723495081770137,2.5789189791469657e-41,-0.42004618939007404,-0.31328714394324525
qwen,lgbtq rights,C(country)[T.Egypt],-0.6407407407407395,0.02891013134368776,7.783644625888892e-109,0.02876790771583146,6.788645219662169e-110,-0.697124803774341,-0.584356677707138
qwen,lgbtq rights,C(country)[T.France],0.20370370370370156,0.031796075558716504,1.4883225256724172e-10,0.03163965450466594,1.2086641709855408e-10,0.14169112039126583,0.26571628701613725
qwen,lgbtq rights,C(country)[T.Germany],0.14074074074073567,0.02975637701066858,2.247772614626918e-06,0.02960999027032465,2.0027113301223752e-06,0.08270622622831794,0.1987752552531534
qwen,lgbtq rights,C(country)[T.India],-0.35555555555555984,0.026755833362796858,2.6850146475506513e-40,0.026624207821497367,1.1135975434089397e-40,-0.40773804400260427,-0.3033730671085154
qwen,lgbtq rights,C(country)[T.Italy],0.0037037037037051723,0.02832180660027229,0.8959555503015317,0.02818247724080914,0.8954441194550238,-0.0515329366834005,0.058940344090810844
qwen,lgbtq rights,C(country)[T.Japan],0.02222222222221781,0.027368743793381216,0.41681674341877817,0.02723410303419917,0.4145170595810437,-0.03115563887606557,0.0756000833205012
qwen,lgbtq rights,C(country)[T.Kenya],-0.5259259259259261,0.028386956719125937,1.2500454606620812e-76,0.028247306853118687,2.2698043808920736e-77,-0.5812896300182901,-0.47056222183356206
qwen,lgbtq rights,C(country)[T.Mexico],-0.12592592592592286,0.026330646535383542,1.7314118578945695e-06,0.026201112704161943,1.538806798312976e-06,-0.17727916318095513,-0.07457268867089059
qwen,lgbtq rights,C(country)[T.Morocco],-0.6333333333333342,0.02817367946078362,6.571373614341647e-112,0.028035078813995078,5.343818637609931e-113,-0.6882810781125064,-0.578385588554162
qwen,lgbtq rights,C(country)[T.Nigeria],-0.5222222222222219,0.027825014055764125,1.3776322125312438e-78,0.02768812867129049,2.3924622883654012e-79,-0.5764899572172622,-0.4679544872271817
qwen,lgbtq rights,C(country)[T.Pakistan],-0.7074074074074086,0.028140093784658395,1.8750121038883715e-139,0.02800165836287866,8.140521091852249e-141,-0.7622896493060456,-0.6525251655087716
qwen,lgbtq rights,C(country)[T.Poland],-0.15185185185185346,0.026284358995793407,7.592217464544044e-09,0.026155052876501893,6.404702724550473e-09,-0.2031148135035379,-0.100588890200169
qwen,lgbtq rights,C(country)[T.South Africa],-0.11111111111111263,0.026450223246579082,2.6601730628024876e-05,0.026320101156747797,2.4264906027480146e-05,-0.16269756144778932,-0.05952466077443593
qwen,lgbtq rights,C(country)[T.South Korea],-0.2666666666666658,0.027056842889868777,6.470331775112449e-23,0.02692373652973547,3.9787899515501914e-23,-0.31943622059419274,-0.21389711273913883
qwen,lgbtq rights,C(country)[T.Turkey],-0.45925925925926114,0.0272677388256736,1.189220937514403e-63,0.02713359496125727,2.901098892954089e-64,-0.5124401281544229,-0.40607839036409943
qwen,lgbtq rights,C(country)[T.USA],0.0037037037037013637,0.02838102356305402,0.8961714080534467,0.028241402885256704,0.8956610260244352,-0.05164842882428734,0.05905583623169007
qwen,lgbtq rights,C(profession)[T.administrative assistant],-0.07222222222222152,0.03299345748297306,0.028597845033929727,0.03283114589874092,0.027820509716593625,-0.13657008575493362,-0.007874358689509406
qwen,lgbtq rights,C(profession)[T.architect],0.21111111111111466,0.034633166744961384,1.0900451015594742e-09,0.034462788597589306,9.024618068149845e-10,0.14356528665302198,0.27865693556920734
qwen,lgbtq rights,C(profession)[T.bank teller],-0.061111111111108896,0.03271827088157894,0.061790274137213844,0.03255731308008523,0.06051373920117916,-0.12492227218147076,0.0027000499592529648
qwen,lgbtq rights,C(profession)[T.business manager],0.08888888888887903,0.03288373010120945,0.006869055699535072,0.03272195832173015,0.006597808886953497,0.024755029074667215,0.15302274870309085
qwen,lgbtq rights,C(profession)[T.cashier],-0.2444444444444478,0.03396814506373874,6.187534135686471e-13,0.033801038495972185,4.764163401167291e-13,-0.3106932625366052,-0.17819562635229041
qwen,lgbtq rights,C(profession)[T.chef],0.19444444444443668,0.035133171388635934,3.1212212482866335e-08,0.03496033346432484,2.669159547036431e-08,0.12592344996684957,0.2629654389220238
qwen,lgbtq rights,C(profession)[T.civil engineer],0.06666666666666243,0.03310810377590959,0.04405094692682052,0.03294522818830027,0.04301537946101818,0.0020952059551401225,0.13123812737818474
qwen,lgbtq rights,C(profession)[T.computer programmer],0.16666666666666405,0.034062745099635916,9.93451662402082e-07,0.033895173146218135,8.782628351843147e-07,0.10023334805032731,0.2330999852830008
qwen,lgbtq rights,C(profession)[T.construction worker],-0.3333333333333357,0.034031240973144826,1.1838936155218195e-22,0.03386382400453535,7.323392157415096e-23,-0.39970520876102794,-0.26696145790564346
qwen,lgbtq rights,C(profession)[T.doctor],0.3055555555555534,0.0354902518864467,7.333968162369402e-18,0.035315657301703454,5.05483032826497e-18,0.23633813915385565,0.3747729719572512
qwen,lgbtq rights,C(profession)[T.electrician],-0.13333333333332997,0.033451427797899454,6.723085548184654e-05,0.03328686322495267,6.186439181525356e-05,-0.198574386412548,-0.06809228025411194
qwen,lgbtq rights,C(profession)[T.elementary school teacher],0.17777777777777382,0.033659205156933,1.279916154228338e-07,0.03349361842156742,1.1094993301509092e-07,0.11213149195957438,0.24342406359597324
qwen,lgbtq rights,C(profession)[T.farmer],-0.37222222222221735,0.03459881239008556,5.41970981315273e-27,0.03442860324924285,3.0391577673688452e-27,-0.43970104462875204,-0.30474339981568266
qwen,lgbtq rights,C(profession)[T.flight attendant],0.216666666666657,0.03437518095514867,2.9194431266713624e-10,0.03420607197098138,2.3864077006760287e-10,0.14962399755094846,0.2837093357823655
qwen,lgbtq rights,C(profession)[T.hairdresser],0.07777777777777528,0.034927152575655256,0.02595682561306629,0.03475532816258157,0.02522977500392909,0.00965858630824476,0.1458969692473058
qwen,lgbtq rights,C(profession)[T.janitor],-0.45555555555556243,0.0360220679695014,1.1686848681996248e-36,0.03584485711118263,5.264271233959782e-37,-0.5258101845244648,-0.38530092658666004
qwen,lgbtq rights,C(profession)[T.journalist],0.2944444444444423,0.03524052657007261,6.527803801665882e-17,0.035067160511067494,4.596453939960184e-17,0.2257140728026648,0.36317481608621976
qwen,lgbtq rights,C(profession)[T.lawyer],0.2833333333333362,0.03504013036219957,6.167294953734901e-16,0.03486775015398005,4.4389939284521503e-16,0.2149937988095944,0.351672867857078
qwen,lgbtq rights,C(profession)[T.mechanic],-0.16666666666666985,0.033406436804585514,6.067428049918412e-07,0.03324209356519888,5.338668117774702e-07,-0.23181997282517033,-0.10151336050816936
qwen,lgbtq rights,C(profession)[T.paramedic],0.13888888888888373,0.03406377191756066,4.555782889598501e-05,0.03389619491270363,4.1767712931035234e-05,0.07245356764703481,0.20532421013073265
qwen,lgbtq rights,C(profession)[T.pharmacist],0.14999999999999725,0.03386467493341849,9.449808934042597e-06,0.03369807738780495,8.535497480119737e-06,0.08395298197165596,0.21604701802833853
qwen,lgbtq rights,C(profession)[T.plumber],-0.227777777777783,0.03314400331306306,6.314493549550523e-12,0.03298095111738674,4.97304944394014e-12,-0.29241925414373704,-0.16313630141182894
qwen,lgbtq rights,C(profession)[T.police officer],0.07222222222222463,0.03373774210204351,0.032298626705224154,0.033571769003533286,0.03145423042508107,0.006422764078001256,0.13802168036644802
qwen,lgbtq rights,C(profession)[T.real estate agent],0.04444444444444676,0.03482669917232297,0.20189892441233748,0.03465536894058942,0.1996780909543744,-0.023478830550056506,0.11236771943895002
qwen,lgbtq rights,C(profession)[T.registered nurse],0.2111111111111177,0.03369642058012412,3.726098902233748e-10,0.03353065076317928,3.0529907014582756e-10,0.14539224323709582,0.27682997898513956
qwen,lgbtq rights,C(profession)[T.social worker],0.24444444444444172,0.033747071338167955,4.3748707778985167e-13,0.033581052344404304,3.357130329836948e-13,0.17862679128645492,0.3102620976024285
qwen,lgbtq rights,C(profession)[T.truck driver],-0.3888888888888964,0.03439179611481931,1.203275594923654e-29,0.03422260539223814,6.354000410144779e-30,-0.4559639629148094,-0.3218138148629834
qwen,lgbtq rights,C(profession)[T.veterinarian],0.29999999999999716,0.036488038248447485,2.0035004291798326e-16,0.036308535045526134,1.4262873086659328e-16,0.22883657897935555,0.37116342102063876
qwen,lgbtq rights,C(profession)[T.waiter],-0.061111111111112004,0.03452003914362999,0.07667579954034684,0.03435021752841852,0.07522986307569716,-0.12843630032792877,0.006214078105704762
qwen,lgbtq rights,C(age)[T.45],-0.15055555555555525,0.01139090429057115,6.9839616256419434e-40,0.011334866643646871,2.923988892157037e-40,-0.17277148594666752,-0.12833962516444297
qwen,lgbtq rights,C(age)[T.65],-0.3016666666666667,0.01116556136356645,9.181675486468375e-161,0.011110632293016625,2.4527363894592016e-162,-0.323443105806447,-0.2798902275268864
qwen,religion and secularism,Intercept,2.9468518518518523,0.022791438949136163,0.0,0.022679316278614848,0.0,2.9024012087517743,2.9913024949519302
qwen,religion and secularism,C(gender)[T.male],0.14000000000000257,0.009601562726745949,3.7126017628665375e-48,0.009554327760295678,1.288100150950798e-48,0.12127386169333179,0.15872613830667334
qwen,religion and secularism,C(gender)[T.neutral],-0.08499999999999924,0.006655289919016436,2.3565577169391195e-37,0.006622549165767538,1.0448820486289783e-37,-0.0979799578507494,-0.07202004214924909
qwen,religion and secularism,C(country)[T.Brazil],-0.007407407407411453,0.014632024572528537,0.6126837985600971,0.014560042207839914,0.6109281476964239,-0.03594456574816074,0.02112975093333783
qwen,religion and secularism,C(country)[T.Canada],-0.02222222222222847,0.013992649043488091,0.11225570983695325,0.01392381209195004,0.1104917097065392,-0.049512392449953854,0.005067948005496915
qwen,religion and secularism,C(country)[T.China],-0.02592592592592448,0.013841857372655177,0.0610671173580732,0.013773762241976103,0.05979949889436079,-0.05292200385181531,0.0010701519999663511
qwen,religion and secularism,C(country)[T.Egypt],0.2222222222222259,0.023819894465636017,1.0660277103722298e-20,0.02370271229977959,6.891910916765736e-21,0.17576575977874334,0.26867868466570843
qwen,religion and secularism,C(country)[T.France],-0.011111111111115637,0.014448492929338677,0.44188426944111037,0.014377413450071935,0.4396306259406051,-0.03929032366409839,0.017068101441867118
qwen,religion and secularism,C(country)[T.Germany],-0.0037037037037072644,0.014836002319589094,0.8028634640541503,0.014763016484703734,0.8019090806015539,-0.0326386843168977,0.025231276909483166
qwen,religion and secularism,C(country)[T.India],0.25555555555556597,0.0247600334018392,5.645775577268411e-25,0.024638226214789734,3.3138164955228683e-25,0.20726551953162747,0.30384559157950447
qwen,religion and secularism,C(country)[T.Italy],0.07407407407407646,0.018794168179514324,8.103006226566555e-05,0.018701710115272944,7.469338121164664e-05,0.03741939579883306,0.11072875234931985
qwen,religion and secularism,C(country)[T.Japan],-3.400058012914542e-15,0.014941455786151048,0.9999999999998185,0.014867951172073464,0.9999999999998176,-0.029140648821167472,0.029140648821160672
qwen,religion and secularism,C(country)[T.Kenya],0.08518518518518299,0.019851287575157615,1.777367821917173e-05,0.019753629003393017,1.6150541314567043e-05,0.046468783774566834,0.12390158659579914
qwen,religion and secularism,C(country)[T.Mexico],0.0037037037037040386,0.015273472271123979,0.8083985052616288,0.015198334299230001,0.8074698170578822,-0.026084484147786566,0.03349189155519464
qwen,religion and secularism,C(country)[T.Morocco],0.16296296296295965,0.022495118469642725,4.344536701464009e-13,0.022384453550145445,3.3336270658455043e-13,0.11909024019106482,0.20683568573485447
qwen,religion and secularism,C(country)[T.Nigeria],0.20370370370370247,0.024001067610465755,2.11535546264735e-17,0.023882994161839893,1.473168400041748e-17,0.1568938953035159,0.25051351210388906
qwen,religion and secularism,C(country)[T.Pakistan],0.25925925925926085,0.024758254470605867,1.1661846366689453e-25,0.024636456035021858,6.739736341429273e-26,0.21097269272391356,0.30754582579460815
qwen,religion and secularism,C(country)[T.Poland],0.04814814814814822,0.017390792891019035,0.005629771642300333,0.017305238742999347,0.005397721286025186,0.014230503468002302,0.08206579282829413
qwen,religion and secularism,C(country)[T.South Africa],0.011111111111111134,0.015731070122861023,0.4799914642727581,0.01565368099458883,0.47782308415738217,-0.019569539863762107,0.041791762085984376
qwen,religion and secularism,C(country)[T.South Korea],-0.003703703703705555,0.014940415340687449,0.8042130880440103,0.01486691584508987,0.803264960969079,-0.03284232332126956,0.02543491591385845
qwen,religion and secularism,C(country)[T.Turkey],0.21111111111111075,0.023961742257928673,1.2476616414038799e-18,0.023843862270696674,8.451505194407785e-19,0.16437799980821183,0.25784422241400967
qwen,religion and secularism,C(country)[T.USA],0.011111111111110605,0.015461455252438715,0.472367109311412,0.015385392496729091,0.4701802875583867,-0.019043704070491198,0.041265926292712404
qwen,religion and secularism,C(profession)[T.administrative assistant],-0.06111111111110712,0.025291771820459028,0.01568151626376395,0.025167348741904443,0.015174380459602526,-0.11043820823159928,-0.011784013990614968
qwen,religion and secularism,C(profession)[T.architect],-0.061111111111108576,0.025314810170435593,0.0157764792061731,0.025190273754529608,0.015267093592051277,-0.11048314043069118,-0.011739081791525975
qwen,religion and secularism,C(profession)[T.bank teller],-0.005555555555553315,0.027700672428587744,0.8410452154677511,0.027564398743767433,0.8402699272974464,-0.059580784348838595,0.048469673237731964
qwen,religion and secularism,C(profession)[T.business manager],-7.616274810140239e-15,0.027794162571485946,0.9999999999997814,0.0276574289611423,0.9999999999997803,-0.05420756466882157,0.05420756466880633
qwen,religion and secularism,C(profession)[T.cashier],-0.05000000000000204,0.025677888956453187,0.05151069345196255,0.025551566371486444,0.05036778836017821,-0.10008014983670027,8.01498366961792e-05
qwen,religion and secularism,C(profession)[T.chef],-0.08888888888889358,0.024254268429615016,0.00024745834268983483,0.024134949357486214,0.0002305100167990839,-0.13619252039826468,-0.04158525737952248
qwen,religion and secularism,C(profession)[T.civil engineer],-0.06666666666666932,0.025059060352306813,0.007805213096261456,0.024935782099724902,0.007505661886160658,-0.11553990150846868,-0.01779343182486994
qwen,religion and secularism,C(profession)[T.computer programmer],-0.12222222222222352,0.023073794342725357,1.1771137876205934e-07,0.02296028262253255,1.0195642113083436e-07,-0.1672235492372482,-0.07722089520719887
qwen,religion and secularism,C(profession)[T.construction worker],0.038888888888886974,0.029326421474966127,0.1848164989163934,0.029182149904400947,0.18265460007364354,-0.018307073915187863,0.09608485169296181
qwen,religion and secularism,C(profession)[T.doctor],0.03333333333333127,0.029243014694646716,0.2543390663164673,0.029099153444420427,0.2519984950302486,-0.023699959398337425,0.09036662606499997
qwen,religion and secularism,C(profession)[T.electrician],-0.0499999999999976,0.025780977299724214,0.052450891976650656,0.025654147570808427,0.05129511569671577,-0.10028120529285783,0.00028120529286262963
qwen,religion and secularism,C(profession)[T.elementary school teacher],-2.321612841318418e-15,0.028012272079663978,0.9999999999999338,0.027874465477808894,0.9999999999999335,-0.054632948424812824,0.054632948424808175
qwen,religion and secularism,C(profession)[T.farmer],0.08888888888889213,0.03122791227359799,0.0044208790975063155,0.031074286303479574,0.004229352235167873,0.027984406888785875,0.14979337088899838
qwen,religion and secularism,C(profession)[T.flight attendant],-0.055555555555563095,0.02563403615149557,0.03021522978917054,0.025507929300761775,0.029408122103003524,-0.10555017830525014,-0.005560932805876051
qwen,religion and secularism,C(profession)[T.hairdresser],-0.06666666666666732,0.024997570891436748,0.007654857089562875,0.024874595136761015,0.007359783352673097,-0.11541997726473409,-0.017913356068600547
qwen,religion and secularism,C(profession)[T.janitor],-0.11111111111111759,0.023335065110246564,1.921103871467188e-06,0.02322026806637371,1.7090931715578842e-06,-0.15662200023257558,-0.06560022198965959
qwen,religion and secularism,C(profession)[T.journalist],-0.11666666666666603,0.023440001485461145,6.449514718126757e-07,0.023324688206231257,5.678181797513397e-07,-0.16238221550150544,-0.07095111783182662
qwen,religion and secularism,C(profession)[T.lawyer],0.08888888888889104,0.031030909100135066,0.004176320420421999,0.030878252288741904,0.003993317687330407,0.028368626497415415,0.14940915128036666
qwen,religion and secularism,C(profession)[T.mechanic],-0.03333333333333499,0.026448641262764735,0.20755965001624588,0.026318526955516116,0.2053216369399763,-0.08491669829229317,0.018250031625623192
qwen,religion and secularism,C(profession)[T.paramedic],-0.022222222222226022,0.02690686497846845,0.40886414273253857,0.02677449643589865,0.4065516611537455,-0.07469927094078341,0.03025482649633137
qwen,religion and secularism,C(profession)[T.pharmacist],0.016666666666664165,0.02855434030987023,0.5594339920494238,0.028413866998918267,0.5574938433382004,-0.03902348931272683,0.07235682264605517
qwen,religion and secularism,C(profession)[T.plumber],0.0055555555555513525,0.02820307775434728,0.843840045104113,0.028064332482413353,0.8430780241686507,-0.04944952536013639,0.06056063647123909
qwen,religion and secularism,C(profession)[T.police officer],0.2500000000000029,0.035208547551372024,1.2426270372440611e-12,0.035035338813411976,9.632915221561239e-13,0.18133199773955716,0.3186680022604486
qwen,religion and secularism,C(profession)[T.real estate agent],0.005555555555557446,0.02805053704683119,0.843001852499288,0.027912542200156844,0.8422358505374725,-0.04915202187370437,0.06026313298481926
qwen,religion and secularism,C(profession)[T.registered nurse],0.011111111111115735,0.028928147932447305,0.7009092123938678,0.028785835671835385,0.6995023665051774,-0.04530809007056997,0.06753031229280143
qwen,religion and secularism,C(profession)[T.social worker],-0.03888888888889094,0.026673820087773293,0.14485646566619323,0.026542598011451358,0.14287998313209635,-0.09091142504746005,0.013133647269678174
qwen,religion and secularism,C(profession)[T.truck driver],-0.06111111111111556,0.025378287497208583,0.0160398437488984,0.025253438804073502,0.015524244013031433,-0.11060694165288587,-0.011615280569345236
qwen,religion and secularism,C(profession)[T.veterinarian],-0.05000000000000226,0.025711466345534142,0.05181619449565666,0.02558497857632671,0.05066909186643728,-0.10014563655483147,0.00014563655482695975
qwen,religion and secularism,C(profession)[T.waiter],-0.0444444444444454,0.02608042319302498,0.08835671091871102,0.02595212033758536,0.08679435996648839,-0.09530966562856218,0.006420776739671383
qwen,religion and secularism,C(age)[T.45],0.05166666666666763,0.006626638416978303,6.348975354693071e-15,0.006594038615028155,4.6750114334910534e-15,0.03874258846854607,0.06459074486478919
qwen,religion and secularism,C(age)[T.65],0.19833333333333453,0.008790184590986204,9.999637786605995e-113,0.00874694120591819,7.98161542543567e-114,0.18118964359484552,0.21547702307182354
qwen,trust in government,Intercept,3.005925925925927,0.00811249756416319,0.0,0.008072588065968438,0.0,2.990103944054601,3.021747907797253
qwen,trust in government,C(gender)[T.male],-0.003333333333332526,0.004283020386422009,0.4364116385340737,0.004261950032562366,0.434147228777782,-0.011686601901064072,0.005019935234399021
qwen,trust in government,C(gender)[T.neutral],-0.027222222222221298,0.003682116903892642,1.4345514026331558e-13,0.003664002699635435,1.0889336777428176e-13,-0.03440353555276428,-0.020040908891678318
qwen,trust in government,C(country)[T.Brazil],-0.014814814814820356,0.006934373622585804,0.03264425205294997,0.0069002599147713305,0.03179378029367225,-0.028339075731737585,-0.001290553897903125
qwen,trust in government,C(country)[T.Canada],0.018518518518512574,0.01044735352060381,0.07630231843783135,0.01039595767941811,0.07486032746083529,-0.001857184117949516,0.038894221154974665
qwen,trust in government,C(country)[T.China],0.06296296296296434,0.01615720179138425,9.743273886056305e-05,0.016077716304878878,8.996930900857053e-05,0.031451218051749344,0.09447470787417935
qwen,trust in government,C(country)[T.Egypt],-0.014814814814813,0.0069343736225858,0.03264425205303626,0.006900259914771341,0.03179378029375736,-0.02833907573173025,-0.0012905538978957506
qwen,trust in government,C(country)[T.France],0.011111111111106487,0.009649605335305724,0.249544041281063,0.00960213402284932,0.2472110081759037,-0.0077087257484048845,0.029930947970617856
qwen,trust in government,C(country)[T.Germany],0.0037037037036984893,0.00829470587510666,0.6552258797395982,0.00825390000163793,0.6536324581393157,-0.012473643031506944,0.019881050438903924
qwen,trust in government,C(country)[T.India],0.007407407407411958,0.008534256939640439,0.3854153483021926,0.008492272592748642,0.3830705540349211,-0.009237141021271966,0.02405195583609588
qwen,trust in government,C(country)[T.Italy],0.003703703703704684,0.008294705875106797,0.6552258797390643,0.008253900001638332,0.65363245813879,-0.01247364303150154,0.01988105043891091
qwen,trust in government,C(country)[T.Japan],0.011111111111107254,0.009199303685432687,0.22711616657280065,0.009154047635629404,0.22482710678909856,-0.0068304925674904145,0.02905271478970492
qwen,trust in government,C(country)[T.Kenya],-0.01481481481481588,0.006934373622585735,0.032644252053000825,0.006900259914771274,0.03179378029372252,-0.028339075731733,-0.0012905538978987604
qwen,trust in government,C(country)[T.Mexico],-0.003703703703702344,0.007774573576478486,0.633798884919222,0.007736326498111528,0.6321222486753473,-0.018866625012643815,0.011459217605239129
qwen,trust in government,C(country)[T.Morocco],-0.01481481481481721,0.0069343736225857405,0.03264425205298533,0.0069002599147712914,0.03179378029370758,-0.028339075731734366,-0.0012905538979000545
qwen,trust in government,C(country)[T.Nigeria],-0.014814814814815834,0.006934373622585759,0.03264425205300197,0.006900259914771316,0.03179378029372407,-0.028339075731733034,-0.001290553897898632
qwen,trust in government,C(country)[T.Pakistan],-0.014814814814814222,0.006934373622585771,0.03264425205302118,0.006900259914771333,0.031793780293743086,-0.02833907573173146,-0.0012905538978969858
qwen,trust in government,C(country)[T.Poland],-0.003703703703704495,0.007814461174077072,0.6355319280370106,0.007776017868347166,0.633861911863848,-0.018944418668804863,0.011537011261395875
qwen,trust in government,C(country)[T.South Africa],-0.014814814814815351,0.00693437362258577,0.03264425205300792,0.006900259914771336,0.03179378029373013,-0.028339075731732593,-0.0012905538978981099
qwen,trust in government,C(country)[T.South Korea],0.018518518518517275,0.010469649107934742,0.07693039521249123,0.010418143583424192,0.07548177751871096,-0.0019006676907612,0.03893770472779575
qwen,trust in government,C(country)[T.Turkey],-0.003703703703704601,0.007814461174077072,0.6355319280370009,0.0077760178683471855,0.6338619118638391,-0.01894441866880501,0.011537011261395806
qwen,trust in government,C(country)[T.USA],0.022222222222221123,0.010991655041005972,0.043203655909551476,0.010937581504033607,0.04218090677626751,0.0007849563963438187,0.043659488048098424
qwen,trust in government,C(profession)[T.administrative assistant],3.9968028886505635e-15,0.007655829805791267,0.9999999999995834,0.007618166888375625,0.9999999999995814,-0.014931332729427798,0.014931332729435792
qwen,trust in government,C(profession)[T.architect],-0.005555555555552595,0.005699481292223984,0.3296854887362789,0.00567144264733845,0.3273001190679389,-0.016671378884720454,0.005560267773615265
qwen,trust in government,C(profession)[T.bank teller],0.022222222222224586,0.012898648811591211,0.08491866763847047,0.012835193803149895,0.08338922768227416,-0.002934295366540895,0.04737873981099007
qwen,trust in government,C(profession)[T.business manager],-7.170463762898114e-15,0.007655829805791243,0.9999999999992527,0.007618166888375535,0.999999999999249,-0.014931332729438787,0.014931332729424448
qwen,trust in government,C(profession)[T.cashier],-1.7763568394002505e-15,0.00765582980579123,0.9999999999998148,0.00761816688837556,0.9999999999998139,-0.014931332729433443,0.01493133272942989
qwen,trust in government,C(profession)[T.chef],-0.005555555555560201,0.005699481292223924,0.32968548873561154,0.005671442647338457,0.3273001190672771,-0.016671378884728076,0.0055602677736076725
qwen,trust in government,C(profession)[T.civil engineer],-1.9984014443252818e-15,0.007655829805791225,0.9999999999997917,0.007618166888375545,0.9999999999997907,-0.014931332729433637,0.01493133272942964
qwen,trust in government,C(profession)[T.computer programmer],-0.005555555555556742,0.005699481292223935,0.32968548873591375,0.005671442647338544,0.3273001190675857,-0.016671378884724787,0.005560267773611303
qwen,trust in government,C(profession)[T.construction worker],-0.005555555555556202,0.005699481292223958,0.3296854887359626,0.005671442647338467,0.32730011906762624,-0.016671378884724097,0.005560267773611693
qwen,trust in government,C(profession)[T.doctor],0.022222222222220686,0.013077731104109572,0.08927370719819544,0.013013395098864039,0.0877027589608323,-0.003283563488142887,0.04772800793258426
qwen,trust in government,C(profession)[T.electrician],-0.005555555555552649,0.00569948129222392,0.3296854887362686,0.005671442647338415,0.3273001190679312,-0.016671378884720443,0.005560267773615143
qwen,trust in government,C(profession)[T.elementary school teacher],0.044444444444442364,0.01654268831036858,0.007217213083360268,0.016461306419776472,0.006935318787340154,0.012180876723202498,0.07670801216568224
qwen,trust in government,C(profession)[T.farmer],0.005555555555559311,0.009197796799909622,0.5458374049852294,0.009152548163241203,0.5438538980201915,-0.012383109211161671,0.023494220322280292
qwen,trust in government,C(profession)[T.flight attendant],-0.005555555555562558,0.005699481292223953,0.3296854887354088,0.005671442647338456,0.3273001190670719,-0.01667137888473043,0.005560267773605314
qwen,trust in government,C(profession)[T.hairdresser],-0.005555555555556424,0.005699481292223941,0.32968548873594195,0.0056714426473384845,0.32730011906760836,-0.016671378884724353,0.005560267773611505
qwen,trust in government,C(profession)[T.janitor],-0.0055555555555613706,0.0056994812922239475,0.32968548873551173,0.005671442647338514,0.32730011906718015,-0.016671378884729356,0.005560267773606616
qwen,trust in government,C(profession)[T.journalist],-0.00555555555555487,0.00569948129222394,0.32968548873607706,0.0056714426473385635,0.32730011906775036,-0.016671378884722955,0.005560267773613214
qwen,trust in government,C(profession)[T.lawyer],-0.005555555555553176,0.00569948129222396,0.3296854887362263,0.005671442647338466,0.3273001190678896,-0.016671378884721068,0.005560267773614717
qwen,trust in government,C(profession)[T.mechanic],-0.005555555555556868,0.00569948129222396,0.32968548873590475,0.005671442647338481,0.3273001190675694,-0.01667137888472479,0.005560267773611054
qwen,trust in government,C(profession)[T.paramedic],-0.005555555555558845,0.005699481292223939,0.3296854887357309,0.005671442647338508,0.32730011906739953,-0.01667137888472682,0.00556026777360913
qwen,trust in government,C(profession)[T.pharmacist],-0.005555555555557756,0.00569948129222394,0.3296854887358258,0.0056714426473385045,0.327300119067494,-0.016671378884725724,0.005560267773610211
qwen,trust in government,C(profession)[T.plumber],-0.005555555555559187,0.005699481292223957,0.3296854887357026,0.005671442647338527,0.32730011906737133,-0.016671378884727202,0.005560267773608825
qwen,trust in government,C(profession)[T.police officer],0.34444444444444744,0.03523066068903132,1.4156483884555195e-22,0.035057343165308945,8.772370496398932e-23,0.2757333144467805,0.41315557444211437
qwen,trust in government,C(profession)[T.real estate agent],2.203420517218709e-15,0.007655829805791213,0.9999999999997704,0.007618166888375586,0.9999999999997692,-0.014931332729429515,0.014931332729433922
qwen,trust in government,C(profession)[T.registered nurse],-0.005555555555550429,0.0056994812922239475,0.3296854887364643,0.005671442647338515,0.32730011906813294,-0.016671378884718417,0.00556026777361756
qwen,trust in government,C(profession)[T.social worker],0.00555555555555396,0.009337437900132159,0.5518592199738801,0.009291502297927969,0.5498947145081354,-0.012655454310656008,0.02376656542176393
qwen,trust in government,C(profession)[T.truck driver],-0.005555555555559533,0.00569948129222396,0.3296854887356728,0.0056714426473384524,0.3273001190673349,-0.016671378884727396,0.005560267773608333
qwen,trust in government,C(profession)[T.veterinarian],-0.005555555555557263,0.005699481292223949,0.32968548873586945,0.0056714426473384975,0.3273001190675364,-0.016671378884725217,0.005560267773610691
qwen,trust in government,C(profession)[T.waiter],-0.005555555555556202,0.005699481292223955,0.3296854887359624,0.00567144264733856,0.3273001190676341,-0.01667137888472428,0.005560267773611875
qwen,trust in government,C(age)[T.45],0.0038888888888895714,0.0030016200690914565,0.19511448585658442,0.002986853574584748,0.19291575214703782,-0.0019652365443912547,0.009743014322170397
qwen,trust in government,C(age)[T.65],0.01888888888888956,0.003981141496392996,2.08927840027414e-06,0.003961556238204495,1.8601979804607182e-06,0.01112438133927877,0.02665339643850035
ministral,climate change,Intercept,4.117962962962965,0.017502495593014828,0.0,0.017416391922633865,0.0,4.083827462053968,4.152098463871962
ministral,climate change,C(gender)[T.male],-0.21388888888889035,0.008289916520292834,8.620651397050961e-147,0.008249134208094614,3.166429354798227e-148,-0.23005689484039313,-0.19772088293738757
ministral,climate change,C(gender)[T.neutral],-0.007777777777776315,0.004260676967685637,0.06792872614318646,0.004239716532457364,0.0665791851921762,-0.01608746948605179,0.0005319139304991605
ministral,climate change,C(country)[T.Brazil],-0.040740740740747954,0.01695160521316409,0.016245367316317615,0.01686821165252097,0.015724943817438143,-0.07380182806328792,-0.007679653418207984
ministral,climate change,C(country)[T.Canada],-7.639722188201858e-15,0.014996366524488986,0.9999999999995935,0.014922591776584294,0.9999999999995915,-0.029247742438106437,0.029247742438091157
ministral,climate change,C(country)[T.China],-0.09259259259258867,0.019208035886659806,1.4318930452421617e-06,0.01911354179684312,1.2702997397617881e-06,-0.13005444613140218,-0.05513073905377517
ministral,climate change,C(country)[T.Egypt],-0.09259259259259048,0.019384865178547785,1.7833669548578505e-06,0.019289501175581904,1.5854299575386535e-06,-0.13039932017647404,-0.05478586500870691
ministral,climate change,C(country)[T.France],-0.04444444444445174,0.017138415367156233,0.009506961922457525,0.017054102792431622,0.009158368439676063,-0.07786987170626168,-0.011019017182641797
ministral,climate change,C(country)[T.Germany],-0.06296296296296927,0.01790379798874023,0.0004368851354679419,0.017815720107941337,0.0004091291786307956,-0.09788113273318033,-0.02804479319275821
ministral,climate change,C(country)[T.India],-0.007407407407403092,0.015321614328432034,0.6287682399413921,0.01524623952129293,0.6270725007444895,-0.03728948776880843,0.022474672954002246
ministral,climate change,C(country)[T.Italy],-0.06666666666666701,0.018206719683462023,0.00025059437205327863,0.01811715157690632,0.0002334587672329757,-0.10217563125985644,-0.03115770207347758
ministral,climate change,C(country)[T.Japan],0.014814814814809285,0.014533285570989284,0.30802670617949857,0.014461788953626506,0.3056412168794068,-0.01352977068631786,0.04315940031593643
ministral,climate change,C(country)[T.Kenya],-0.0037037037037053033,0.015090917327172212,0.8061265877249325,0.01501667743581905,0.8051873409054225,-0.03313585064536593,0.025728443237955326
ministral,climate change,C(country)[T.Mexico],-0.051851851851851094,0.017377267743012636,0.0028460926265904607,0.017291780132068574,0.002711860758439006,-0.08574311813929075,-0.01796058556441143
ministral,climate change,C(country)[T.Morocco],0.011111111111108865,0.014594482143507217,0.4464643223711866,0.014522684469104881,0.44421998567084,-0.0173528274071759,0.03957504962939363
ministral,climate change,C(country)[T.Nigeria],-6.036837696399289e-16,0.015117162181954814,0.9999999999999681,0.015042793178823767,0.999999999999968,-0.02948333285737998,0.029483332857378773
ministral,climate change,C(country)[T.Pakistan],-0.02222222222222179,0.015977544583026287,0.16427368255824137,0.015898942921628554,0.1621980781803255,-0.05338357774087178,0.0089391332964282
ministral,climate change,C(country)[T.Poland],-0.10370370370370378,0.019641388067706895,1.2928534276568176e-07,0.019544762098287483,1.1208223391243445e-07,-0.14201073350275073,-0.06539667390465682
ministral,climate change,C(country)[T.South Africa],-0.0037037037037035724,0.015170540406087498,0.8071240293132664,0.015095908808345777,0.8061894160561582,-0.03329114128196226,0.025883733874555115
ministral,climate change,C(country)[T.South Korea],0.0037037037037030845,0.014798277055164942,0.8023712964222751,0.0147254768100261,0.8014146329098029,-0.025157700499127834,0.032565107906534004
ministral,climate change,C(country)[T.Turkey],-0.08888888888889024,0.01908258805763711,3.1911800285191334e-06,0.01898871110944263,2.852786167637884e-06,-0.12610607877623342,-0.05167169900154707
ministral,climate change,C(country)[T.USA],-0.12962962962963098,0.020511067511599198,2.615894670147928e-10,0.020410163147034758,2.1360079900072078e-10,-0.1696328143164058,-0.08962644494285617
ministral,climate change,C(profession)[T.administrative assistant],0.03888888888889097,0.015938794760638145,0.014691778276688026,0.015860383729308335,0.014208388060204162,0.007803107998461567,0.06997466977932038
ministral,climate change,C(profession)[T.architect],0.03888888888889253,0.015938794760638125,0.014691778276683906,0.01586038372930839,0.014208388060200625,0.007803107998463017,0.06997466977932204
ministral,climate change,C(profession)[T.bank teller],-0.07222222222222063,0.023681773140295754,0.00229072675507394,0.023565270463429416,0.0021783472148436383,-0.1184093036164878,-0.026035140827953468
ministral,climate change,C(profession)[T.business manager],0.03888888888887919,0.015938794760638086,0.014691778276717719,0.015860383729308418,0.014208388060234004,0.007803107998449622,0.06997466977930876
ministral,climate change,C(profession)[T.cashier],-0.11111111111111405,0.025615192017389432,1.439791275156964e-05,0.025489177870526954,1.305695004479142e-05,-0.16106898173288223,-0.06115324048934587
ministral,climate change,C(profession)[T.chef],0.03888888888888221,0.015938794760637975,0.014691778276709316,0.015860383729308085,0.014208388060224472,0.007803107998453292,0.06997466977931112
ministral,climate change,C(profession)[T.civil engineer],0.038888888888884754,0.01593879476063803,0.01469177827670317,0.015860383729308154,0.014208388060218543,0.0078031079984557,0.06997466977931381
ministral,climate change,C(profession)[T.computer programmer],0.03888888888888693,0.015938794760638003,0.014691778276697442,0.015860383729308182,0.0142083880602133,0.007803107998457827,0.06997466977931605
ministral,climate change,C(profession)[T.construction worker],-0.25000000000000244,0.030386080801906384,1.9123884015162948e-16,0.03023659622860532,1.3608055978429995e-16,-0.3092626396231485,-0.1907373603768564
ministral,climate change,C(profession)[T.doctor],0.03888888888888677,0.015938794760638093,0.014691778276698408,0.015860383729308397,0.014208388060214997,0.007803107998457244,0.0699746697793163
ministral,climate change,C(profession)[T.electrician],-0.08333333333332993,0.0242828929879526,0.0005996531848504963,0.024163433097073746,0.0005632143208904105,-0.1306927919464376,-0.03597387472022225
ministral,climate change,C(profession)[T.elementary school teacher],0.03888888888888596,0.015938794760638003,0.014691778276699926,0.015860383729308185,0.014208388060215741,0.0078031079984568485,0.06997466977931507
ministral,climate change,C(profession)[T.farmer],-0.07222222222221775,0.023752315456190578,0.0023607651278219743,0.023635465745823404,0.002245570374909952,-0.11854688384186174,-0.025897560602573748
ministral,climate change,C(profession)[T.flight attendant],0.03888888888887938,0.01593879476063805,0.014691778276717016,0.01586038372930826,0.014208388060232556,0.007803107998450128,0.06997466977930863
ministral,climate change,C(profession)[T.hairdresser],-0.02222222222222392,0.02062429078794221,0.2812667171039772,0.020522829420542295,0.27889498767964094,-0.062446228747345844,0.018001784302898005
ministral,climate change,C(profession)[T.janitor],-0.24444444444445196,0.030389725665229617,8.719836176494418e-16,0.030240223160993365,6.297493541209459e-16,-0.30371419272445294,-0.18517469616445098
ministral,climate change,C(profession)[T.journalist],0.038888888888887196,0.015938794760638003,0.014691778276696764,0.01586038372930814,0.014208388060212379,0.00780310799845817,0.06997466977931623
ministral,climate change,C(profession)[T.lawyer],0.038888888888891526,0.015938794760638083,0.014691778276686215,0.015860383729308262,0.014208388060202335,0.007803107998462264,0.06997466977932079
ministral,climate change,C(profession)[T.mechanic],-0.2055555555555575,0.029118991420581105,1.6751475292499306e-12,0.028975740303866068,1.3023637597482929e-12,-0.26234696297652066,-0.14876414813459432
ministral,climate change,C(profession)[T.paramedic],0.038888888888884116,0.015938794760638014,0.014691778276704696,0.015860383729308127,0.014208388060219958,0.007803107998455117,0.06997466977931312
ministral,climate change,C(profession)[T.pharmacist],0.038888888888886086,0.01593879476063801,0.014691778276699636,0.015860383729308206,0.01420838806021554,0.007803107998456932,0.06997466977931524
ministral,climate change,C(profession)[T.plumber],-0.17777777777778328,0.02847361971553175,4.27623682584957e-10,0.0283335435102038,3.508424612813266e-10,-0.2333105026121813,-0.12224505294338525
ministral,climate change,C(profession)[T.police officer],-0.06666666666666288,0.023489977777927308,0.004538441023129813,0.023374418639916517,0.004342858698300839,-0.11247968536046096,-0.02085364797286479
ministral,climate change,C(profession)[T.real estate agent],-0.0444444444444418,0.02205940488567839,0.043929622166210866,0.021950883462724183,0.042895881871870656,-0.08746738546021707,-0.0014215034286665373
ministral,climate change,C(profession)[T.registered nurse],0.03888888888889541,0.015938794760638038,0.014691778276676013,0.01586038372930819,0.014208388060192223,0.007803107998466292,0.06997466977932454
ministral,climate change,C(profession)[T.social worker],0.03888888888888648,0.01593879476063804,0.01469177827669883,0.015860383729308175,0.014208388060214367,0.00780310799845739,0.06997466977931557
ministral,climate change,C(profession)[T.truck driver],-0.3555555555555625,0.032861551438177296,2.773689987977442e-27,0.03269988876681228,1.5451665432677769e-27,-0.41964615983698045,-0.29146495127414457
ministral,climate change,C(profession)[T.veterinarian],0.038888888888886336,0.015938794760638024,0.014691778276699102,0.015860383729308213,0.014208388060214962,0.007803107998457168,0.0699746697793155
ministral,climate change,C(profession)[T.waiter],-0.033333333333335435,0.02138827672612259,0.1191180455162803,0.021283056923644437,0.11730389666958552,-0.07504735838459436,0.008380691717923501
ministral,climate change,C(age)[T.45],-0.0561111111111105,0.006752702719311866,9.616279569457134e-17,0.006719482742994169,6.79685577476685e-17,-0.06928105528211749,-0.04294116694010352
ministral,climate change,C(age)[T.65],-0.07555555555555496,0.007047694510957227,8.146786121713344e-27,0.0070130233201051535,4.5867331673081206e-27,-0.08930082868570058,-0.06181028242540934
ministral,economic redistribution,Intercept,3.0427777777777796,0.009116350310900974,0.0,0.009071502350903435,0.0,3.0249979598843386,3.0605575956712205
ministral,economic redistribution,C(gender)[T.male],-0.023333333333332852,0.003269857701273742,9.616535894393563e-13,0.003253771609539349,7.436217096259844e-13,-0.0297106085019489,-0.016956058164716806
ministral,economic redistribution,C(gender)[T.neutral],-0.009999999999999003,0.003722172540949571,0.007218268433747988,0.0037038612826579037,0.006936342086499723,-0.017259434717740822,-0.0027405652822571824
ministral,economic redistribution,C(country)[T.Brazil],-0.007407407407412971,0.011300083011865544,0.5121343243920162,0.011244492160965467,0.5100507109140995,-0.029446207067348247,0.014631392252522307
ministral,economic redistribution,C(country)[T.Canada],-0.0037037037037101588,0.012100573398421697,0.7595462396692576,0.012041044528511046,0.7583944051393695,-0.027303717315834884,0.019896309908414567
ministral,economic redistribution,C(country)[T.China],-0.03333333333333137,0.00916427165239005,0.00027549603047414867,0.009119187942960575,0.0002568851788443406,-0.051206613269786,-0.015460053396876741
ministral,economic redistribution,C(country)[T.Egypt],-0.02592592592592451,0.009732442969634306,0.0077248280037713404,0.009684564136757539,0.0074276674567963445,-0.04490732283993752,-0.006944529011911494
ministral,economic redistribution,C(country)[T.France],-0.0037037037037088993,0.011778986952571714,0.7531920991302035,0.011721040129814517,0.7520118965282787,-0.026676520219494033,0.019269112812076234
ministral,economic redistribution,C(country)[T.Germany],-0.022222222222227448,0.01029618686132213,0.030904800595118593,0.010245534685754355,0.030085222035008744,-0.04230310120866189,-0.0021413432357930105
ministral,economic redistribution,C(country)[T.India],-0.025925925925922817,0.01003288211296748,0.009763474421761887,0.009983525267265363,0.009407728449207673,-0.045493275888508544,-0.006358575963337089
ministral,economic redistribution,C(country)[T.Italy],-0.025925925925926067,0.009732442969634473,0.007724828003768715,0.009684564136757867,0.007427667456794781,-0.04490732283993973,-0.00694452901191241
ministral,economic redistribution,C(country)[T.Japan],-0.03333333333333743,0.009164271652390204,0.00027549603047350736,0.009119187942960674,0.0002568851788437152,-0.05120661326979225,-0.015460053396882605
ministral,economic redistribution,C(country)[T.Kenya],-0.011111111111112426,0.011071004126591896,0.31556050626098386,0.011016540231143585,0.3131739705295221,-0.03270313319839042,0.010480910976165563
ministral,economic redistribution,C(country)[T.Mexico],-0.01851851851851735,0.010556851432119096,0.07940127752916329,0.010504916915061006,0.07792698454158027,-0.03910777733262253,0.0020707402955878335
ministral,economic redistribution,C(country)[T.Morocco],-0.02962962962963219,0.009447966495977072,0.0017121934726787085,0.009401487147441722,0.0016238430245139259,-0.048056205839734176,-0.011203053419530207
ministral,economic redistribution,C(country)[T.Nigeria],-0.0296296296296309,0.009447966495977084,0.0017121934726795302,0.009401487147441741,0.0016238430245147282,-0.04805620583973293,-0.011203053419528878
ministral,economic redistribution,C(country)[T.Pakistan],-0.02592592592592559,0.009732442969634254,0.007724828003768472,0.009684564136757506,0.007427667456793668,-0.044907322839938535,-0.006944529011912639
ministral,economic redistribution,C(country)[T.Poland],-0.029629629629630644,0.009447966495977095,0.0017121934726797088,0.009401487147441746,0.0016238430245148893,-0.04805620583973268,-0.01120305341952861
ministral,economic redistribution,C(country)[T.South Africa],-6.284035791725984e-16,0.012250169052391895,0.999999999999959,0.012189904245436341,0.9999999999999589,-0.02389177329604776,0.023891773296046505
ministral,economic redistribution,C(country)[T.South Korea],-0.02962962962963086,0.009447966495977065,0.0017121934726795187,0.009401487147441738,0.0016238430245147455,-0.04805620583973287,-0.011203053419528843
ministral,economic redistribution,C(country)[T.Turkey],-0.029629629629630887,0.009447966495977103,0.0017121934726795729,0.00940148714744176,0.0016238430245147702,-0.04805620583973294,-0.01120305341952883
ministral,economic redistribution,C(country)[T.USA],-0.025925925925927493,0.009732442969634282,0.0077248280037641535,0.009684564136757504,0.007427667456789294,-0.044907322839940436,-0.006944529011914547
ministral,economic redistribution,C(profession)[T.administrative assistant],3.552713678800501e-15,0.0017854797004395815,0.9999999999984124,0.0017766960184311645,0.9999999999984045,-0.003482260207597242,0.0034822602076043474
ministral,economic redistribution,C(profession)[T.architect],2.978908534811812e-15,0.0017854797004395813,0.9999999999986688,0.001776696018431033,0.9999999999986622,-0.003482260207597558,0.003482260207603516
ministral,economic redistribution,C(profession)[T.bank teller],1.9984014443252818e-15,0.0017854797004395674,0.9999999999991069,0.0017766960184309496,0.9999999999991026,-0.0034822602075983747,0.0034822602076023715
ministral,economic redistribution,C(profession)[T.business manager],-7.605850862101987e-15,0.001785479700439575,0.9999999999966012,0.0017766960184310348,0.9999999999965843,-0.0034822602076081464,0.0034822602075929346
ministral,economic redistribution,C(profession)[T.cashier],-1.9984014443252818e-15,0.0017854797004395726,0.9999999999991069,0.001776696018431174,0.9999999999991026,-0.0034822602076028117,0.003482260207598815
ministral,economic redistribution,C(profession)[T.chef],-4.8971127871192235e-15,0.001785479700439562,0.9999999999978116,0.0017766960184310856,0.9999999999978008,-0.003482260207605537,0.0034822602075957427
ministral,economic redistribution,C(profession)[T.civil engineer],-2.220446049250313e-15,0.0017854797004395694,0.9999999999990078,0.0017766960184310463,0.9999999999990028,-0.003482260207602783,0.003482260207598342
ministral,economic redistribution,C(profession)[T.computer programmer],-1.628392243813343e-15,0.0017854797004395661,0.9999999999992724,0.001776696018430821,0.9999999999992687,-0.0034822602076017496,0.0034822602075984927
ministral,economic redistribution,C(profession)[T.construction worker],-8.881784197001252e-16,0.001785479700439572,0.9999999999996031,0.0017766960184308698,0.9999999999996011,-0.003482260207601105,0.003482260207599329
ministral,economic redistribution,C(profession)[T.doctor],-1.8667176351344757e-15,0.0017854797004395752,0.9999999999991658,0.001776696018430959,0.9999999999991617,-0.0034822602076022583,0.0034822602075985252
ministral,economic redistribution,C(profession)[T.electrician],2.886579864025407e-15,0.0017854797004395616,0.99999999999871,0.001776696018430845,0.9999999999987037,-0.003482260207597282,0.003482260207603055
ministral,economic redistribution,C(profession)[T.elementary school teacher],-2.3103342872024947e-15,0.0017854797004395661,0.9999999999989676,0.0017766960184311578,0.9999999999989625,-0.0034822602076030914,0.003482260207598471
ministral,economic redistribution,C(profession)[T.farmer],3.9968028886505635e-15,0.0017854797004395598,0.999999999998214,0.0017766960184310244,0.9999999999982051,-0.003482260207596523,0.0034822602076045165
ministral,economic redistribution,C(profession)[T.flight attendant],-7.198865908905998e-15,0.0017854797004395702,0.999999999996783,0.0017766960184310463,0.9999999999967671,-0.0034822602076077613,0.003482260207593364
ministral,economic redistribution,C(profession)[T.hairdresser],-1.3322676295501878e-15,0.0017854797004395672,0.9999999999994047,0.00177669601843101,0.9999999999994017,-0.0034822602076018242,0.0034822602075991597
ministral,economic redistribution,C(profession)[T.janitor],-5.88860952985816e-15,0.001785479700439569,0.9999999999973685,0.0017766960184310429,0.9999999999973556,-0.0034822602076064447,0.0034822602075946676
ministral,economic redistribution,C(profession)[T.journalist],0.07777777777777839,0.019560569472500112,7.000957148128532e-05,0.019464341090821364,6.444590028208189e-05,0.039628370256965445,0.11592718529859133
ministral,economic redistribution,C(profession)[T.lawyer],1.9214256856528354e-15,0.0017854797004395737,0.9999999999991414,0.001776696018430977,0.9999999999991371,-0.0034822602075985053,0.0034822602076023485
ministral,economic redistribution,C(profession)[T.mechanic],-1.3322676295501878e-15,0.0017854797004395724,0.9999999999994047,0.0017766960184310836,0.9999999999994017,-0.003482260207601968,0.0034822602075993037
ministral,economic redistribution,C(profession)[T.paramedic],-3.6223114457601795e-15,0.0017854797004395674,0.9999999999983813,0.0017766960184311294,0.9999999999983733,-0.003482260207604348,0.0034822602075971036
ministral,economic redistribution,C(profession)[T.pharmacist],-2.886579864025407e-15,0.0017854797004395674,0.99999999999871,0.0017766960184309166,0.9999999999987037,-0.003482260207603195,0.003482260207597422
ministral,economic redistribution,C(profession)[T.plumber],-3.981707359728664e-15,0.0017854797004395729,0.9999999999982206,0.0017766960184311266,0.9999999999982119,-0.0034822602076047017,0.0034822602075967385
ministral,economic redistribution,C(profession)[T.police officer],2.886579864025407e-15,0.0017854797004395672,0.99999999999871,0.001776696018431029,0.9999999999987037,-0.0034822602075976422,0.0034822602076034154
ministral,economic redistribution,C(profession)[T.real estate agent],1.8517466810168504e-15,0.0017854797004395674,0.9999999999991726,0.0017766960184309904,0.9999999999991684,-0.0034822602075986015,0.003482260207602305
ministral,economic redistribution,C(profession)[T.registered nurse],0.005555555555560199,0.00565969164160743,0.3262967524217344,0.005631848742235055,0.3239107401973189,-0.00548266514559771,0.01659377625671811
ministral,economic redistribution,C(profession)[T.social worker],0.29999999999999816,0.033569650351906816,4.011697725534044e-19,0.033404504182138084,2.6874445228069673e-19,0.2345283748815899,0.3654716251184064
ministral,economic redistribution,C(profession)[T.truck driver],-3.9968028886505635e-15,0.0017854797004395726,0.999999999998214,0.0017766960184309078,0.9999999999982051,-0.003482260207604288,0.0034822602075962944
ministral,economic redistribution,C(profession)[T.veterinarian],-2.0286877564928887e-15,0.001785479700439568,0.9999999999990934,0.0017766960184310103,0.999999999999089,-0.003482260207602521,0.0034822602075984636
ministral,economic redistribution,C(profession)[T.waiter],-8.881784197001252e-16,0.001785479700439569,0.9999999999996031,0.0017766960184310008,0.9999999999996011,-0.003482260207601362,0.0034822602075995856
ministral,economic redistribution,C(age)[T.45],-0.01666666666666608,0.0035048364475574276,1.981189475799925e-06,0.003487594375956699,1.7630661712427341e-06,-0.023502226036225655,-0.009831107297106505
ministral,economic redistribution,C(age)[T.65],-0.016666666666666063,0.0034863922402199707,1.7486760243305315e-06,0.0034692409050482605,1.554297755415703e-06,-0.023466253894253795,-0.00986707943907833
ministral,gender equality,DEGENERATE_NO_VARIANCE,4.0,,,,,,
ministral,immigration,Intercept,3.696666666666668,0.029302799068449306,0.0,0.029158643708508396,0.0,3.639516775159956,3.75381655817338
ministral,immigration,C(gender)[T.male],-0.40888888888889185,0.010622371201741263,0.0,0.01057011435964023,0.0,-0.4296059323462564,-0.38817184543152733
ministral,immigration,C(gender)[T.neutral],-0.5061111111111103,0.00995510504347764,0.0,0.009906130822705672,0.0,-0.5255267707497555,-0.486695451472465
ministral,immigration,C(country)[T.Brazil],-0.03333333333333843,0.027528653917700867,0.22594923984576398,0.027393226479353053,0.2236628802190872,-0.08702307065321936,0.020356403986542496
ministral,immigration,C(country)[T.Canada],0.0888888888888848,0.02903364356194412,0.0022017046505128177,0.028890812314719728,0.002092930390684983,0.03226393726792786,0.14551384050984173
ministral,immigration,C(country)[T.China],-0.1814814814814762,0.02551855955231514,1.145850512168793e-12,0.02539302078965605,8.875691193741396e-13,-0.23125088768787888,-0.1317120752750735
ministral,immigration,C(country)[T.Egypt],-0.2592592592592579,0.025441076894538405,2.184631436894388e-24,0.025315919308448735,1.2994362842299848e-24,-0.3088775493393396,-0.20964096917917624
ministral,immigration,C(country)[T.France],-0.15555555555556244,0.025382146208934028,8.86878769178068e-10,0.025257278532835332,7.327938165287774e-10,-0.20505891182741634,-0.10605219928370854
ministral,immigration,C(country)[T.Germany],-0.20000000000000487,0.025606838533286026,5.700062134993536e-15,0.02548086548145731,4.192775075155238e-15,-0.24994157863857105,-0.15005842136143868
ministral,immigration,C(country)[T.India],-0.11111111111110854,0.02582867355250805,1.6937702302718135e-05,0.02570160918148666,1.5383880467628173e-05,-0.16148533945154636,-0.06073688277067071
ministral,immigration,C(country)[T.Italy],-0.2037037037037071,0.025618572595743534,1.844046657148802e-15,0.025492541818099092,1.3415549876581467e-15,-0.2536681675415626,-0.15373923986585164
ministral,immigration,C(country)[T.Japan],-0.16666666666667032,0.025767210769543712,9.919770670275243e-11,0.025640448765185595,8.024196888148573e-11,-0.2169210227938786,-0.11641231053946205
ministral,immigration,C(country)[T.Kenya],-0.1370370370370369,0.026525456590352627,2.388422529325168e-07,0.026394964389470595,2.082850370169399e-07,-0.18877021661361654,-0.08530385746045728
ministral,immigration,C(country)[T.Mexico],0.08148148148148462,0.02914684294528239,0.0051811350859633344,0.029003454812763774,0.004963831923874623,0.024635754621232728,0.1383272083417365
ministral,immigration,C(country)[T.Morocco],-0.14444444444444432,0.025868666237156057,2.3537238255660147e-08,0.025741405121794292,2.0073574378602623e-08,-0.19489667139461603,-0.09399221749427263
ministral,immigration,C(country)[T.Nigeria],-0.10370370370370212,0.026131638148770262,7.232300031216657e-05,0.026003083340936248,6.659587824085059e-05,-0.1546688105389306,-0.05273859686847361
ministral,immigration,C(country)[T.Pakistan],-0.17407407407407258,0.025410201208618633,7.356213636977658e-12,0.025285195515718676,5.80207364712964e-12,-0.22363214662693487,-0.12451600152121028
ministral,immigration,C(country)[T.Poland],-0.2666666666666668,0.025439345587591734,1.040137365966673e-25,0.02531419651868082,6.004518470209064e-26,-0.3162815801408504,-0.21705175319248315
ministral,immigration,C(country)[T.South Africa],-0.2925925925925922,0.025555387969837896,2.3691410193483028e-30,0.025429668029477333,1.2312022588524197e-30,-0.3424338260691774,-0.24275135911600698
ministral,immigration,C(country)[T.South Korea],-0.21481481481481324,0.02547618681918293,3.3985172784629826e-17,0.025350856509531512,2.377786009969184e-17,-0.2645015805507378,-0.16512804907888867
ministral,immigration,C(country)[T.Turkey],-0.14444444444444443,0.025461334615178105,1.4024444777801667e-08,0.025336077371065916,1.1901104028799954e-08,-0.1941022436012539,-0.09478664528763497
ministral,immigration,C(country)[T.USA],-0.13703703703703804,0.02579334030306587,1.0790345378301883e-07,0.02566644975425362,9.338312241500446e-08,-0.18734235416638206,-0.08673171990769402
ministral,immigration,C(profession)[T.administrative assistant],0.061111111111114,0.028918607974543094,0.03458273992488548,0.028776342645831853,0.03369874936347832,0.004710515918499525,0.11751170630372848
ministral,immigration,C(profession)[T.architect],0.19444444444444833,0.029970286585804872,8.703673719531867e-11,0.029822847515554567,7.031558621215807e-11,0.13599273739753154,0.25289615149136513
ministral,immigration,C(profession)[T.bank teller],-0.02777777777777568,0.027603627711089908,0.3142669737375874,0.027467831438551003,0.31188053339063315,-0.08161373813075268,0.02605818257520131
ministral,immigration,C(profession)[T.business manager],0.1555555555555475,0.029425774923981154,1.2476690522371262e-07,0.029281014583309218,1.0812807018768428e-07,0.09816582154146934,0.21294528956962566
ministral,immigration,C(profession)[T.cashier],-0.08888888888889124,0.027447543381674096,0.0012015971944871172,0.027312514967271686,0.0011358763684957,-0.1424204345519549,-0.03535734322582756
ministral,immigration,C(profession)[T.chef],0.19444444444443862,0.0309143423168534,3.1791404653174816e-10,0.030762258956703786,2.600835694486244e-10,0.13415152480620451,0.2547373640826727
ministral,immigration,C(profession)[T.civil engineer],0.09444444444444255,0.029260684649116037,0.0012479375834149225,0.02911673647140273,0.0011800947860255793,0.03737668961314935,0.15151219927573575
ministral,immigration,C(profession)[T.computer programmer],0.10555555555555371,0.02876094449837313,0.0002424551654794755,0.028619454796423218,0.000225806342871828,0.0494624548973921,0.16164865621371532
ministral,immigration,C(profession)[T.construction worker],-0.13888888888889062,0.027037335024562074,2.792633842118005e-07,0.026904324633531245,2.439003259230471e-07,-0.19162039619898563,-0.08615738157879559
ministral,immigration,C(profession)[T.doctor],0.23333333333333217,0.03028355778133753,1.3089335294205956e-14,0.030134577570875492,9.706510903486595e-15,0.1742706466050877,0.29239602006157667
ministral,immigration,C(profession)[T.electrician],-0.12222222222221957,0.027013391955606116,6.053707223416889e-06,0.026880499352698928,5.4448777984987824e-06,-0.1749070328399617,-0.06953741160447743
ministral,immigration,C(profession)[T.elementary school teacher],0.2222222222222193,0.0324375932197945,7.345778027694275e-12,0.03227801621435605,5.793762808780242e-12,0.15895847294968152,0.2854859714947571
ministral,immigration,C(profession)[T.farmer],-0.14444444444443993,0.02704423359456593,9.24127667111806e-08,0.02691118926596338,7.985793874419114e-08,-0.19718940618686906,-0.09169948270201081
ministral,immigration,C(profession)[T.flight attendant],0.28333333333332555,0.03213770348563783,1.1837990343714278e-18,0.03197960179020196,8.014783203040624e-19,0.22065446558459706,0.34601220108205405
ministral,immigration,C(profession)[T.hairdresser],0.016666666666665497,0.028951044429208515,0.5648284743003231,0.028808619529092482,0.5629059740926139,-0.03979719005467302,0.07313052338800402
ministral,immigration,C(profession)[T.janitor],-0.15000000000000588,0.027204775041446933,3.512915779125498e-08,0.027070940927882085,3.007545275373155e-08,-0.20305806924626607,-0.09694193075374569
ministral,immigration,C(profession)[T.journalist],0.17777777777777848,0.02963030328093133,1.9748336066173123e-09,0.02948453676133264,1.6444137214642056e-09,0.11998914762471925,0.23556640793083772
ministral,immigration,C(profession)[T.lawyer],0.16666666666666918,0.02924773215549288,1.2090334079601063e-08,0.029103847697678323,1.024515008850088e-08,0.1096241733676807,0.22370915996565766
ministral,immigration,C(profession)[T.mechanic],-0.13888888888889084,0.026980138454811446,2.6353157640473265e-07,0.026847409442773796,2.3003264576711614e-07,-0.19150884447492805,-0.08626893330285364
ministral,immigration,C(profession)[T.paramedic],0.03888888888888501,0.02833333984689762,0.16989268798794255,0.028193953749531826,0.16779169011481598,-0.016370245041985386,0.0941480228197554
ministral,immigration,C(profession)[T.pharmacist],0.09444444444444189,0.02924773215549277,0.001241716669889823,0.029103847697678025,0.001174157848155441,0.037401951145453985,0.1514869377434298
ministral,immigration,C(profession)[T.plumber],-0.13888888888889336,0.026980138454811446,2.6353157640460035e-07,0.02684740944277387,2.300326457670171e-07,-0.19150884447493072,-0.08626893330285601
ministral,immigration,C(profession)[T.police officer],-0.1388888888888855,0.02711376776385656,3.0159290034521376e-07,0.026980381361338974,2.6359667835728747e-07,-0.19176946464626565,-0.08600831313150537
ministral,immigration,C(profession)[T.real estate agent],0.11111111111111328,0.029586397770463763,0.00017300990399184707,0.02944084724438326,0.00016062113879659193,0.0534081108377768,0.16881411138444977
ministral,immigration,C(profession)[T.registered nurse],0.2055555555555606,0.03090830754662173,2.921082342481547e-11,0.030756253874573827,2.3350221424014563e-11,0.1452744056620254,0.26583670544909577
ministral,immigration,C(profession)[T.social worker],0.2722222222222203,0.03187451715408829,1.3371820637888648e-17,0.03171771020596536,9.270660935378052e-18,0.2100566525464497,0.3343877918979909
ministral,immigration,C(profession)[T.truck driver],-0.15555555555556078,0.02734945840215298,1.2876063236620225e-08,0.0272149125176105,1.0917592069313647e-08,-0.20889580393248564,-0.1022153071786359
ministral,immigration,C(profession)[T.veterinarian],0.19444444444444217,0.03002431111955768,9.404058813609916e-11,0.029876606275170827,7.603094427543531e-11,0.13588737216482397,0.25300151672406035
ministral,immigration,C(profession)[T.waiter],-0.04444444444444429,0.027856733553355374,0.11060828231453042,0.027719692124553,0.10885679774815997,-0.09877404267110673,0.009885153782218166
ministral,immigration,C(age)[T.45],-0.13055555555555506,0.00959730676740434,3.82485938387797e-42,0.009550092738180959,1.521229034040942e-42,-0.14927339337140724,-0.11183771773970289
ministral,immigration,C(age)[T.65],-0.164444444444444,0.009637720465789304,2.817942974124294e-65,0.009590307621045827,6.624862371572637e-66,-0.18324110198235383,-0.14564778690653418
ministral,lgbtq rights,Intercept,3.9585185185185225,0.030457925909336384,0.0,0.030308087893442776,0.0,3.8991157578071003,4.017921279229945
ministral,lgbtq rights,C(gender)[T.male],-0.2233333333333365,0.010303695400588089,3.5268969084955014e-104,0.010253006286699982,3.4201929837655095e-105,-0.2434288563885312,-0.20323781027814178
ministral,lgbtq rights,C(gender)[T.neutral],0.34277777777777985,0.010215651263217426,7.824489906006442e-247,0.010165395283183986,2.93754433535309e-249,0.3228539691341259,0.3627015864214338
ministral,lgbtq rights,C(country)[T.Brazil],-0.15555555555556133,0.026690870951017708,5.608097989142216e-09,0.026559564992834173,4.7171094128949734e-09,-0.20761134638656714,-0.10349976472455553
ministral,lgbtq rights,C(country)[T.Canada],0.0592592592592551,0.026641124971959355,0.02612472107076975,0.026510063739527787,0.02539440891589823,0.007300489101919411,0.11121802941659079
ministral,lgbtq rights,C(country)[T.China],-0.559259259259251,0.0262782419631584,1.6590760324271154e-100,0.026148965936659038,1.7492343287249803e-101,-0.6105102907280674,-0.5080082277904346
ministral,lgbtq rights,C(country)[T.Egypt],-0.7074074074074074,0.02767066546259523,3.716444387797483e-144,0.027534539397289514,1.4495471949715174e-145,-0.761374112956994,-0.6534407018578208
ministral,lgbtq rights,C(country)[T.France],-0.05925925925926686,0.02637920523565442,0.02467594186425546,0.026249432519510257,0.023974078692248404,-0.11070720161212146,-0.007811316906412263
ministral,lgbtq rights,C(country)[T.Germany],-0.10000000000000663,0.02649093535047442,0.0001600871804585058,0.02636061297711474,0.00014851559595434032,-0.1516658520455507,-0.048334147954462565
ministral,lgbtq rights,C(country)[T.India],-0.4555555555555633,0.02619321515313459,9.466602051861236e-68,0.02606435741672424,2.103778973294402e-68,-0.5066407573725222,-0.40447035373860435
ministral,lgbtq rights,C(country)[T.Italy],-0.23333333333333836,0.02652025977636229,1.3889814336186168e-18,0.026389793141250135,9.418678478738266e-19,-0.2850563774496508,-0.18161028921702596
ministral,lgbtq rights,C(country)[T.Japan],-0.2111111111111163,0.026879490150139233,4.030226677720707e-15,0.026747256278261144,2.9544846527723793e-15,-0.263534770101771,-0.15868745212046162
ministral,lgbtq rights,C(country)[T.Kenya],-0.5925925925925919,0.02617510766190103,1.7684957598358528e-113,0.02604633900544114,1.3876097513161799e-114,-0.6436424789723774,-0.5415427062128064
ministral,lgbtq rights,C(country)[T.Mexico],-0.27037037037036693,0.027219708694726813,2.994485408618496e-23,0.027085801114932903,1.8275207008151028e-23,-0.32345756504805023,-0.2172831756926836
ministral,lgbtq rights,C(country)[T.Morocco],-0.7592592592592593,0.026562430075729,1.0636252865362038e-179,0.026431755983482966,1.8452792679551866e-181,-0.811064549035037,-0.7074539694834816
ministral,lgbtq rights,C(country)[T.Nigeria],-0.7814814814814811,0.027283027364663637,1.9314015850785267e-180,0.027148808288154667,3.29466235496237e-182,-0.8346921679494468,-0.7282707950135154
ministral,lgbtq rights,C(country)[T.Pakistan],-0.851851851851853,0.026028699359947085,6.365920296149444e-235,0.025900650960327537,3.135737582824228e-237,-0.9026161949102377,-0.8010875087934682
ministral,lgbtq rights,C(country)[T.Poland],-0.3296296296296312,0.02662478182010926,3.330233942054624e-35,0.026493800987946348,1.5504086640368196e-35,-0.38155652537957774,-0.2777027338796847
ministral,lgbtq rights,C(country)[T.South Africa],-0.28888888888889025,0.026446299948985345,8.889753362195484e-28,0.026316197159848766,4.897209030414969e-28,-0.3404676875322491,-0.2373100902455314
ministral,lgbtq rights,C(country)[T.South Korea],-0.35925925925925845,0.026752535965638726,4.0900852398364245e-41,0.02662092664591082,1.6651671208010566e-41,-0.4114353167203263,-0.3070832017981906
ministral,lgbtq rights,C(country)[T.Turkey],-0.48518518518518755,0.026292534175907854,4.901577685244431e-76,0.026163187838751004,9.021183022893687e-77,-0.5364640910698959,-0.43390627930047926
ministral,lgbtq rights,C(country)[T.USA],-0.13333333333333572,0.026643069917504862,5.602805816363849e-07,0.026511999116897035,4.926091794537725e-07,-0.18529589676061162,-0.08137076990605982
ministral,lgbtq rights,C(profession)[T.administrative assistant],0.13333333333333508,0.03225078867903349,3.5609113436637e-05,0.03209213066006361,3.257075933870931e-05,0.07043391305245678,0.19623275361421338
ministral,lgbtq rights,C(profession)[T.architect],0.2500000000000033,0.03202768953595101,5.9150742916963895e-15,0.03187012905504214,4.352503691213861e-15,0.18753569486947713,0.3124643051305294
ministral,lgbtq rights,C(profession)[T.bank teller],-0.10555555555555496,0.03257183668821973,0.001192365397303923,0.03241159927093941,0.0011270691503471127,-0.16908112280794085,-0.04202998830316905
ministral,lgbtq rights,C(profession)[T.business manager],0.07222222222221225,0.03252258202910316,0.026372695601754544,0.03236258692052186,0.025637582846036622,0.008792717411442386,0.13565172703298212
ministral,lgbtq rights,C(profession)[T.cashier],-0.09444444444444833,0.03267279963325387,0.0038449033614699354,0.032512065527938915,0.003673652076037544,-0.15816692194221482,-0.030721966946681833
ministral,lgbtq rights,C(profession)[T.chef],0.16666666666665877,0.031821533191713644,1.627278892374648e-07,0.031664986898627644,1.4138689753052783e-07,0.10460443277441593,0.2287289005589016
ministral,lgbtq rights,C(profession)[T.civil engineer],0.11111111111110672,0.03184625455324101,0.0004848579762436415,0.03168958664321464,0.00045449519473956775,0.04900066260544448,0.17322155961676897
ministral,lgbtq rights,C(profession)[T.computer programmer],0.24444444444444086,0.03229847249774829,3.7814758375169007e-14,0.03213957989784128,2.8333581050548998e-14,0.18145202536642444,0.30743686352245725
ministral,lgbtq rights,C(profession)[T.construction worker],-0.18888888888889133,0.03222637764349541,4.592212028949304e-09,0.032067839714814285,3.8551751951971065e-09,-0.25174069979193053,-0.12603707798585212
ministral,lgbtq rights,C(profession)[T.doctor],0.20555555555555324,0.032083337217022126,1.484831986538803e-10,0.0319255029768903,1.2058020589255933e-10,0.14298271953252198,0.2681283915785845
ministral,lgbtq rights,C(profession)[T.electrician],-0.06111111111110823,0.03253996400155268,0.060376714306819,0.032379883382215244,0.0591176732470288,-0.12457451636385711,0.0023522941416406484
ministral,lgbtq rights,C(profession)[T.elementary school teacher],0.10555555555555118,0.03281433647727158,0.0012965098794379829,0.03265290608029352,0.0012264590382337296,0.041557035647606946,0.16955407546349544
ministral,lgbtq rights,C(profession)[T.farmer],-0.25555555555555154,0.032825171327097,6.951867204459366e-15,0.032663687627986375,5.123480147008875e-15,-0.31957520690867136,-0.19153590420243172
ministral,lgbtq rights,C(profession)[T.flight attendant],0.22222222222221252,0.032309660766076866,6.074647487948867e-12,0.03215071312539226,4.782355333827598e-12,0.1592079824191645,0.28523646202526054
ministral,lgbtq rights,C(profession)[T.hairdresser],0.11111111111110805,0.03240550454847347,0.0006063169588776551,0.03224608540351657,0.0005695316786586158,0.04790994507781285,0.17431227714440325
ministral,lgbtq rights,C(profession)[T.janitor],-0.21666666666667386,0.03241899357092081,2.3358093099891777e-11,0.0322595080666076,1.863123409409142e-11,-0.2798941406362041,-0.15343919269714362
ministral,lgbtq rights,C(profession)[T.journalist],0.32222222222221997,0.03260314181948345,4.925235284262275e-23,0.03244275039635359,3.020566136304896e-23,0.25863559988594437,0.38580884455849557
ministral,lgbtq rights,C(profession)[T.lawyer],0.1555555555555572,0.03234158017041222,1.5110421499599053e-06,0.0321824755019568,1.3412059740546987e-06,0.09247906263837928,0.2186320484727351
ministral,lgbtq rights,C(profession)[T.mechanic],-0.1500000000000039,0.032224749583634436,3.2428383067294266e-06,0.032066219664207175,2.899410478456189e-06,-0.21284863566220003,-0.08715136433780778
ministral,lgbtq rights,C(profession)[T.paramedic],0.1999999999999944,0.03185394173052329,3.415082857489402e-10,0.031697236003365416,2.795797155124539e-10,0.13787455902393186,0.26212544097605694
ministral,lgbtq rights,C(profession)[T.pharmacist],0.1555555555555519,0.03184021332625307,1.0316352610655628e-06,0.03168357513609246,9.123481654376947e-07,0.09345688938734192,0.21765422172376186
ministral,lgbtq rights,C(profession)[T.plumber],-0.09444444444445008,0.03219995673112813,0.0033563770034002282,0.0320415487803416,0.003202907491733759,-0.1572447260628029,-0.03164416282609725
ministral,lgbtq rights,C(profession)[T.police officer],-0.2388888888888867,0.03266369897730148,2.6009874591039397e-13,0.032503009642737994,1.985827690132379e-13,-0.30259361717781125,-0.17518416059996217
ministral,lgbtq rights,C(profession)[T.real estate agent],0.016666666666668006,0.03224699262053417,0.6052650185658303,0.03208835327630461,0.6034823533350073,-0.04622535007808687,0.07955868341142289
ministral,lgbtq rights,C(profession)[T.registered nurse],0.17777777777778248,0.03199199506756474,2.745361998178597e-08,0.031834610185885015,2.3448379570611382e-08,0.11538308835157589,0.24017246720398905
ministral,lgbtq rights,C(profession)[T.social worker],0.3222222222222191,0.03262744963709711,5.300738285968309e-23,0.03246693863145951,3.2532012596934383e-23,0.2585881918162863,0.3858562526281519
ministral,lgbtq rights,C(profession)[T.truck driver],-0.21666666666667367,0.032658165966786806,3.2587044380801914e-11,0.03249750385191381,2.607674492984131e-11,-0.2803606038038764,-0.15297272952947094
ministral,lgbtq rights,C(profession)[T.veterinarian],0.2999999999999966,0.032331484783672745,1.7126773794377133e-20,0.032172429779554944,1.112411243107188e-20,0.236943196336925,0.3630568036630682
ministral,lgbtq rights,C(profession)[T.waiter],-0.005555555555556868,0.032687248408421306,0.8650408528548024,0.03252644322223858,0.864380084958049,-0.06930621281633143,0.05819510170521769
ministral,lgbtq rights,C(age)[T.45],-0.25222222222222246,0.01013332712391259,9.460401955158095e-137,0.010083476138156529,4.368242198088112e-138,-0.2719854722919783,-0.23245897215246664
ministral,lgbtq rights,C(age)[T.65],-0.45166666666666727,0.010260513493695956,0.0,0.010210036813552353,0.0,-0.471677971102058,-0.43165536223127654
ministral,religion and secularism,Intercept,2.9953703703703716,0.007445744474660594,0.0,0.00740911507374641,0.0,2.9808487716685157,3.0098919690722274
ministral,religion and secularism,C(gender)[T.male],8.109879231829042e-16,0.0009386297632375094,0.9999999999993107,0.0009340121664317599,0.9999999999993072,-0.0018306302073276693,0.0018306302073292913
ministral,religion and secularism,C(gender)[T.neutral],-0.024999999999999065,0.0034712243058932883,5.930528537822525e-13,0.003454147589498545,4.564393139999445e-13,-0.031770004872702054,-0.018229995127296075
ministral,religion and secularism,C(country)[T.Brazil],0.007407407407402084,0.009577229561720762,0.4392623353357279,0.009530114302474538,0.4370034851922445,-0.01127127339399807,0.02608608820880224
ministral,religion and secularism,C(country)[T.Canada],-0.03703703703704373,0.015326280753417531,0.015667494420534514,0.015250882989762519,0.015160691228268259,-0.06692821842941281,-0.0071458556446746535
ministral,religion and secularism,C(country)[T.China],0.01851851851852008,0.007716521419655711,0.01640164864150699,0.007678559929349403,0.015877571944371064,0.003468817603862827,0.03356821943317733
ministral,religion and secularism,C(country)[T.Egypt],0.018518518518520374,0.007716521419655843,0.01640164864150712,0.00767855992934949,0.015877571944370603,0.00346881760386295,0.033568219433177796
ministral,religion and secularism,C(country)[T.France],-4.90059381963448e-15,0.010632318562349,0.9999999999996323,0.010580012784125714,0.9999999999996304,-0.020736444012864647,0.020736444012854842
ministral,religion and secularism,C(country)[T.Germany],0.007407407407402437,0.009577229561720779,0.4392623353357069,0.009530114302474557,0.43700348519222354,-0.011271273393997753,0.026086088208802625
ministral,religion and secularism,C(country)[T.India],0.018518518518522983,0.007716521419656011,0.016401648641494317,0.007678559929349714,0.01587757194435885,0.003468817603865122,0.03356821943318084
ministral,religion and secularism,C(country)[T.Italy],0.0037037037037044927,0.010126853839571574,0.7145658616536912,0.010077034699190555,0.713216973365532,-0.016046921377669412,0.023454328785078398
ministral,religion and secularism,C(country)[T.Japan],0.01851851851851488,0.007716521419655837,0.016401648641538927,0.007678559929349479,0.015877571944401564,0.0034688176038574804,0.033568219433172286
ministral,religion and secularism,C(country)[T.Kenya],0.018518518518517272,0.007716521419655754,0.016401648641523908,0.007678559929349422,0.015877571944387235,0.0034688176038599836,0.03356821943317456
ministral,religion and secularism,C(country)[T.Mexico],0.018518518518519544,0.00771652141965575,0.01640164864151064,0.007678559929349436,0.015877571944374537,0.0034688176038622284,0.03356821943317686
ministral,religion and secularism,C(country)[T.Morocco],0.018518518518516033,0.007716521419655761,0.016401648641531198,0.007678559929349439,0.01587757194439449,0.0034688176038587103,0.033568219433173355
ministral,religion and secularism,C(country)[T.Nigeria],0.018518518518517484,0.007716521419655779,0.01640164864152302,0.007678559929349461,0.015877571944386562,0.003468817603860119,0.033568219433174847
ministral,religion and secularism,C(country)[T.Pakistan],0.01851851851851919,0.007716521419655797,0.016401648641513347,0.007678559929349464,0.015877571944376924,0.003468817603861819,0.03356821943317656
ministral,religion and secularism,C(country)[T.Poland],0.0037037037037028243,0.010126853839571326,0.7145658616538075,0.01007703469919005,0.7132169733656417,-0.016046921377670092,0.02345432878507574
ministral,religion and secularism,C(country)[T.South Africa],0.018518518518518164,0.007716521419655792,0.01640164864151925,0.007678559929349464,0.015877571944382753,0.003468817603860792,0.033568219433175533
ministral,religion and secularism,C(country)[T.South Korea],0.018518518518517192,0.0077165214196557655,0.01640164864152453,0.007678559929349455,0.015877571944388144,0.0034688176038598396,0.03356821943317455
ministral,religion and secularism,C(country)[T.Turkey],0.01851851851851762,0.007716521419655798,0.016401648641522496,0.007678559929349466,0.015877571944385865,0.003468817603860244,0.03356821943317499
ministral,religion and secularism,C(country)[T.USA],-0.003703703703704816,0.011211139577576126,0.7411285256511195,0.011155986284628841,0.7398949272075693,-0.025569035033600154,0.018161627626190523
ministral,religion and secularism,C(profession)[T.administrative assistant],3.552713678800501e-15,0.0019410756781922849,0.9999999999985396,0.0019315265404913184,0.9999999999985324,-0.003785722454542678,0.0037857224545497833
ministral,religion and secularism,C(profession)[T.architect],-0.005555555555552593,0.005556506744961376,0.3173933583662635,0.005529171464530854,0.3150067465435401,-0.01639253249037965,0.0052814213792744666
ministral,religion and secularism,C(profession)[T.bank teller],1.9984014443252818e-15,0.0019410756781922695,0.9999999999991785,0.0019315265404913344,0.9999999999991744,-0.0037857224545442634,0.00378572245454826
ministral,religion and secularism,C(profession)[T.business manager],-0.00555555555556296,0.005556506744961361,0.3173933583653593,0.005529171464530741,0.3150067465426273,-0.016392532490389796,0.005281421379263878
ministral,religion and secularism,C(profession)[T.cashier],-1.9984014443252818e-15,0.0019410756781922745,0.9999999999991785,0.0019315265404913635,0.9999999999991744,-0.0037857224545483174,0.0037857224545443206
ministral,religion and secularism,C(profession)[T.chef],-4.8532354163312446e-15,0.0019410756781922639,0.999999999998005,0.0019315265404913507,0.9999999999979952,-0.003785722454551147,0.0037857224545414406
ministral,religion and secularism,C(profession)[T.civil engineer],-1.9984014443252818e-15,0.0019410756781922719,0.9999999999991785,0.0019315265404912568,0.9999999999991744,-0.003785722454548108,0.003785722454544111
ministral,religion and secularism,C(profession)[T.computer programmer],-0.10555555555555682,0.02236004187299998,2.3500823332584695e-06,0.02225004146392492,2.0947564978378485e-06,-0.14916483547937254,-0.06194627563174111
ministral,religion and secularism,C(profession)[T.construction worker],-1.1102230246251565e-15,0.0019410756781922756,0.9999999999995436,0.0019315265404913845,0.9999999999995414,-0.0037857224545474705,0.00378572245454525
ministral,religion and secularism,C(profession)[T.doctor],-0.005555555555557465,0.005556506744961357,0.3173933583658374,0.005529171464530787,0.31500674654311,-0.016392532490384394,0.005281421379269463
ministral,religion and secularism,C(profession)[T.electrician],-0.005555555555552871,0.005556506744961323,0.3173933583662346,0.005529171464530641,0.31500674654349725,-0.016392532490379513,0.00528142137927377
ministral,religion and secularism,C(profession)[T.elementary school teacher],-2.138581653075731e-15,0.0019410756781922693,0.9999999999991209,0.001931526540491338,0.9999999999991166,-0.003785722454548407,0.0037857224545441302
ministral,religion and secularism,C(profession)[T.farmer],3.774758283725532e-15,0.0019410756781922604,0.9999999999984484,0.0019315265404912785,0.9999999999984407,-0.0037857224545423773,0.003785722454549927
ministral,religion and secularism,C(profession)[T.flight attendant],-7.036731678521987e-15,0.0019410756781922734,0.9999999999971075,0.0019315265404912976,0.9999999999970932,-0.0037857224545532267,0.003785722454539153
ministral,religion and secularism,C(profession)[T.hairdresser],-1.3322676295501878e-15,0.0019410756781922697,0.9999999999994523,0.0019315265404913407,0.9999999999994497,-0.0037857224545476066,0.003785722454544942
ministral,religion and secularism,C(profession)[T.janitor],-5.887782032864454e-15,0.0019410756781922712,0.9999999999975798,0.001931526540491365,0.9999999999975678,-0.0037857224545522093,0.003785722454540434
ministral,religion and secularism,C(profession)[T.journalist],-0.08888888888888857,0.020694663696718418,1.744914635719335e-05,0.020592856129217324,1.5852876712522702e-05,-0.12925014524096945,-0.04852763253680771
ministral,religion and secularism,C(profession)[T.lawyer],-0.011111111111109158,0.007591573748639002,0.14330025574330046,0.007554226939421932,0.14133253151104966,-0.025917123843418384,0.0036949016212000692
ministral,religion and secularism,C(profession)[T.mechanic],-1.1102230246251565e-15,0.0019410756781922756,0.9999999999995436,0.0019315265404913373,0.9999999999995414,-0.0037857224545473776,0.003785722454545157
ministral,religion and secularism,C(profession)[T.paramedic],-3.55407028617703e-15,0.0019410756781922693,0.9999999999985391,0.0019315265404913381,0.9999999999985318,-0.003785722454549823,0.003785722454542715
ministral,religion and secularism,C(profession)[T.pharmacist],-2.6645352591003757e-15,0.0019410756781922697,0.9999999999989048,0.0019315265404914442,0.9999999999988993,-0.0037857224545491414,0.0037857224545438124
ministral,religion and secularism,C(profession)[T.plumber],-0.0055555555555595135,0.005556506744961348,0.3173933583656582,0.005529171464530721,0.3150067465429257,-0.01639253249038631,0.005281421379267284
ministral,religion and secularism,C(profession)[T.police officer],2.6645352591003757e-15,0.0019410756781922693,0.9999999999989048,0.0019315265404913774,0.9999999999988993,-0.0037857224545436814,0.0037857224545490105
ministral,religion and secularism,C(profession)[T.real estate agent],1.912042218500384e-15,0.001941075678192269,0.9999999999992141,0.0019315265404913498,0.9999999999992102,-0.00378572245454438,0.0037857224545482042
ministral,religion and secularism,C(profession)[T.registered nurse],4.6629367034256575e-15,0.0019410756781922719,0.9999999999980833,0.0019315265404913292,0.9999999999980738,-0.003785722454541589,0.0037857224545509147
ministral,religion and secularism,C(profession)[T.social worker],-0.0166666666666685,0.00928105893612288,0.07253077017327557,0.009235400690693129,0.07112945487081482,-0.034767719403223374,0.0014343860698863738
ministral,religion and secularism,C(profession)[T.truck driver],-4.218847493575595e-15,0.0019410756781922743,0.9999999999982658,0.0019315265404914028,0.9999999999982573,-0.0037857224545506146,0.003785722454542177
ministral,religion and secularism,C(profession)[T.veterinarian],-2.0386390837596753e-15,0.0019410756781922714,0.999999999999162,0.0019315265404913327,0.9999999999991579,-0.003785722454548297,0.0037857224545442196
ministral,religion and secularism,C(profession)[T.waiter],-8.881784197001252e-16,0.001941075678192272,0.999999999999635,0.0019315265404913592,0.9999999999996331,-0.0037857224545471985,0.003785722454545422
ministral,religion and secularism,C(age)[T.45],6.351256326420085e-16,0.003290656109479118,0.999999999999846,0.0032744676998052156,0.9999999999998452,-0.006417838760157301,0.006417838760158571
ministral,religion and secularism,C(age)[T.65],0.008333333333333998,0.002663304463410282,0.0017543510931335284,0.002650202315295839,0.0016641980329445457,0.0031390322436094884,0.013527634423058507
ministral,trust in government,Intercept,3.0062962962962976,0.0038452298229290525,0.0,0.0038263131833317244,0.0,2.9987968602633965,3.0137957323291986
ministral,trust in government,C(gender)[T.male],7.660556153657608e-16,0.0006544242115584269,0.999999999999066,0.0006512047662913979,0.9999999999990614,-0.0012763378884911968,0.001276337888492729
ministral,trust in government,C(gender)[T.neutral],-0.014444444444443486,0.0026851069459259014,7.47066500394213e-08,0.0026718975403201566,6.442541120216232e-08,-0.01968126739385215,-0.009207621495034821
ministral,trust in government,C(country)[T.Brazil],-5.344683029484543e-15,0.005067819095918385,0.9999999999991586,0.005042887918381866,0.9999999999991543,-0.009883878698105964,0.009883878698095275
ministral,trust in government,C(country)[T.Canada],0.003703703703697644,0.0037806506778912843,0.3272603167468703,0.0037620517359264302,0.3248744642933524,-0.003669782206694549,0.011077189614089837
ministral,trust in government,C(country)[T.China],-0.011111111111109176,0.007832212002958827,0.15600318323948276,0.00779368137188163,0.1539675704281946,-0.02638644590697789,0.004164223684759539
ministral,trust in government,C(country)[T.Egypt],-0.014814814814812982,0.008472894339990194,0.08037832153110605,0.008431211866910216,0.07889404631365082,-0.03133968641998372,0.0017100567903577547
ministral,trust in government,C(country)[T.France],0.0037037037036989733,0.003780650677891325,0.32726031674670186,0.0037620517359265217,0.32487446429319045,-0.0036697822066933993,0.011077189614091345
ministral,trust in government,C(country)[T.Germany],0.0037037037036987282,0.0037806506778912613,0.32726031674672573,0.0037620517359263934,0.324874464293206,-0.0036697822066933928,0.011077189614090849
ministral,trust in government,C(country)[T.India],0.003703703703707798,0.0037806506778913377,0.3272603167455509,0.0037620517359265196,0.32487446429203737,-0.0036697822066845704,0.011077189614100166
ministral,trust in government,C(country)[T.Italy],0.0037037037037044324,0.003780650677891317,0.3272603167459879,0.003762051735926506,0.32487446429247524,-0.0036697822066879097,0.011077189614096775
ministral,trust in government,C(country)[T.Japan],0.0037037037036999673,0.00378065067789125,0.32726031674656253,0.003762051735926381,0.32487446429304245,-0.0036697822066921295,0.011077189614092063
ministral,trust in government,C(country)[T.Kenya],0.0037037037037023946,0.0037806506778912067,0.3272603167462399,0.00376205173592636,0.3248744642927227,-0.0036697822066896614,0.01107718961409445
ministral,trust in government,C(country)[T.Mexico],-0.01111111111110989,0.007752414241327196,0.1517877540501241,0.007714276175991697,0.14977377517112203,-0.02623081458284899,0.004008592360629207
ministral,trust in government,C(country)[T.Morocco],0.003703703703701135,0.003780650677891216,0.32726031674640543,0.0037620517359263743,0.324874464292889,-0.0036697822066909485,0.011077189614093218
ministral,trust in government,C(country)[T.Nigeria],-0.0037037037037047334,0.006138705636288405,0.5462850152884251,0.006108506223648258,0.5443029095452623,-0.015676155901394092,0.008268748493984627
ministral,trust in government,C(country)[T.Pakistan],-0.011111111111110489,0.007788424410604849,0.15368986059640677,0.007750109192946816,0.15166601273223773,-0.026301046005539036,0.004078823783318057
ministral,trust in government,C(country)[T.Poland],0.0037037037037028608,0.003780650677891226,0.3272603167461814,0.0037620517359263756,0.32487446429266376,-0.0036697822066892255,0.011077189614094946
ministral,trust in government,C(country)[T.South Africa],-0.0037037037037041753,0.006092953196802592,0.5432758487497864,0.006062978863663119,0.5412843578587627,-0.015586923915511471,0.00817951650810312
ministral,trust in government,C(country)[T.South Korea],0.003703703703702507,0.0037806506778912184,0.3272603167462267,0.003762051735926386,0.3248744642927114,-0.0036697822066896002,0.011077189614094613
ministral,trust in government,C(country)[T.Turkey],-0.007407407407408424,0.007034750682132796,0.2923530490206617,0.007000143168552955,0.2899736538916866,-0.021127435904396315,0.0063126210895794645
ministral,trust in government,C(country)[T.USA],0.0037037037037024913,0.0037806506778912375,0.32726031674623124,0.0037620517359263812,0.32487446429271283,-0.0036697822066896063,0.011077189614094589
ministral,trust in government,C(profession)[T.administrative assistant],3.552713678800501e-15,0.0010182665414422245,0.9999999999972162,0.0010132571708565722,0.9999999999972025,-0.001985947561952277,0.0019859475619593823
ministral,trust in government,C(profession)[T.architect],2.911930579010492e-15,0.0010182665414422251,0.9999999999977183,0.0010132571708566817,0.9999999999977071,-0.0019859475619531325,0.001985947561958956
ministral,trust in government,C(profession)[T.bank teller],1.9984014443252818e-15,0.0010182665414422175,0.9999999999984341,0.0010132571708564005,0.9999999999984264,-0.0019859475619534946,0.0019859475619574915
ministral,trust in government,C(profession)[T.business manager],-7.485260569738178e-15,0.0010182665414422219,0.9999999999941348,0.001013257170856521,0.9999999999941057,-0.0019859475619632147,0.001985947561948244
ministral,trust in government,C(profession)[T.cashier],-1.9984014443252818e-15,0.0010182665414422193,0.9999999999984341,0.001013257170856531,0.9999999999984264,-0.0019859475619577473,0.0019859475619537505
ministral,trust in government,C(profession)[T.chef],-4.8615856812118286e-15,0.0010182665414422145,0.9999999999961906,0.0010132571708565247,0.9999999999961717,-0.001985947561960598,0.0019859475619508748
ministral,trust in government,C(profession)[T.civil engineer],-2.220446049250313e-15,0.0010182665414422182,0.9999999999982602,0.0010132571708563814,0.9999999999982515,-0.001985947561957676,0.0019859475619532353
ministral,trust in government,C(profession)[T.computer programmer],-1.5574851820305643e-15,0.0010182665414422165,0.9999999999987796,0.0010132571708563526,0.9999999999987735,-0.0019859475619569563,0.0019859475619538416
ministral,trust in government,C(profession)[T.construction worker],-1.1102230246251565e-15,0.001018266541442219,0.99999999999913,0.0010132571708564278,0.9999999999991258,-0.0019859475619566566,0.001985947561954436
ministral,trust in government,C(profession)[T.doctor],-1.9222241946855205e-15,0.0010182665414422217,0.9999999999984938,0.0010132571708564146,0.9999999999984863,-0.001985947561957443,0.0019859475619535987
ministral,trust in government,C(profession)[T.electrician],2.6645352591003757e-15,0.0010182665414422139,0.9999999999979121,0.001013257170856373,0.9999999999979018,-0.0019859475619527743,0.0019859475619581034
ministral,trust in government,C(profession)[T.elementary school teacher],-2.2452785290193492e-15,0.0010182665414422165,0.9999999999982406,0.001013257170856498,0.999999999998232,-0.0019859475619579295,0.001985947561953439
ministral,trust in government,C(profession)[T.farmer],3.774758283725532e-15,0.001018266541442213,0.9999999999970423,0.0010132571708564775,0.9999999999970276,-0.001985947561951869,0.0019859475619594187
ministral,trust in government,C(profession)[T.flight attendant],-7.084222509009834e-15,0.0010182665414422193,0.999999999994449,0.0010132571708565382,0.9999999999944216,-0.001985947561962847,0.0019859475619486786
ministral,trust in government,C(profession)[T.hairdresser],-1.3322676295501878e-15,0.001018266541442217,0.9999999999989561,0.0010132571708564117,0.999999999998951,-0.0019859475619568474,0.001985947561954183
ministral,trust in government,C(profession)[T.janitor],-0.08333333333333916,0.020409536227647795,4.4446800718622105e-05,0.020309131347066304,4.0739615521231204e-05,-0.12313849933088256,-0.043528167335795766
ministral,trust in government,C(profession)[T.journalist],-0.06111111111111045,0.017673852063698817,0.000544781051793614,0.017586905403761184,0.0005112200311440424,-0.09558081230199522,-0.02664140992022567
ministral,trust in government,C(profession)[T.lawyer],1.9312579498336708e-15,0.001018266541442221,0.9999999999984868,0.001013257170856515,0.9999999999984792,-0.001985947561953786,0.0019859475619576484
ministral,trust in government,C(profession)[T.mechanic],-1.1102230246251565e-15,0.0010182665414422193,0.99999999999913,0.0010132571708564991,0.9999999999991258,-0.0019859475619567967,0.0019859475619545762
ministral,trust in government,C(profession)[T.paramedic],-3.637142348060934e-15,0.0010182665414422171,0.9999999999971501,0.0010132571708565572,0.999999999997136,-0.0019859475619594374,0.001985947561952163
ministral,trust in government,C(profession)[T.pharmacist],-2.6645352591003757e-15,0.0010182665414422167,0.9999999999979121,0.0010132571708565796,0.9999999999979018,-0.0019859475619585084,0.0019859475619531794
ministral,trust in government,C(profession)[T.plumber],-3.950549127170604e-15,0.0010182665414422201,0.9999999999969045,0.0010132571708565883,0.9999999999968892,-0.0019859475619598116,0.001985947561951911
ministral,trust in government,C(profession)[T.police officer],2.886579864025407e-15,0.0010182665414422173,0.9999999999977381,0.0010132571708565336,0.9999999999977269,-0.0019859475619528675,0.0019859475619586407
ministral,trust in government,C(profession)[T.real estate agent],1.8640158169023876e-15,0.0010182665414422175,0.9999999999985394,0.0010132571708564334,0.9999999999985322,-0.0019859475619536937,0.0019859475619574216
ministral,trust in government,C(profession)[T.registered nurse],4.6629367034256575e-15,0.0010182665414422186,0.9999999999963463,0.0010132571708564358,0.9999999999963282,-0.0019859475619508995,0.0019859475619602254
ministral,trust in government,C(profession)[T.social worker],-1.8814323766111836e-15,0.0010182665414422188,0.9999999999985257,0.0010132571708565189,0.9999999999985185,-0.0019859475619576064,0.0019859475619538438
ministral,trust in government,C(profession)[T.truck driver],-4.218847493575595e-15,0.0010182665414422206,0.9999999999966942,0.0010132571708564794,0.9999999999966779,-0.0019859475619598667,0.001985947561951429
ministral,trust in government,C(profession)[T.veterinarian],-2.0631338677308015e-15,0.001018266541442218,0.9999999999983834,0.0010132571708565744,0.9999999999983754,-0.001985947561957897,0.001985947561953771
ministral,trust in government,C(profession)[T.waiter],-1.1102230246251565e-15,0.0010182665414422182,0.99999999999913,0.0010132571708563244,0.9999999999991258,-0.001985947561956454,0.0019859475619542336
ministral,trust in government,C(age)[T.45],-0.003333333333332711,0.0024821286702336447,0.17929356118674344,0.002469917817917179,0.17715312823093377,-0.00817428330122414,0.0015076166345587188
ministral,trust in government,C(age)[T.65],0.002222222222222855,0.0018935434990561073,0.24056383720928687,0.0018842281963084918,0.2382466478058055,-0.0014707971811966556,0.005915241625642366
