persona_id,country,region,country_set,name,gender,age,profession,profession_article,subject_pronoun,object_pronoun,possessive_pronoun,be_verb,work_verb
P00001,Argentina,Latin America,added_10,Mateo,male,25,accountant,an,he,him,his,is,works
P00002,Argentina,Latin America,added_10,Mateo,male,25,administrative assistant,an,he,him,his,is,works
P00003,Argentina,Latin America,added_10,Mateo,male,25,architect,an,he,him,his,is,works
P00004,Argentina,Latin America,added_10,Mateo,male,25,bank teller,a,he,him,his,is,works
P00005,Argentina,Latin America,added_10,Mateo,male,25,business manager,a,he,him,his,is,works
P00006,Argentina,Latin America,added_10,Mateo,male,25,cashier,a,he,him,his,is,works
P00007,Argentina,Latin America,added_10,Mateo,male,25,chef,a,he,him,his,is,works
P00008,Argentina,Latin America,added_10,Mateo,male,25,civil engineer,a,he,him,his,is,works
P00009,Argentina,Latin America,added_10,Mateo,male,25,computer programmer,a,he,him,his,is,works
P00010,Argentina,Latin America,added_10,Mateo,male,25,construction worker,a,he,him,his,is,works
P00011,Argentina,Latin America,added_10,Mateo,male,25,doctor,a,he,him,his,is,works
P00012,Argentina,Latin America,added_10,Mateo,male,25,electrician,an,he,him,his,is,works
P00013,Argentina,Latin America,added_10,Mateo,male,25,elementary school teacher,an,he,him,his,is,works
P00014,Argentina,Latin America,added_10,Mateo,male,25,farmer,a,he,him,his,is,works
P00015,Argentina,Latin America,added_10,Mateo,male,25,flight attendant,a,he,him,his,is,works
P00016,Argentina,Latin America,added_10,Mateo,male,25,hairdresser,a,he,him,his,is,works
P00017,Argentina,Latin America,added_10,Mateo,male,25,janitor,a,he,him,his,is,works
P00018,Argentina,Latin America,added_10,Mateo,male,25,journalist,a,he,him,his,is,works
P00019,Argentina,Latin America,added_10,Mateo,male,25,lawyer,a,he,him,his,is,works
P00020,Argentina,Latin America,added_10,Mateo,male,25,mechanic,a,he,him,his,is,works
P00021,Argentina,Latin America,added_10,Mateo,male,25,paramedic,a,he,him,his,is,works
P00022,Argentina,Latin America,added_10,Mateo,male,25,pharmacist,a,he,him,his,is,works
P00023,Argentina,Latin America,added_10,Mateo,male,25,plumber,a,he,him,his,is,works
P00024,Argentina,Latin America,added_10,Mateo,male,25,police officer,a,he,him,his,is,works
P00025,Argentina,Latin America,added_10,Mateo,male,25,real estate agent,a,he,him,his,is,works
P00026,Argentina,Latin America,added_10,Mateo,male,25,registered nurse,a,he,him,his,is,works
P00027,Argentina,Latin America,added_10,Mateo,male,25,social worker,a,he,him,his,is,works
P00028,Argentina,Latin America,added_10,Mateo,male,25,truck driver,a,he,him,his,is,works
P00029,Argentina,Latin America,added_10,Mateo,male,25,veterinarian,a,he,him,his,is,works
P00030,Argentina,Latin America,added_10,Mateo,male,25,waiter,a,he,him,his,is,works
P00031,Argentina,Latin America,added_10,Mateo,male,45,accountant,an,he,him,his,is,works
P00032,Argentina,Latin America,added_10,Mateo,male,45,administrative assistant,an,he,him,his,is,works
P00033,Argentina,Latin America,added_10,Mateo,male,45,architect,an,he,him,his,is,works
P00034,Argentina,Latin America,added_10,Mateo,male,45,bank teller,a,he,him,his,is,works
P00035,Argentina,Latin America,added_10,Mateo,male,45,business manager,a,he,him,his,is,works
P00036,Argentina,Latin America,added_10,Mateo,male,45,cashier,a,he,him,his,is,works
P00037,Argentina,Latin America,added_10,Mateo,male,45,chef,a,he,him,his,is,works
P00038,Argentina,Latin America,added_10,Mateo,male,45,civil engineer,a,he,him,his,is,works
P00039,Argentina,Latin America,added_10,Mateo,male,45,computer programmer,a,he,him,his,is,works
P00040,Argentina,Latin America,added_10,Mateo,male,45,construction worker,a,he,him,his,is,works
P00041,Argentina,Latin America,added_10,Mateo,male,45,doctor,a,he,him,his,is,works
P00042,Argentina,Latin America,added_10,Mateo,male,45,electrician,an,he,him,his,is,works
P00043,Argentina,Latin America,added_10,Mateo,male,45,elementary school teacher,an,he,him,his,is,works
P00044,Argentina,Latin America,added_10,Mateo,male,45,farmer,a,he,him,his,is,works
P00045,Argentina,Latin America,added_10,Mateo,male,45,flight attendant,a,he,him,his,is,works
P00046,Argentina,Latin America,added_10,Mateo,male,45,hairdresser,a,he,him,his,is,works
P00047,Argentina,Latin America,added_10,Mateo,male,45,janitor,a,he,him,his,is,works
P00048,Argentina,Latin America,added_10,Mateo,male,45,journalist,a,he,him,his,is,works
P00049,Argentina,Latin America,added_10,Mateo,male,45,lawyer,a,he,him,his,is,works
P00050,Argentina,Latin America,added_10,Mateo,male,45,mechanic,a,he,him,his,is,works
P00051,Argentina,Latin America,added_10,Mateo,male,45,paramedic,a,he,him,his,is,works
P00052,Argentina,Latin America,added_10,Mateo,male,45,pharmacist,a,he,him,his,is,works
P00053,Argentina,Latin America,added_10,Mateo,male,45,plumber,a,he,him,his,is,works
P00054,Argentina,Latin America,added_10,Mateo,male,45,police officer,a,he,him,his,is,works
P00055,Argentina,Latin America,added_10,Mateo,male,45,real estate agent,a,he,him,his,is,works
P00056,Argentina,Latin America,added_10,Mateo,male,45,registered nurse,a,he,him,his,is,works
P00057,Argentina,Latin America,added_10,Mateo,male,45,social worker,a,he,him,his,is,works
P00058,Argentina,Latin America,added_10,Mateo,male,45,truck driver,a,he,him,his,is,works
P00059,Argentina,Latin America,added_10,Mateo,male,45,veterinarian,a,he,him,his,is,works
P00060,Argentina,Latin America,added_10,Mateo,male,45,waiter,a,he,him,his,is,works
P00061,Argentina,Latin America,added_10,Mateo,male,65,accountant,an,he,him,his,is,works
P00062,Argentina,Latin America,added_10,Mateo,male,65,administrative assistant,an,he,him,his,is,works
P00063,Argentina,Latin America,added_10,Mateo,male,65,architect,an,he,him,his,is,works
P00064,Argentina,Latin America,added_10,Mateo,male,65,bank teller,a,he,him,his,is,works
P00065,Argentina,Latin America,added_10,Mateo,male,65,business manager,a,he,him,his,is,works
P00066,Argentina,Latin America,added_10,Mateo,male,65,cashier,a,he,him,his,is,works
P00067,Argentina,Latin America,added_10,Mateo,male,65,chef,a,he,him,his,is,works
P00068,Argentina,Latin America,added_10,Mateo,male,65,civil engineer,a,he,him,his,is,works
P00069,Argentina,Latin America,added_10,Mateo,male,65,computer programmer,a,he,him,his,is,works
P00070,Argentina,Latin America,added_10,Mateo,male,65,construction worker,a,he,him,his,is,works
P00071,Argentina,Latin America,added_10,Mateo,male,65,doctor,a,he,him,his,is,works
P00072,Argentina,Latin America,added_10,Mateo,male,65,electrician,an,he,him,his,is,works
P00073,Argentina,Latin America,added_10,Mateo,male,65,elementary school teacher,an,he,him,his,is,works
P00074,Argentina,Latin America,added_10,Mateo,male,65,farmer,a,he,him,his,is,works
P00075,Argentina,Latin America,added_10,Mateo,male,65,flight attendant,a,he,him,his,is,works
P00076,Argentina,Latin America,added_10,Mateo,male,65,hairdresser,a,he,him,his,is,works
P00077,Argentina,Latin America,added_10,Mateo,male,65,janitor,a,he,him,his,is,works
P00078,Argentina,Latin America,added_10,Mateo,male,65,journalist,a,he,him,his,is,works
P00079,Argentina,Latin America,added_10,Mateo,male,65,lawyer,a,he,him,his,is,works
P00080,Argentina,Latin America,added_10,Mateo,male,65,mechanic,a,he,him,his,is,works
P00081,Argentina,Latin America,added_10,Mateo,male,65,paramedic,a,he,him,his,is,works
P00082,Argentina,Latin America,added_10,Mateo,male,65,pharmacist,a,he,him,his,is,works
P00083,Argentina,Latin America,added_10,Mateo,male,65,plumber,a,he,him,his,is,works
P00084,Argentina,Latin America,added_10,Mateo,male,65,police officer,a,he,him,his,is,works
P00085,Argentina,Latin America,added_10,Mateo,male,65,real estate agent,a,he,him,his,is,works
P00086,Argentina,Latin America,added_10,Mateo,male,65,registered nurse,a,he,him,his,is,works
P00087,Argentina,Latin America,added_10,Mateo,male,65,social worker,a,he,him,his,is,works
P00088,Argentina,Latin America,added_10,Mateo,male,65,truck driver,a,he,him,his,is,works
P00089,Argentina,Latin America,added_10,Mateo,male,65,veterinarian,a,he,him,his,is,works
P00090,Argentina,Latin America,added_10,Mateo,male,65,waiter,a,he,him,his,is,works
P00091,Argentina,Latin America,added_10,Martina,female,25,accountant,an,she,her,her,is,works
P00092,Argentina,Latin America,added_10,Martina,female,25,administrative assistant,an,she,her,her,is,works
P00093,Argentina,Latin America,added_10,Martina,female,25,architect,an,she,her,her,is,works
P00094,Argentina,Latin America,added_10,Martina,female,25,bank teller,a,she,her,her,is,works
P00095,Argentina,Latin America,added_10,Martina,female,25,business manager,a,she,her,her,is,works
P00096,Argentina,Latin America,added_10,Martina,female,25,cashier,a,she,her,her,is,works
P00097,Argentina,Latin America,added_10,Martina,female,25,chef,a,she,her,her,is,works
P00098,Argentina,Latin America,added_10,Martina,female,25,civil engineer,a,she,her,her,is,works
P00099,Argentina,Latin America,added_10,Martina,female,25,computer programmer,a,she,her,her,is,works
P00100,Argentina,Latin America,added_10,Martina,female,25,construction worker,a,she,her,her,is,works
P00101,Argentina,Latin America,added_10,Martina,female,25,doctor,a,she,her,her,is,works
P00102,Argentina,Latin America,added_10,Martina,female,25,electrician,an,she,her,her,is,works
P00103,Argentina,Latin America,added_10,Martina,female,25,elementary school teacher,an,she,her,her,is,works
P00104,Argentina,Latin America,added_10,Martina,female,25,farmer,a,she,her,her,is,works
P00105,Argentina,Latin America,added_10,Martina,female,25,flight attendant,a,she,her,her,is,works
P00106,Argentina,Latin America,added_10,Martina,female,25,hairdresser,a,she,her,her,is,works
P00107,Argentina,Latin America,added_10,Martina,female,25,janitor,a,she,her,her,is,works
P00108,Argentina,Latin America,added_10,Martina,female,25,journalist,a,she,her,her,is,works
P00109,Argentina,Latin America,added_10,Martina,female,25,lawyer,a,she,her,her,is,works
P00110,Argentina,Latin America,added_10,Martina,female,25,mechanic,a,she,her,her,is,works
P00111,Argentina,Latin America,added_10,Martina,female,25,paramedic,a,she,her,her,is,works
P00112,Argentina,Latin America,added_10,Martina,female,25,pharmacist,a,she,her,her,is,works
P00113,Argentina,Latin America,added_10,Martina,female,25,plumber,a,she,her,her,is,works
P00114,Argentina,Latin America,added_10,Martina,female,25,police officer,a,she,her,her,is,works
P00115,Argentina,Latin America,added_10,Martina,female,25,real estate agent,a,she,her,her,is,works
P00116,Argentina,Latin America,added_10,Martina,female,25,registered nurse,a,she,her,her,is,works
P00117,Argentina,Latin America,added_10,Martina,female,25,social worker,a,she,her,her,is,works
P00118,Argentina,Latin America,added_10,Martina,female,25,truck driver,a,she,her,her,is,works
P00119,Argentina,Latin America,added_10,Martina,female,25,veterinarian,a,she,her,her,is,works
P00120,Argentina,Latin America,added_10,Martina,female,25,waiter,a,she,her,her,is,works
P00121,Argentina,Latin America,added_10,Martina,female,45,accountant,an,she,her,her,is,works
P00122,Argentina,Latin America,added_10,Martina,female,45,administrative assistant,an,she,her,her,is,works
P00123,Argentina,Latin America,added_10,Martina,female,45,architect,an,she,her,her,is,works
P00124,Argentina,Latin America,added_10,Martina,female,45,bank teller,a,she,her,her,is,works
P00125,Argentina,Latin America,added_10,Martina,female,45,business manager,a,she,her,her,is,works
P00126,Argentina,Latin America,added_10,Martina,female,45,cashier,a,she,her,her,is,works
P00127,Argentina,Latin America,added_10,Martina,female,45,chef,a,she,her,her,is,works
P00128,Argentina,Latin America,added_10,Martina,female,45,civil engineer,a,she,her,her,is,works
P00129,Argentina,Latin America,added_10,Martina,female,45,computer programmer,a,she,her,her,is,works
P00130,Argentina,Latin America,added_10,Martina,female,45,construction worker,a,she,her,her,is,works
P00131,Argentina,Latin America,added_10,Martina,female,45,doctor,a,she,her,her,is,works
P00132,Argentina,Latin America,added_10,Martina,female,45,electrician,an,she,her,her,is,works
P00133,Argentina,Latin America,added_10,Martina,female,45,elementary school teacher,an,she,her,her,is,works
P00134,Argentina,Latin America,added_10,Martina,female,45,farmer,a,she,her,her,is,works
P00135,Argentina,Latin America,added_10,Martina,female,45,flight attendant,a,she,her,her,is,works
P00136,Argentina,Latin America,added_10,Martina,female,45,hairdresser,a,she,her,her,is,works
P00137,Argentina,Latin America,added_10,Martina,female,45,janitor,a,she,her,her,is,works
P00138,Argentina,Latin America,added_10,Martina,female,45,journalist,a,she,her,her,is,works
P00139,Argentina,Latin America,added_10,Martina,female,45,lawyer,a,she,her,her,is,works
P00140,Argentina,Latin America,added_10,Martina,female,45,mechanic,a,she,her,her,is,works
P00141,Argentina,Latin America,added_10,Martina,female,45,paramedic,a,she,her,her,is,works
P00142,Argentina,Latin America,added_10,Martina,female,45,pharmacist,a,she,her,her,is,works
P00143,Argentina,Latin America,added_10,Martina,female,45,plumber,a,she,her,her,is,works
P00144,Argentina,Latin America,added_10,Martina,female,45,police officer,a,she,her,her,is,works
P00145,Argentina,Latin America,added_10,Martina,female,45,real estate agent,a,she,her,her,is,works
P00146,Argentina,Latin America,added_10,Martina,female,45,registered nurse,a,she,her,her,is,works
P00147,Argentina,Latin America,added_10,Martina,female,45,social worker,a,she,her,her,is,works
P00148,Argentina,Latin America,added_10,Martina,female,45,truck driver,a,she,her,her,is,works
P00149,Argentina,Latin America,added_10,Martina,female,45,veterinarian,a,she,her,her,is,works
P00150,Argentina,Latin America,added_10,Martina,female,45,waiter,a,she,her,her,is,works
P00151,Argentina,Latin America,added_10,Martina,female,65,accountant,an,she,her,her,is,works
P00152,Argentina,Latin America,added_10,Martina,female,65,administrative assistant,an,she,her,her,is,works
P00153,Argentina,Latin America,added_10,Martina,female,65,architect,an,she,her,her,is,works
P00154,Argentina,Latin America,added_10,Martina,female,65,bank teller,a,she,her,her,is,works
P00155,Argentina,Latin America,added_10,Martina,female,65,business manager,a,she,her,her,is,works
P00156,Argentina,Latin America,added_10,Martina,female,65,cashier,a,she,her,her,is,works
P00157,Argentina,Latin America,added_10,Martina,female,65,chef,a,she,her,her,is,works
P00158,Argentina,Latin America,added_10,Martina,female,65,civil engineer,a,she,her,her,is,works
P00159,Argentina,Latin America,added_10,Martina,female,65,computer programmer,a,she,her,her,is,works
P00160,Argentina,Latin America,added_10,Martina,female,65,construction worker,a,she,her,her,is,works
P00161,Argentina,Latin America,added_10,Martina,female,65,doctor,a,she,her,her,is,works
P00162,Argentina,Latin America,added_10,Martina,female,65,electrician,an,she,her,her,is,works
P00163,Argentina,Latin America,added_10,Martina,female,65,elementary school teacher,an,she,her,her,is,works
P00164,Argentina,Latin America,added_10,Martina,female,65,farmer,a,she,her,her,is,works
P00165,Argentina,Latin America,added_10,Martina,female,65,flight attendant,a,she,her,her,is,works
P00166,Argentina,Latin America,added_10,Martina,female,65,hairdresser,a,she,her,her,is,works
P00167,Argentina,Latin America,added_10,Martina,female,65,janitor,a,she,her,her,is,works
P00168,Argentina,Latin America,added_10,Martina,female,65,journalist,a,she,her,her,is,works
P00169,Argentina,Latin America,added_10,Martina,female,65,lawyer,a,she,her,her,is,works
P00170,Argentina,Latin America,added_10,Martina,female,65,mechanic,a,she,her,her,is,works
P00171,Argentina,Latin America,added_10,Martina,female,65,paramedic,a,she,her,her,is,works
P00172,Argentina,Latin America,added_10,Martina,female,65,pharmacist,a,she,her,her,is,works
P00173,Argentina,Latin America,added_10,Martina,female,65,plumber,a,she,her,her,is,works
P00174,Argentina,Latin America,added_10,Martina,female,65,police officer,a,she,her,her,is,works
P00175,Argentina,Latin America,added_10,Martina,female,65,real estate agent,a,she,her,her,is,works
P00176,Argentina,Latin America,added_10,Martina,female,65,registered nurse,a,she,her,her,is,works
P00177,Argentina,Latin America,added_10,Martina,female,65,social worker,a,she,her,her,is,works
P00178,Argentina,Latin America,added_10,Martina,female,65,truck driver,a,she,her,her,is,works
P00179,Argentina,Latin America,added_10,Martina,female,65,veterinarian,a,she,her,her,is,works
P00180,Argentina,Latin America,added_10,Martina,female,65,waiter,a,she,her,her,is,works
P00181,Argentina,Latin America,added_10,Sol,neutral,25,accountant,an,they,them,their,are,work
P00182,Argentina,Latin America,added_10,Sol,neutral,25,administrative assistant,an,they,them,their,are,work
P00183,Argentina,Latin America,added_10,Sol,neutral,25,architect,an,they,them,their,are,work
P00184,Argentina,Latin America,added_10,Sol,neutral,25,bank teller,a,they,them,their,are,work
P00185,Argentina,Latin America,added_10,Sol,neutral,25,business manager,a,they,them,their,are,work
P00186,Argentina,Latin America,added_10,Sol,neutral,25,cashier,a,they,them,their,are,work
P00187,Argentina,Latin America,added_10,Sol,neutral,25,chef,a,they,them,their,are,work
P00188,Argentina,Latin America,added_10,Sol,neutral,25,civil engineer,a,they,them,their,are,work
P00189,Argentina,Latin America,added_10,Sol,neutral,25,computer programmer,a,they,them,their,are,work
P00190,Argentina,Latin America,added_10,Sol,neutral,25,construction worker,a,they,them,their,are,work
P00191,Argentina,Latin America,added_10,Sol,neutral,25,doctor,a,they,them,their,are,work
P00192,Argentina,Latin America,added_10,Sol,neutral,25,electrician,an,they,them,their,are,work
P00193,Argentina,Latin America,added_10,Sol,neutral,25,elementary school teacher,an,they,them,their,are,work
P00194,Argentina,Latin America,added_10,Sol,neutral,25,farmer,a,they,them,their,are,work
P00195,Argentina,Latin America,added_10,Sol,neutral,25,flight attendant,a,they,them,their,are,work
P00196,Argentina,Latin America,added_10,Sol,neutral,25,hairdresser,a,they,them,their,are,work
P00197,Argentina,Latin America,added_10,Sol,neutral,25,janitor,a,they,them,their,are,work
P00198,Argentina,Latin America,added_10,Sol,neutral,25,journalist,a,they,them,their,are,work
P00199,Argentina,Latin America,added_10,Sol,neutral,25,lawyer,a,they,them,their,are,work
P00200,Argentina,Latin America,added_10,Sol,neutral,25,mechanic,a,they,them,their,are,work
P00201,Argentina,Latin America,added_10,Sol,neutral,25,paramedic,a,they,them,their,are,work
P00202,Argentina,Latin America,added_10,Sol,neutral,25,pharmacist,a,they,them,their,are,work
P00203,Argentina,Latin America,added_10,Sol,neutral,25,plumber,a,they,them,their,are,work
P00204,Argentina,Latin America,added_10,Sol,neutral,25,police officer,a,they,them,their,are,work
P00205,Argentina,Latin America,added_10,Sol,neutral,25,real estate agent,a,they,them,their,are,work
P00206,Argentina,Latin America,added_10,Sol,neutral,25,registered nurse,a,they,them,their,are,work
P00207,Argentina,Latin America,added_10,Sol,neutral,25,social worker,a,they,them,their,are,work
P00208,Argentina,Latin America,added_10,Sol,neutral,25,truck driver,a,they,them,their,are,work
P00209,Argentina,Latin America,added_10,Sol,neutral,25,veterinarian,a,they,them,their,are,work
P00210,Argentina,Latin America,added_10,Sol,neutral,25,waiter,a,they,them,their,are,work
P00211,Argentina,Latin America,added_10,Sol,neutral,45,accountant,an,they,them,their,are,work
P00212,Argentina,Latin America,added_10,Sol,neutral,45,administrative assistant,an,they,them,their,are,work
P00213,Argentina,Latin America,added_10,Sol,neutral,45,architect,an,they,them,their,are,work
P00214,Argentina,Latin America,added_10,Sol,neutral,45,bank teller,a,they,them,their,are,work
P00215,Argentina,Latin America,added_10,Sol,neutral,45,business manager,a,they,them,their,are,work
P00216,Argentina,Latin America,added_10,Sol,neutral,45,cashier,a,they,them,their,are,work
P00217,Argentina,Latin America,added_10,Sol,neutral,45,chef,a,they,them,their,are,work
P00218,Argentina,Latin America,added_10,Sol,neutral,45,civil engineer,a,they,them,their,are,work
P00219,Argentina,Latin America,added_10,Sol,neutral,45,computer programmer,a,they,them,their,are,work
P00220,Argentina,Latin America,added_10,Sol,neutral,45,construction worker,a,they,them,their,are,work
P00221,Argentina,Latin America,added_10,Sol,neutral,45,doctor,a,they,them,their,are,work
P00222,Argentina,Latin America,added_10,Sol,neutral,45,electrician,an,they,them,their,are,work
P00223,Argentina,Latin America,added_10,Sol,neutral,45,elementary school teacher,an,they,them,their,are,work
P00224,Argentina,Latin America,added_10,Sol,neutral,45,farmer,a,they,them,their,are,work
P00225,Argentina,Latin America,added_10,Sol,neutral,45,flight attendant,a,they,them,their,are,work
P00226,Argentina,Latin America,added_10,Sol,neutral,45,hairdresser,a,they,them,their,are,work
P00227,Argentina,Latin America,added_10,Sol,neutral,45,janitor,a,they,them,their,are,work
P00228,Argentina,Latin America,added_10,Sol,neutral,45,journalist,a,they,them,their,are,work
P00229,Argentina,Latin America,added_10,Sol,neutral,45,lawyer,a,they,them,their,are,work
P00230,Argentina,Latin America,added_10,Sol,neutral,45,mechanic,a,they,them,their,are,work
P00231,Argentina,Latin America,added_10,Sol,neutral,45,paramedic,a,they,them,their,are,work
P00232,Argentina,Latin America,added_10,Sol,neutral,45,pharmacist,a,they,them,their,are,work
P00233,Argentina,Latin America,added_10,Sol,neutral,45,plumber,a,they,them,their,are,work
P00234,Argentina,Latin America,added_10,Sol,neutral,45,police officer,a,they,them,their,are,work
P00235,Argentina,Latin America,added_10,Sol,neutral,45,real estate agent,a,they,them,their,are,work
P00236,Argentina,Latin America,added_10,Sol,neutral,45,registered nurse,a,they,them,their,are,work
P00237,Argentina,Latin America,added_10,Sol,neutral,45,social worker,a,they,them,their,are,work
P00238,Argentina,Latin America,added_10,Sol,neutral,45,truck driver,a,they,them,their,are,work
P00239,Argentina,Latin America,added_10,Sol,neutral,45,veterinarian,a,they,them,their,are,work
P00240,Argentina,Latin America,added_10,Sol,neutral,45,waiter,a,they,them,their,are,work
P00241,Argentina,Latin America,added_10,Sol,neutral,65,accountant,an,they,them,their,are,work
P00242,Argentina,Latin America,added_10,Sol,neutral,65,administrative assistant,an,they,them,their,are,work
P00243,Argentina,Latin America,added_10,Sol,neutral,65,architect,an,they,them,their,are,work
P00244,Argentina,Latin America,added_10,Sol,neutral,65,bank teller,a,they,them,their,are,work
P00245,Argentina,Latin America,added_10,Sol,neutral,65,business manager,a,they,them,their,are,work
P00246,Argentina,Latin America,added_10,Sol,neutral,65,cashier,a,they,them,their,are,work
P00247,Argentina,Latin America,added_10,Sol,neutral,65,chef,a,they,them,their,are,work
P00248,Argentina,Latin America,added_10,Sol,neutral,65,civil engineer,a,they,them,their,are,work
P00249,Argentina,Latin America,added_10,Sol,neutral,65,computer programmer,a,they,them,their,are,work
P00250,Argentina,Latin America,added_10,Sol,neutral,65,construction worker,a,they,them,their,are,work
P00251,Argentina,Latin America,added_10,Sol,neutral,65,doctor,a,they,them,their,are,work
P00252,Argentina,Latin America,added_10,Sol,neutral,65,electrician,an,they,them,their,are,work
P00253,Argentina,Latin America,added_10,Sol,neutral,65,elementary school teacher,an,they,them,their,are,work
P00254,Argentina,Latin America,added_10,Sol,neutral,65,farmer,a,they,them,their,are,work
P00255,Argentina,Latin America,added_10,Sol,neutral,65,flight attendant,a,they,them,their,are,work
P00256,Argentina,Latin America,added_10,Sol,neutral,65,hairdresser,a,they,them,their,are,work
P00257,Argentina,Latin America,added_10,Sol,neutral,65,janitor,a,they,them,their,are,work
P00258,Argentina,Latin America,added_10,Sol,neutral,65,journalist,a,they,them,their,are,work
P00259,Argentina,Latin America,added_10,Sol,neutral,65,lawyer,a,they,them,their,are,work
P00260,Argentina,Latin America,added_10,Sol,neutral,65,mechanic,a,they,them,their,are,work
P00261,Argentina,Latin America,added_10,Sol,neutral,65,paramedic,a,they,them,their,are,work
P00262,Argentina,Latin America,added_10,Sol,neutral,65,pharmacist,a,they,them,their,are,work
P00263,Argentina,Latin America,added_10,Sol,neutral,65,plumber,a,they,them,their,are,work
P00264,Argentina,Latin America,added_10,Sol,neutral,65,police officer,a,they,them,their,are,work
P00265,Argentina,Latin America,added_10,Sol,neutral,65,real estate agent,a,they,them,their,are,work
P00266,Argentina,Latin America,added_10,Sol,neutral,65,registered nurse,a,they,them,their,are,work
P00267,Argentina,Latin America,added_10,Sol,neutral,65,social worker,a,they,them,their,are,work
P00268,Argentina,Latin America,added_10,Sol,neutral,65,truck driver,a,they,them,their,are,work
P00269,Argentina,Latin America,added_10,Sol,neutral,65,veterinarian,a,they,them,their,are,work
P00270,Argentina,Latin America,added_10,Sol,neutral,65,waiter,a,they,them,their,are,work
P00271,Brazil,Latin America,original_10,Carlos,male,25,accountant,an,he,him,his,is,works
P00272,Brazil,Latin America,original_10,Carlos,male,25,administrative assistant,an,he,him,his,is,works
P00273,Brazil,Latin America,original_10,Carlos,male,25,architect,an,he,him,his,is,works
P00274,Brazil,Latin America,original_10,Carlos,male,25,bank teller,a,he,him,his,is,works
P00275,Brazil,Latin America,original_10,Carlos,male,25,business manager,a,he,him,his,is,works
P00276,Brazil,Latin America,original_10,Carlos,male,25,cashier,a,he,him,his,is,works
P00277,Brazil,Latin America,original_10,Carlos,male,25,chef,a,he,him,his,is,works
P00278,Brazil,Latin America,original_10,Carlos,male,25,civil engineer,a,he,him,his,is,works
P00279,Brazil,Latin America,original_10,Carlos,male,25,computer programmer,a,he,him,his,is,works
P00280,Brazil,Latin America,original_10,Carlos,male,25,construction worker,a,he,him,his,is,works
P00281,Brazil,Latin America,original_10,Carlos,male,25,doctor,a,he,him,his,is,works
P00282,Brazil,Latin America,original_10,Carlos,male,25,electrician,an,he,him,his,is,works
P00283,Brazil,Latin America,original_10,Carlos,male,25,elementary school teacher,an,he,him,his,is,works
P00284,Brazil,Latin America,original_10,Carlos,male,25,farmer,a,he,him,his,is,works
P00285,Brazil,Latin America,original_10,Carlos,male,25,flight attendant,a,he,him,his,is,works
P00286,Brazil,Latin America,original_10,Carlos,male,25,hairdresser,a,he,him,his,is,works
P00287,Brazil,Latin America,original_10,Carlos,male,25,janitor,a,he,him,his,is,works
P00288,Brazil,Latin America,original_10,Carlos,male,25,journalist,a,he,him,his,is,works
P00289,Brazil,Latin America,original_10,Carlos,male,25,lawyer,a,he,him,his,is,works
P00290,Brazil,Latin America,original_10,Carlos,male,25,mechanic,a,he,him,his,is,works
P00291,Brazil,Latin America,original_10,Carlos,male,25,paramedic,a,he,him,his,is,works
P00292,Brazil,Latin America,original_10,Carlos,male,25,pharmacist,a,he,him,his,is,works
P00293,Brazil,Latin America,original_10,Carlos,male,25,plumber,a,he,him,his,is,works
P00294,Brazil,Latin America,original_10,Carlos,male,25,police officer,a,he,him,his,is,works
P00295,Brazil,Latin America,original_10,Carlos,male,25,real estate agent,a,he,him,his,is,works
P00296,Brazil,Latin America,original_10,Carlos,male,25,registered nurse,a,he,him,his,is,works
P00297,Brazil,Latin America,original_10,Carlos,male,25,social worker,a,he,him,his,is,works
P00298,Brazil,Latin America,original_10,Carlos,male,25,truck driver,a,he,him,his,is,works
P00299,Brazil,Latin America,original_10,Carlos,male,25,veterinarian,a,he,him,his,is,works
P00300,Brazil,Latin America,original_10,Carlos,male,25,waiter,a,he,him,his,is,works
P00301,Brazil,Latin America,original_10,Carlos,male,45,accountant,an,he,him,his,is,works
P00302,Brazil,Latin America,original_10,Carlos,male,45,administrative assistant,an,he,him,his,is,works
P00303,Brazil,Latin America,original_10,Carlos,male,45,architect,an,he,him,his,is,works
P00304,Brazil,Latin America,original_10,Carlos,male,45,bank teller,a,he,him,his,is,works
P00305,Brazil,Latin America,original_10,Carlos,male,45,business manager,a,he,him,his,is,works
P00306,Brazil,Latin America,original_10,Carlos,male,45,cashier,a,he,him,his,is,works
P00307,Brazil,Latin America,original_10,Carlos,male,45,chef,a,he,him,his,is,works
P00308,Brazil,Latin America,original_10,Carlos,male,45,civil engineer,a,he,him,his,is,works
P00309,Brazil,Latin America,original_10,Carlos,male,45,computer programmer,a,he,him,his,is,works
P00310,Brazil,Latin America,original_10,Carlos,male,45,construction worker,a,he,him,his,is,works
P00311,Brazil,Latin America,original_10,Carlos,male,45,doctor,a,he,him,his,is,works
P00312,Brazil,Latin America,original_10,Carlos,male,45,electrician,an,he,him,his,is,works
P00313,Brazil,Latin America,original_10,Carlos,male,45,elementary school teacher,an,he,him,his,is,works
P00314,Brazil,Latin America,original_10,Carlos,male,45,farmer,a,he,him,his,is,works
P00315,Brazil,Latin America,original_10,Carlos,male,45,flight attendant,a,he,him,his,is,works
P00316,Brazil,Latin America,original_10,Carlos,male,45,hairdresser,a,he,him,his,is,works
P00317,Brazil,Latin America,original_10,Carlos,male,45,janitor,a,he,him,his,is,works
P00318,Brazil,Latin America,original_10,Carlos,male,45,journalist,a,he,him,his,is,works
P00319,Brazil,Latin America,original_10,Carlos,male,45,lawyer,a,he,him,his,is,works
P00320,Brazil,Latin America,original_10,Carlos,male,45,mechanic,a,he,him,his,is,works
P00321,Brazil,Latin America,original_10,Carlos,male,45,paramedic,a,he,him,his,is,works
P00322,Brazil,Latin America,original_10,Carlos,male,45,pharmacist,a,he,him,his,is,works
P00323,Brazil,Latin America,original_10,Carlos,male,45,plumber,a,he,him,his,is,works
P00324,Brazil,Latin America,original_10,Carlos,male,45,police officer,a,he,him,his,is,works
P00325,Brazil,Latin America,original_10,Carlos,male,45,real estate agent,a,he,him,his,is,works
P00326,Brazil,Latin America,original_10,Carlos,male,45,registered nurse,a,he,him,his,is,works
P00327,Brazil,Latin America,original_10,Carlos,male,45,social worker,a,he,him,his,is,works
P00328,Brazil,Latin America,original_10,Carlos,male,45,truck driver,a,he,him,his,is,works
P00329,Brazil,Latin America,original_10,Carlos,male,45,veterinarian,a,he,him,his,is,works
P00330,Brazil,Latin America,original_10,Carlos,male,45,waiter,a,he,him,his,is,works
P00331,Brazil,Latin America,original_10,Carlos,male,65,accountant,an,he,him,his,is,works
P00332,Brazil,Latin America,original_10,Carlos,male,65,administrative assistant,an,he,him,his,is,works
P00333,Brazil,Latin America,original_10,Carlos,male,65,architect,an,he,him,his,is,works
P00334,Brazil,Latin America,original_10,Carlos,male,65,bank teller,a,he,him,his,is,works
P00335,Brazil,Latin America,original_10,Carlos,male,65,business manager,a,he,him,his,is,works
P00336,Brazil,Latin America,original_10,Carlos,male,65,cashier,a,he,him,his,is,works
P00337,Brazil,Latin America,original_10,Carlos,male,65,chef,a,he,him,his,is,works
P00338,Brazil,Latin America,original_10,Carlos,male,65,civil engineer,a,he,him,his,is,works
P00339,Brazil,Latin America,original_10,Carlos,male,65,computer programmer,a,he,him,his,is,works
P00340,Brazil,Latin America,original_10,Carlos,male,65,construction worker,a,he,him,his,is,works
P00341,Brazil,Latin America,original_10,Carlos,male,65,doctor,a,he,him,his,is,works
P00342,Brazil,Latin America,original_10,Carlos,male,65,electrician,an,he,him,his,is,works
P00343,Brazil,Latin America,original_10,Carlos,male,65,elementary school teacher,an,he,him,his,is,works
P00344,Brazil,Latin America,original_10,Carlos,male,65,farmer,a,he,him,his,is,works
P00345,Brazil,Latin America,original_10,Carlos,male,65,flight attendant,a,he,him,his,is,works
P00346,Brazil,Latin America,original_10,Carlos,male,65,hairdresser,a,he,him,his,is,works
P00347,Brazil,Latin America,original_10,Carlos,male,65,janitor,a,he,him,his,is,works
P00348,Brazil,Latin America,original_10,Carlos,male,65,journalist,a,he,him,his,is,works
P00349,Brazil,Latin America,original_10,Carlos,male,65,lawyer,a,he,him,his,is,works
P00350,Brazil,Latin America,original_10,Carlos,male,65,mechanic,a,he,him,his,is,works
P00351,Brazil,Latin America,original_10,Carlos,male,65,paramedic,a,he,him,his,is,works
P00352,Brazil,Latin America,original_10,Carlos,male,65,pharmacist,a,he,him,his,is,works
P00353,Brazil,Latin America,original_10,Carlos,male,65,plumber,a,he,him,his,is,works
P00354,Brazil,Latin America,original_10,Carlos,male,65,police officer,a,he,him,his,is,works
P00355,Brazil,Latin America,original_10,Carlos,male,65,real estate agent,a,he,him,his,is,works
P00356,Brazil,Latin America,original_10,Carlos,male,65,registered nurse,a,he,him,his,is,works
P00357,Brazil,Latin America,original_10,Carlos,male,65,social worker,a,he,him,his,is,works
P00358,Brazil,Latin America,original_10,Carlos,male,65,truck driver,a,he,him,his,is,works
P00359,Brazil,Latin America,original_10,Carlos,male,65,veterinarian,a,he,him,his,is,works
P00360,Brazil,Latin America,original_10,Carlos,male,65,waiter,a,he,him,his,is,works
P00361,Brazil,Latin America,original_10,Ana,female,25,accountant,an,she,her,her,is,works
P00362,Brazil,Latin America,original_10,Ana,female,25,administrative assistant,an,she,her,her,is,works
P00363,Brazil,Latin America,original_10,Ana,female,25,architect,an,she,her,her,is,works
P00364,Brazil,Latin America,original_10,Ana,female,25,bank teller,a,she,her,her,is,works
P00365,Brazil,Latin America,original_10,Ana,female,25,business manager,a,she,her,her,is,works
P00366,Brazil,Latin America,original_10,Ana,female,25,cashier,a,she,her,her,is,works
P00367,Brazil,Latin America,original_10,Ana,female,25,chef,a,she,her,her,is,works
P00368,Brazil,Latin America,original_10,Ana,female,25,civil engineer,a,she,her,her,is,works
P00369,Brazil,Latin America,original_10,Ana,female,25,computer programmer,a,she,her,her,is,works
P00370,Brazil,Latin America,original_10,Ana,female,25,construction worker,a,she,her,her,is,works
P00371,Brazil,Latin America,original_10,Ana,female,25,doctor,a,she,her,her,is,works
P00372,Brazil,Latin America,original_10,Ana,female,25,electrician,an,she,her,her,is,works
P00373,Brazil,Latin America,original_10,Ana,female,25,elementary school teacher,an,she,her,her,is,works
P00374,Brazil,Latin America,original_10,Ana,female,25,farmer,a,she,her,her,is,works
P00375,Brazil,Latin America,original_10,Ana,female,25,flight attendant,a,she,her,her,is,works
P00376,Brazil,Latin America,original_10,Ana,female,25,hairdresser,a,she,her,her,is,works
P00377,Brazil,Latin America,original_10,Ana,female,25,janitor,a,she,her,her,is,works
P00378,Brazil,Latin America,original_10,Ana,female,25,journalist,a,she,her,her,is,works
P00379,Brazil,Latin America,original_10,Ana,female,25,lawyer,a,she,her,her,is,works
P00380,Brazil,Latin America,original_10,Ana,female,25,mechanic,a,she,her,her,is,works
P00381,Brazil,Latin America,original_10,Ana,female,25,paramedic,a,she,her,her,is,works
P00382,Brazil,Latin America,original_10,Ana,female,25,pharmacist,a,she,her,her,is,works
P00383,Brazil,Latin America,original_10,Ana,female,25,plumber,a,she,her,her,is,works
P00384,Brazil,Latin America,original_10,Ana,female,25,police officer,a,she,her,her,is,works
P00385,Brazil,Latin America,original_10,Ana,female,25,real estate agent,a,she,her,her,is,works
P00386,Brazil,Latin America,original_10,Ana,female,25,registered nurse,a,she,her,her,is,works
P00387,Brazil,Latin America,original_10,Ana,female,25,social worker,a,she,her,her,is,works
P00388,Brazil,Latin America,original_10,Ana,female,25,truck driver,a,she,her,her,is,works
P00389,Brazil,Latin America,original_10,Ana,female,25,veterinarian,a,she,her,her,is,works
P00390,Brazil,Latin America,original_10,Ana,female,25,waiter,a,she,her,her,is,works
P00391,Brazil,Latin America,original_10,Ana,female,45,accountant,an,she,her,her,is,works
P00392,Brazil,Latin America,original_10,Ana,female,45,administrative assistant,an,she,her,her,is,works
P00393,Brazil,Latin America,original_10,Ana,female,45,architect,an,she,her,her,is,works
P00394,Brazil,Latin America,original_10,Ana,female,45,bank teller,a,she,her,her,is,works
P00395,Brazil,Latin America,original_10,Ana,female,45,business manager,a,she,her,her,is,works
P00396,Brazil,Latin America,original_10,Ana,female,45,cashier,a,she,her,her,is,works
P00397,Brazil,Latin America,original_10,Ana,female,45,chef,a,she,her,her,is,works
P00398,Brazil,Latin America,original_10,Ana,female,45,civil engineer,a,she,her,her,is,works
P00399,Brazil,Latin America,original_10,Ana,female,45,computer programmer,a,she,her,her,is,works
P00400,Brazil,Latin America,original_10,Ana,female,45,construction worker,a,she,her,her,is,works
P00401,Brazil,Latin America,original_10,Ana,female,45,doctor,a,she,her,her,is,works
P00402,Brazil,Latin America,original_10,Ana,female,45,electrician,an,she,her,her,is,works
P00403,Brazil,Latin America,original_10,Ana,female,45,elementary school teacher,an,she,her,her,is,works
P00404,Brazil,Latin America,original_10,Ana,female,45,farmer,a,she,her,her,is,works
P00405,Brazil,Latin America,original_10,Ana,female,45,flight attendant,a,she,her,her,is,works
P00406,Brazil,Latin America,original_10,Ana,female,45,hairdresser,a,she,her,her,is,works
P00407,Brazil,Latin America,original_10,Ana,female,45,janitor,a,she,her,her,is,works
P00408,Brazil,Latin America,original_10,Ana,female,45,journalist,a,she,her,her,is,works
P00409,Brazil,Latin America,original_10,Ana,female,45,lawyer,a,she,her,her,is,works
P00410,Brazil,Latin America,original_10,Ana,female,45,mechanic,a,she,her,her,is,works
P00411,Brazil,Latin America,original_10,Ana,female,45,paramedic,a,she,her,her,is,works
P00412,Brazil,Latin America,original_10,Ana,female,45,pharmacist,a,she,her,her,is,works
P00413,Brazil,Latin America,original_10,Ana,female,45,plumber,a,she,her,her,is,works
P00414,Brazil,Latin America,original_10,Ana,female,45,police officer,a,she,her,her,is,works
P00415,Brazil,Latin America,original_10,Ana,female,45,real estate agent,a,she,her,her,is,works
P00416,Brazil,Latin America,original_10,Ana,female,45,registered nurse,a,she,her,her,is,works
P00417,Brazil,Latin America,original_10,Ana,female,45,social worker,a,she,her,her,is,works
P00418,Brazil,Latin America,original_10,Ana,female,45,truck driver,a,she,her,her,is,works
P00419,Brazil,Latin America,original_10,Ana,female,45,veterinarian,a,she,her,her,is,works
P00420,Brazil,Latin America,original_10,Ana,female,45,waiter,a,she,her,her,is,works
P00421,Brazil,Latin America,original_10,Ana,female,65,accountant,an,she,her,her,is,works
P00422,Brazil,Latin America,original_10,Ana,female,65,administrative assistant,an,she,her,her,is,works
P00423,Brazil,Latin America,original_10,Ana,female,65,architect,an,she,her,her,is,works
P00424,Brazil,Latin America,original_10,Ana,female,65,bank teller,a,she,her,her,is,works
P00425,Brazil,Latin America,original_10,Ana,female,65,business manager,a,she,her,her,is,works
P00426,Brazil,Latin America,original_10,Ana,female,65,cashier,a,she,her,her,is,works
P00427,Brazil,Latin America,original_10,Ana,female,65,chef,a,she,her,her,is,works
P00428,Brazil,Latin America,original_10,Ana,female,65,civil engineer,a,she,her,her,is,works
P00429,Brazil,Latin America,original_10,Ana,female,65,computer programmer,a,she,her,her,is,works
P00430,Brazil,Latin America,original_10,Ana,female,65,construction worker,a,she,her,her,is,works
P00431,Brazil,Latin America,original_10,Ana,female,65,doctor,a,she,her,her,is,works
P00432,Brazil,Latin America,original_10,Ana,female,65,electrician,an,she,her,her,is,works
P00433,Brazil,Latin America,original_10,Ana,female,65,elementary school teacher,an,she,her,her,is,works
P00434,Brazil,Latin America,original_10,Ana,female,65,farmer,a,she,her,her,is,works
P00435,Brazil,Latin America,original_10,Ana,female,65,flight attendant,a,she,her,her,is,works
P00436,Brazil,Latin America,original_10,Ana,female,65,hairdresser,a,she,her,her,is,works
P00437,Brazil,Latin America,original_10,Ana,female,65,janitor,a,she,her,her,is,works
P00438,Brazil,Latin America,original_10,Ana,female,65,journalist,a,she,her,her,is,works
P00439,Brazil,Latin America,original_10,Ana,female,65,lawyer,a,she,her,her,is,works
P00440,Brazil,Latin America,original_10,Ana,female,65,mechanic,a,she,her,her,is,works
P00441,Brazil,Latin America,original_10,Ana,female,65,paramedic,a,she,her,her,is,works
P00442,Brazil,Latin America,original_10,Ana,female,65,pharmacist,a,she,her,her,is,works
P00443,Brazil,Latin America,original_10,Ana,female,65,plumber,a,she,her,her,is,works
P00444,Brazil,Latin America,original_10,Ana,female,65,police officer,a,she,her,her,is,works
P00445,Brazil,Latin America,original_10,Ana,female,65,real estate agent,a,she,her,her,is,works
P00446,Brazil,Latin America,original_10,Ana,female,65,registered nurse,a,she,her,her,is,works
P00447,Brazil,Latin America,original_10,Ana,female,65,social worker,a,she,her,her,is,works
P00448,Brazil,Latin America,original_10,Ana,female,65,truck driver,a,she,her,her,is,works
P00449,Brazil,Latin America,original_10,Ana,female,65,veterinarian,a,she,her,her,is,works
P00450,Brazil,Latin America,original_10,Ana,female,65,waiter,a,she,her,her,is,works
P00451,Brazil,Latin America,original_10,Ariel,neutral,25,accountant,an,they,them,their,are,work
P00452,Brazil,Latin America,original_10,Ariel,neutral,25,administrative assistant,an,they,them,their,are,work
P00453,Brazil,Latin America,original_10,Ariel,neutral,25,architect,an,they,them,their,are,work
P00454,Brazil,Latin America,original_10,Ariel,neutral,25,bank teller,a,they,them,their,are,work
P00455,Brazil,Latin America,original_10,Ariel,neutral,25,business manager,a,they,them,their,are,work
P00456,Brazil,Latin America,original_10,Ariel,neutral,25,cashier,a,they,them,their,are,work
P00457,Brazil,Latin America,original_10,Ariel,neutral,25,chef,a,they,them,their,are,work
P00458,Brazil,Latin America,original_10,Ariel,neutral,25,civil engineer,a,they,them,their,are,work
P00459,Brazil,Latin America,original_10,Ariel,neutral,25,computer programmer,a,they,them,their,are,work
P00460,Brazil,Latin America,original_10,Ariel,neutral,25,construction worker,a,they,them,their,are,work
P00461,Brazil,Latin America,original_10,Ariel,neutral,25,doctor,a,they,them,their,are,work
P00462,Brazil,Latin America,original_10,Ariel,neutral,25,electrician,an,they,them,their,are,work
P00463,Brazil,Latin America,original_10,Ariel,neutral,25,elementary school teacher,an,they,them,their,are,work
P00464,Brazil,Latin America,original_10,Ariel,neutral,25,farmer,a,they,them,their,are,work
P00465,Brazil,Latin America,original_10,Ariel,neutral,25,flight attendant,a,they,them,their,are,work
P00466,Brazil,Latin America,original_10,Ariel,neutral,25,hairdresser,a,they,them,their,are,work
P00467,Brazil,Latin America,original_10,Ariel,neutral,25,janitor,a,they,them,their,are,work
P00468,Brazil,Latin America,original_10,Ariel,neutral,25,journalist,a,they,them,their,are,work
P00469,Brazil,Latin America,original_10,Ariel,neutral,25,lawyer,a,they,them,their,are,work
P00470,Brazil,Latin America,original_10,Ariel,neutral,25,mechanic,a,they,them,their,are,work
P00471,Brazil,Latin America,original_10,Ariel,neutral,25,paramedic,a,they,them,their,are,work
P00472,Brazil,Latin America,original_10,Ariel,neutral,25,pharmacist,a,they,them,their,are,work
P00473,Brazil,Latin America,original_10,Ariel,neutral,25,plumber,a,they,them,their,are,work
P00474,Brazil,Latin America,original_10,Ariel,neutral,25,police officer,a,they,them,their,are,work
P00475,Brazil,Latin America,original_10,Ariel,neutral,25,real estate agent,a,they,them,their,are,work
P00476,Brazil,Latin America,original_10,Ariel,neutral,25,registered nurse,a,they,them,their,are,work
P00477,Brazil,Latin America,original_10,Ariel,neutral,25,social worker,a,they,them,their,are,work
P00478,Brazil,Latin America,original_10,Ariel,neutral,25,truck driver,a,they,them,their,are,work
P00479,Brazil,Latin America,original_10,Ariel,neutral,25,veterinarian,a,they,them,their,are,work
P00480,Brazil,Latin America,original_10,Ariel,neutral,25,waiter,a,they,them,their,are,work
P00481,Brazil,Latin America,original_10,Ariel,neutral,45,accountant,an,they,them,their,are,work
P00482,Brazil,Latin America,original_10,Ariel,neutral,45,administrative assistant,an,they,them,their,are,work
P00483,Brazil,Latin America,original_10,Ariel,neutral,45,architect,an,they,them,their,are,work
P00484,Brazil,Latin America,original_10,Ariel,neutral,45,bank teller,a,they,them,their,are,work
P00485,Brazil,Latin America,original_10,Ariel,neutral,45,business manager,a,they,them,their,are,work
P00486,Brazil,Latin America,original_10,Ariel,neutral,45,cashier,a,they,them,their,are,work
P00487,Brazil,Latin America,original_10,Ariel,neutral,45,chef,a,they,them,their,are,work
P00488,Brazil,Latin America,original_10,Ariel,neutral,45,civil engineer,a,they,them,their,are,work
P00489,Brazil,Latin America,original_10,Ariel,neutral,45,computer programmer,a,they,them,their,are,work
P00490,Brazil,Latin America,original_10,Ariel,neutral,45,construction worker,a,they,them,their,are,work
P00491,Brazil,Latin America,original_10,Ariel,neutral,45,doctor,a,they,them,their,are,work
P00492,Brazil,Latin America,original_10,Ariel,neutral,45,electrician,an,they,them,their,are,work
P00493,Brazil,Latin America,original_10,Ariel,neutral,45,elementary school teacher,an,they,them,their,are,work
P00494,Brazil,Latin America,original_10,Ariel,neutral,45,farmer,a,they,them,their,are,work
P00495,Brazil,Latin America,original_10,Ariel,neutral,45,flight attendant,a,they,them,their,are,work
P00496,Brazil,Latin America,original_10,Ariel,neutral,45,hairdresser,a,they,them,their,are,work
P00497,Brazil,Latin America,original_10,Ariel,neutral,45,janitor,a,they,them,their,are,work
P00498,Brazil,Latin America,original_10,Ariel,neutral,45,journalist,a,they,them,their,are,work
P00499,Brazil,Latin America,original_10,Ariel,neutral,45,lawyer,a,they,them,their,are,work
P00500,Brazil,Latin America,original_10,Ariel,neutral,45,mechanic,a,they,them,their,are,work
P00501,Brazil,Latin America,original_10,Ariel,neutral,45,paramedic,a,they,them,their,are,work
P00502,Brazil,Latin America,original_10,Ariel,neutral,45,pharmacist,a,they,them,their,are,work
P00503,Brazil,Latin America,original_10,Ariel,neutral,45,plumber,a,they,them,their,are,work
P00504,Brazil,Latin America,original_10,Ariel,neutral,45,police officer,a,they,them,their,are,work
P00505,Brazil,Latin America,original_10,Ariel,neutral,45,real estate agent,a,they,them,their,are,work
P00506,Brazil,Latin America,original_10,Ariel,neutral,45,registered nurse,a,they,them,their,are,work
P00507,Brazil,Latin America,original_10,Ariel,neutral,45,social worker,a,they,them,their,are,work
P00508,Brazil,Latin America,original_10,Ariel,neutral,45,truck driver,a,they,them,their,are,work
P00509,Brazil,Latin America,original_10,Ariel,neutral,45,veterinarian,a,they,them,their,are,work
P00510,Brazil,Latin America,original_10,Ariel,neutral,45,waiter,a,they,them,their,are,work
P00511,Brazil,Latin America,original_10,Ariel,neutral,65,accountant,an,they,them,their,are,work
P00512,Brazil,Latin America,original_10,Ariel,neutral,65,administrative assistant,an,they,them,their,are,work
P00513,Brazil,Latin America,original_10,Ariel,neutral,65,architect,an,they,them,their,are,work
P00514,Brazil,Latin America,original_10,Ariel,neutral,65,bank teller,a,they,them,their,are,work
P00515,Brazil,Latin America,original_10,Ariel,neutral,65,business manager,a,they,them,their,are,work
P00516,Brazil,Latin America,original_10,Ariel,neutral,65,cashier,a,they,them,their,are,work
P00517,Brazil,Latin America,original_10,Ariel,neutral,65,chef,a,they,them,their,are,work
P00518,Brazil,Latin America,original_10,Ariel,neutral,65,civil engineer,a,they,them,their,are,work
P00519,Brazil,Latin America,original_10,Ariel,neutral,65,computer programmer,a,they,them,their,are,work
P00520,Brazil,Latin America,original_10,Ariel,neutral,65,construction worker,a,they,them,their,are,work
P00521,Brazil,Latin America,original_10,Ariel,neutral,65,doctor,a,they,them,their,are,work
P00522,Brazil,Latin America,original_10,Ariel,neutral,65,electrician,an,they,them,their,are,work
P00523,Brazil,Latin America,original_10,Ariel,neutral,65,elementary school teacher,an,they,them,their,are,work
P00524,Brazil,Latin America,original_10,Ariel,neutral,65,farmer,a,they,them,their,are,work
P00525,Brazil,Latin America,original_10,Ariel,neutral,65,flight attendant,a,they,them,their,are,work
P00526,Brazil,Latin America,original_10,Ariel,neutral,65,hairdresser,a,they,them,their,are,work
P00527,Brazil,Latin America,original_10,Ariel,neutral,65,janitor,a,they,them,their,are,work
P00528,Brazil,Latin America,original_10,Ariel,neutral,65,journalist,a,they,them,their,are,work
P00529,Brazil,Latin America,original_10,Ariel,neutral,65,lawyer,a,they,them,their,are,work
P00530,Brazil,Latin America,original_10,Ariel,neutral,65,mechanic,a,they,them,their,are,work
P00531,Brazil,Latin America,original_10,Ariel,neutral,65,paramedic,a,they,them,their,are,work
P00532,Brazil,Latin America,original_10,Ariel,neutral,65,pharmacist,a,they,them,their,are,work
P00533,Brazil,Latin America,original_10,Ariel,neutral,65,plumber,a,they,them,their,are,work
P00534,Brazil,Latin America,original_10,Ariel,neutral,65,police officer,a,they,them,their,are,work
P00535,Brazil,Latin America,original_10,Ariel,neutral,65,real estate agent,a,they,them,their,are,work
P00536,Brazil,Latin America,original_10,Ariel,neutral,65,registered nurse,a,they,them,their,are,work
P00537,Brazil,Latin America,original_10,Ariel,neutral,65,social worker,a,they,them,their,are,work
P00538,Brazil,Latin America,original_10,Ariel,neutral,65,truck driver,a,they,them,their,are,work
P00539,Brazil,Latin America,original_10,Ariel,neutral,65,veterinarian,a,they,them,their,are,work
P00540,Brazil,Latin America,original_10,Ariel,neutral,65,waiter,a,they,them,their,are,work
P00541,Canada,North America,added_10,Noah,male,25,accountant,an,he,him,his,is,works
P00542,Canada,North America,added_10,Noah,male,25,administrative assistant,an,he,him,his,is,works
P00543,Canada,North America,added_10,Noah,male,25,architect,an,he,him,his,is,works
P00544,Canada,North America,added_10,Noah,male,25,bank teller,a,he,him,his,is,works
P00545,Canada,North America,added_10,Noah,male,25,business manager,a,he,him,his,is,works
P00546,Canada,North America,added_10,Noah,male,25,cashier,a,he,him,his,is,works
P00547,Canada,North America,added_10,Noah,male,25,chef,a,he,him,his,is,works
P00548,Canada,North America,added_10,Noah,male,25,civil engineer,a,he,him,his,is,works
P00549,Canada,North America,added_10,Noah,male,25,computer programmer,a,he,him,his,is,works
P00550,Canada,North America,added_10,Noah,male,25,construction worker,a,he,him,his,is,works
P00551,Canada,North America,added_10,Noah,male,25,doctor,a,he,him,his,is,works
P00552,Canada,North America,added_10,Noah,male,25,electrician,an,he,him,his,is,works
P00553,Canada,North America,added_10,Noah,male,25,elementary school teacher,an,he,him,his,is,works
P00554,Canada,North America,added_10,Noah,male,25,farmer,a,he,him,his,is,works
P00555,Canada,North America,added_10,Noah,male,25,flight attendant,a,he,him,his,is,works
P00556,Canada,North America,added_10,Noah,male,25,hairdresser,a,he,him,his,is,works
P00557,Canada,North America,added_10,Noah,male,25,janitor,a,he,him,his,is,works
P00558,Canada,North America,added_10,Noah,male,25,journalist,a,he,him,his,is,works
P00559,Canada,North America,added_10,Noah,male,25,lawyer,a,he,him,his,is,works
P00560,Canada,North America,added_10,Noah,male,25,mechanic,a,he,him,his,is,works
P00561,Canada,North America,added_10,Noah,male,25,paramedic,a,he,him,his,is,works
P00562,Canada,North America,added_10,Noah,male,25,pharmacist,a,he,him,his,is,works
P00563,Canada,North America,added_10,Noah,male,25,plumber,a,he,him,his,is,works
P00564,Canada,North America,added_10,Noah,male,25,police officer,a,he,him,his,is,works
P00565,Canada,North America,added_10,Noah,male,25,real estate agent,a,he,him,his,is,works
P00566,Canada,North America,added_10,Noah,male,25,registered nurse,a,he,him,his,is,works
P00567,Canada,North America,added_10,Noah,male,25,social worker,a,he,him,his,is,works
P00568,Canada,North America,added_10,Noah,male,25,truck driver,a,he,him,his,is,works
P00569,Canada,North America,added_10,Noah,male,25,veterinarian,a,he,him,his,is,works
P00570,Canada,North America,added_10,Noah,male,25,waiter,a,he,him,his,is,works
P00571,Canada,North America,added_10,Noah,male,45,accountant,an,he,him,his,is,works
P00572,Canada,North America,added_10,Noah,male,45,administrative assistant,an,he,him,his,is,works
P00573,Canada,North America,added_10,Noah,male,45,architect,an,he,him,his,is,works
P00574,Canada,North America,added_10,Noah,male,45,bank teller,a,he,him,his,is,works
P00575,Canada,North America,added_10,Noah,male,45,business manager,a,he,him,his,is,works
P00576,Canada,North America,added_10,Noah,male,45,cashier,a,he,him,his,is,works
P00577,Canada,North America,added_10,Noah,male,45,chef,a,he,him,his,is,works
P00578,Canada,North America,added_10,Noah,male,45,civil engineer,a,he,him,his,is,works
P00579,Canada,North America,added_10,Noah,male,45,computer programmer,a,he,him,his,is,works
P00580,Canada,North America,added_10,Noah,male,45,construction worker,a,he,him,his,is,works
P00581,Canada,North America,added_10,Noah,male,45,doctor,a,he,him,his,is,works
P00582,Canada,North America,added_10,Noah,male,45,electrician,an,he,him,his,is,works
P00583,Canada,North America,added_10,Noah,male,45,elementary school teacher,an,he,him,his,is,works
P00584,Canada,North America,added_10,Noah,male,45,farmer,a,he,him,his,is,works
P00585,Canada,North America,added_10,Noah,male,45,flight attendant,a,he,him,his,is,works
P00586,Canada,North America,added_10,Noah,male,45,hairdresser,a,he,him,his,is,works
P00587,Canada,North America,added_10,Noah,male,45,janitor,a,he,him,his,is,works
P00588,Canada,North America,added_10,Noah,male,45,journalist,a,he,him,his,is,works
P00589,Canada,North America,added_10,Noah,male,45,lawyer,a,he,him,his,is,works
P00590,Canada,North America,added_10,Noah,male,45,mechanic,a,he,him,his,is,works
P00591,Canada,North America,added_10,Noah,male,45,paramedic,a,he,him,his,is,works
P00592,Canada,North America,added_10,Noah,male,45,pharmacist,a,he,him,his,is,works
P00593,Canada,North America,added_10,Noah,male,45,plumber,a,he,him,his,is,works
P00594,Canada,North America,added_10,Noah,male,45,police officer,a,he,him,his,is,works
P00595,Canada,North America,added_10,Noah,male,45,real estate agent,a,he,him,his,is,works
P00596,Canada,North America,added_10,Noah,male,45,registered nurse,a,he,him,his,is,works
P00597,Canada,North America,added_10,Noah,male,45,social worker,a,he,him,his,is,works
P00598,Canada,North America,added_10,Noah,male,45,truck driver,a,he,him,his,is,works
P00599,Canada,North America,added_10,Noah,male,45,veterinarian,a,he,him,his,is,works
P00600,Canada,North America,added_10,Noah,male,45,waiter,a,he,him,his,is,works
P00601,Canada,North America,added_10,Noah,male,65,accountant,an,he,him,his,is,works
P00602,Canada,North America,added_10,Noah,male,65,administrative assistant,an,he,him,his,is,works
P00603,Canada,North America,added_10,Noah,male,65,architect,an,he,him,his,is,works
P00604,Canada,North America,added_10,Noah,male,65,bank teller,a,he,him,his,is,works
P00605,Canada,North America,added_10,Noah,male,65,business manager,a,he,him,his,is,works
P00606,Canada,North America,added_10,Noah,male,65,cashier,a,he,him,his,is,works
P00607,Canada,North America,added_10,Noah,male,65,chef,a,he,him,his,is,works
P00608,Canada,North America,added_10,Noah,male,65,civil engineer,a,he,him,his,is,works
P00609,Canada,North America,added_10,Noah,male,65,computer programmer,a,he,him,his,is,works
P00610,Canada,North America,added_10,Noah,male,65,construction worker,a,he,him,his,is,works
P00611,Canada,North America,added_10,Noah,male,65,doctor,a,he,him,his,is,works
P00612,Canada,North America,added_10,Noah,male,65,electrician,an,he,him,his,is,works
P00613,Canada,North America,added_10,Noah,male,65,elementary school teacher,an,he,him,his,is,works
P00614,Canada,North America,added_10,Noah,male,65,farmer,a,he,him,his,is,works
P00615,Canada,North America,added_10,Noah,male,65,flight attendant,a,he,him,his,is,works
P00616,Canada,North America,added_10,Noah,male,65,hairdresser,a,he,him,his,is,works
P00617,Canada,North America,added_10,Noah,male,65,janitor,a,he,him,his,is,works
P00618,Canada,North America,added_10,Noah,male,65,journalist,a,he,him,his,is,works
P00619,Canada,North America,added_10,Noah,male,65,lawyer,a,he,him,his,is,works
P00620,Canada,North America,added_10,Noah,male,65,mechanic,a,he,him,his,is,works
P00621,Canada,North America,added_10,Noah,male,65,paramedic,a,he,him,his,is,works
P00622,Canada,North America,added_10,Noah,male,65,pharmacist,a,he,him,his,is,works
P00623,Canada,North America,added_10,Noah,male,65,plumber,a,he,him,his,is,works
P00624,Canada,North America,added_10,Noah,male,65,police officer,a,he,him,his,is,works
P00625,Canada,North America,added_10,Noah,male,65,real estate agent,a,he,him,his,is,works
P00626,Canada,North America,added_10,Noah,male,65,registered nurse,a,he,him,his,is,works
P00627,Canada,North America,added_10,Noah,male,65,social worker,a,he,him,his,is,works
P00628,Canada,North America,added_10,Noah,male,65,truck driver,a,he,him,his,is,works
P00629,Canada,North America,added_10,Noah,male,65,veterinarian,a,he,him,his,is,works
P00630,Canada,North America,added_10,Noah,male,65,waiter,a,he,him,his,is,works
P00631,Canada,North America,added_10,Olivia,female,25,accountant,an,she,her,her,is,works
P00632,Canada,North America,added_10,Olivia,female,25,administrative assistant,an,she,her,her,is,works
P00633,Canada,North America,added_10,Olivia,female,25,architect,an,she,her,her,is,works
P00634,Canada,North America,added_10,Olivia,female,25,bank teller,a,she,her,her,is,works
P00635,Canada,North America,added_10,Olivia,female,25,business manager,a,she,her,her,is,works
P00636,Canada,North America,added_10,Olivia,female,25,cashier,a,she,her,her,is,works
P00637,Canada,North America,added_10,Olivia,female,25,chef,a,she,her,her,is,works
P00638,Canada,North America,added_10,Olivia,female,25,civil engineer,a,she,her,her,is,works
P00639,Canada,North America,added_10,Olivia,female,25,computer programmer,a,she,her,her,is,works
P00640,Canada,North America,added_10,Olivia,female,25,construction worker,a,she,her,her,is,works
P00641,Canada,North America,added_10,Olivia,female,25,doctor,a,she,her,her,is,works
P00642,Canada,North America,added_10,Olivia,female,25,electrician,an,she,her,her,is,works
P00643,Canada,North America,added_10,Olivia,female,25,elementary school teacher,an,she,her,her,is,works
P00644,Canada,North America,added_10,Olivia,female,25,farmer,a,she,her,her,is,works
P00645,Canada,North America,added_10,Olivia,female,25,flight attendant,a,she,her,her,is,works
P00646,Canada,North America,added_10,Olivia,female,25,hairdresser,a,she,her,her,is,works
P00647,Canada,North America,added_10,Olivia,female,25,janitor,a,she,her,her,is,works
P00648,Canada,North America,added_10,Olivia,female,25,journalist,a,she,her,her,is,works
P00649,Canada,North America,added_10,Olivia,female,25,lawyer,a,she,her,her,is,works
P00650,Canada,North America,added_10,Olivia,female,25,mechanic,a,she,her,her,is,works
P00651,Canada,North America,added_10,Olivia,female,25,paramedic,a,she,her,her,is,works
P00652,Canada,North America,added_10,Olivia,female,25,pharmacist,a,she,her,her,is,works
P00653,Canada,North America,added_10,Olivia,female,25,plumber,a,she,her,her,is,works
P00654,Canada,North America,added_10,Olivia,female,25,police officer,a,she,her,her,is,works
P00655,Canada,North America,added_10,Olivia,female,25,real estate agent,a,she,her,her,is,works
P00656,Canada,North America,added_10,Olivia,female,25,registered nurse,a,she,her,her,is,works
P00657,Canada,North America,added_10,Olivia,female,25,social worker,a,she,her,her,is,works
P00658,Canada,North America,added_10,Olivia,female,25,truck driver,a,she,her,her,is,works
P00659,Canada,North America,added_10,Olivia,female,25,veterinarian,a,she,her,her,is,works
P00660,Canada,North America,added_10,Olivia,female,25,waiter,a,she,her,her,is,works
P00661,Canada,North America,added_10,Olivia,female,45,accountant,an,she,her,her,is,works
P00662,Canada,North America,added_10,Olivia,female,45,administrative assistant,an,she,her,her,is,works
P00663,Canada,North America,added_10,Olivia,female,45,architect,an,she,her,her,is,works
P00664,Canada,North America,added_10,Olivia,female,45,bank teller,a,she,her,her,is,works
P00665,Canada,North America,added_10,Olivia,female,45,business manager,a,she,her,her,is,works
P00666,Canada,North America,added_10,Olivia,female,45,cashier,a,she,her,her,is,works
P00667,Canada,North America,added_10,Olivia,female,45,chef,a,she,her,her,is,works
P00668,Canada,North America,added_10,Olivia,female,45,civil engineer,a,she,her,her,is,works
P00669,Canada,North America,added_10,Olivia,female,45,computer programmer,a,she,her,her,is,works
P00670,Canada,North America,added_10,Olivia,female,45,construction worker,a,she,her,her,is,works
P00671,Canada,North America,added_10,Olivia,female,45,doctor,a,she,her,her,is,works
P00672,Canada,North America,added_10,Olivia,female,45,electrician,an,she,her,her,is,works
P00673,Canada,North America,added_10,Olivia,female,45,elementary school teacher,an,she,her,her,is,works
P00674,Canada,North America,added_10,Olivia,female,45,farmer,a,she,her,her,is,works
P00675,Canada,North America,added_10,Olivia,female,45,flight attendant,a,she,her,her,is,works
P00676,Canada,North America,added_10,Olivia,female,45,hairdresser,a,she,her,her,is,works
P00677,Canada,North America,added_10,Olivia,female,45,janitor,a,she,her,her,is,works
P00678,Canada,North America,added_10,Olivia,female,45,journalist,a,she,her,her,is,works
P00679,Canada,North America,added_10,Olivia,female,45,lawyer,a,she,her,her,is,works
P00680,Canada,North America,added_10,Olivia,female,45,mechanic,a,she,her,her,is,works
P00681,Canada,North America,added_10,Olivia,female,45,paramedic,a,she,her,her,is,works
P00682,Canada,North America,added_10,Olivia,female,45,pharmacist,a,she,her,her,is,works
P00683,Canada,North America,added_10,Olivia,female,45,plumber,a,she,her,her,is,works
P00684,Canada,North America,added_10,Olivia,female,45,police officer,a,she,her,her,is,works
P00685,Canada,North America,added_10,Olivia,female,45,real estate agent,a,she,her,her,is,works
P00686,Canada,North America,added_10,Olivia,female,45,registered nurse,a,she,her,her,is,works
P00687,Canada,North America,added_10,Olivia,female,45,social worker,a,she,her,her,is,works
P00688,Canada,North America,added_10,Olivia,female,45,truck driver,a,she,her,her,is,works
P00689,Canada,North America,added_10,Olivia,female,45,veterinarian,a,she,her,her,is,works
P00690,Canada,North America,added_10,Olivia,female,45,waiter,a,she,her,her,is,works
P00691,Canada,North America,added_10,Olivia,female,65,accountant,an,she,her,her,is,works
P00692,Canada,North America,added_10,Olivia,female,65,administrative assistant,an,she,her,her,is,works
P00693,Canada,North America,added_10,Olivia,female,65,architect,an,she,her,her,is,works
P00694,Canada,North America,added_10,Olivia,female,65,bank teller,a,she,her,her,is,works
P00695,Canada,North America,added_10,Olivia,female,65,business manager,a,she,her,her,is,works
P00696,Canada,North America,added_10,Olivia,female,65,cashier,a,she,her,her,is,works
P00697,Canada,North America,added_10,Olivia,female,65,chef,a,she,her,her,is,works
P00698,Canada,North America,added_10,Olivia,female,65,civil engineer,a,she,her,her,is,works
P00699,Canada,North America,added_10,Olivia,female,65,computer programmer,a,she,her,her,is,works
P00700,Canada,North America,added_10,Olivia,female,65,construction worker,a,she,her,her,is,works
P00701,Canada,North America,added_10,Olivia,female,65,doctor,a,she,her,her,is,works
P00702,Canada,North America,added_10,Olivia,female,65,electrician,an,she,her,her,is,works
P00703,Canada,North America,added_10,Olivia,female,65,elementary school teacher,an,she,her,her,is,works
P00704,Canada,North America,added_10,Olivia,female,65,farmer,a,she,her,her,is,works
P00705,Canada,North America,added_10,Olivia,female,65,flight attendant,a,she,her,her,is,works
P00706,Canada,North America,added_10,Olivia,female,65,hairdresser,a,she,her,her,is,works
P00707,Canada,North America,added_10,Olivia,female,65,janitor,a,she,her,her,is,works
P00708,Canada,North America,added_10,Olivia,female,65,journalist,a,she,her,her,is,works
P00709,Canada,North America,added_10,Olivia,female,65,lawyer,a,she,her,her,is,works
P00710,Canada,North America,added_10,Olivia,female,65,mechanic,a,she,her,her,is,works
P00711,Canada,North America,added_10,Olivia,female,65,paramedic,a,she,her,her,is,works
P00712,Canada,North America,added_10,Olivia,female,65,pharmacist,a,she,her,her,is,works
P00713,Canada,North America,added_10,Olivia,female,65,plumber,a,she,her,her,is,works
P00714,Canada,North America,added_10,Olivia,female,65,police officer,a,she,her,her,is,works
P00715,Canada,North America,added_10,Olivia,female,65,real estate agent,a,she,her,her,is,works
P00716,Canada,North America,added_10,Olivia,female,65,registered nurse,a,she,her,her,is,works
P00717,Canada,North America,added_10,Olivia,female,65,social worker,a,she,her,her,is,works
P00718,Canada,North America,added_10,Olivia,female,65,truck driver,a,she,her,her,is,works
P00719,Canada,North America,added_10,Olivia,female,65,veterinarian,a,she,her,her,is,works
P00720,Canada,North America,added_10,Olivia,female,65,waiter,a,she,her,her,is,works
P00721,Canada,North America,added_10,Riley,neutral,25,accountant,an,they,them,their,are,work
P00722,Canada,North America,added_10,Riley,neutral,25,administrative assistant,an,they,them,their,are,work
P00723,Canada,North America,added_10,Riley,neutral,25,architect,an,they,them,their,are,work
P00724,Canada,North America,added_10,Riley,neutral,25,bank teller,a,they,them,their,are,work
P00725,Canada,North America,added_10,Riley,neutral,25,business manager,a,they,them,their,are,work
P00726,Canada,North America,added_10,Riley,neutral,25,cashier,a,they,them,their,are,work
P00727,Canada,North America,added_10,Riley,neutral,25,chef,a,they,them,their,are,work
P00728,Canada,North America,added_10,Riley,neutral,25,civil engineer,a,they,them,their,are,work
P00729,Canada,North America,added_10,Riley,neutral,25,computer programmer,a,they,them,their,are,work
P00730,Canada,North America,added_10,Riley,neutral,25,construction worker,a,they,them,their,are,work
P00731,Canada,North America,added_10,Riley,neutral,25,doctor,a,they,them,their,are,work
P00732,Canada,North America,added_10,Riley,neutral,25,electrician,an,they,them,their,are,work
P00733,Canada,North America,added_10,Riley,neutral,25,elementary school teacher,an,they,them,their,are,work
P00734,Canada,North America,added_10,Riley,neutral,25,farmer,a,they,them,their,are,work
P00735,Canada,North America,added_10,Riley,neutral,25,flight attendant,a,they,them,their,are,work
P00736,Canada,North America,added_10,Riley,neutral,25,hairdresser,a,they,them,their,are,work
P00737,Canada,North America,added_10,Riley,neutral,25,janitor,a,they,them,their,are,work
P00738,Canada,North America,added_10,Riley,neutral,25,journalist,a,they,them,their,are,work
P00739,Canada,North America,added_10,Riley,neutral,25,lawyer,a,they,them,their,are,work
P00740,Canada,North America,added_10,Riley,neutral,25,mechanic,a,they,them,their,are,work
P00741,Canada,North America,added_10,Riley,neutral,25,paramedic,a,they,them,their,are,work
P00742,Canada,North America,added_10,Riley,neutral,25,pharmacist,a,they,them,their,are,work
P00743,Canada,North America,added_10,Riley,neutral,25,plumber,a,they,them,their,are,work
P00744,Canada,North America,added_10,Riley,neutral,25,police officer,a,they,them,their,are,work
P00745,Canada,North America,added_10,Riley,neutral,25,real estate agent,a,they,them,their,are,work
P00746,Canada,North America,added_10,Riley,neutral,25,registered nurse,a,they,them,their,are,work
P00747,Canada,North America,added_10,Riley,neutral,25,social worker,a,they,them,their,are,work
P00748,Canada,North America,added_10,Riley,neutral,25,truck driver,a,they,them,their,are,work
P00749,Canada,North America,added_10,Riley,neutral,25,veterinarian,a,they,them,their,are,work
P00750,Canada,North America,added_10,Riley,neutral,25,waiter,a,they,them,their,are,work
P00751,Canada,North America,added_10,Riley,neutral,45,accountant,an,they,them,their,are,work
P00752,Canada,North America,added_10,Riley,neutral,45,administrative assistant,an,they,them,their,are,work
P00753,Canada,North America,added_10,Riley,neutral,45,architect,an,they,them,their,are,work
P00754,Canada,North America,added_10,Riley,neutral,45,bank teller,a,they,them,their,are,work
P00755,Canada,North America,added_10,Riley,neutral,45,business manager,a,they,them,their,are,work
P00756,Canada,North America,added_10,Riley,neutral,45,cashier,a,they,them,their,are,work
P00757,Canada,North America,added_10,Riley,neutral,45,chef,a,they,them,their,are,work
P00758,Canada,North America,added_10,Riley,neutral,45,civil engineer,a,they,them,their,are,work
P00759,Canada,North America,added_10,Riley,neutral,45,computer programmer,a,they,them,their,are,work
P00760,Canada,North America,added_10,Riley,neutral,45,construction worker,a,they,them,their,are,work
P00761,Canada,North America,added_10,Riley,neutral,45,doctor,a,they,them,their,are,work
P00762,Canada,North America,added_10,Riley,neutral,45,electrician,an,they,them,their,are,work
P00763,Canada,North America,added_10,Riley,neutral,45,elementary school teacher,an,they,them,their,are,work
P00764,Canada,North America,added_10,Riley,neutral,45,farmer,a,they,them,their,are,work
P00765,Canada,North America,added_10,Riley,neutral,45,flight attendant,a,they,them,their,are,work
P00766,Canada,North America,added_10,Riley,neutral,45,hairdresser,a,they,them,their,are,work
P00767,Canada,North America,added_10,Riley,neutral,45,janitor,a,they,them,their,are,work
P00768,Canada,North America,added_10,Riley,neutral,45,journalist,a,they,them,their,are,work
P00769,Canada,North America,added_10,Riley,neutral,45,lawyer,a,they,them,their,are,work
P00770,Canada,North America,added_10,Riley,neutral,45,mechanic,a,they,them,their,are,work
P00771,Canada,North America,added_10,Riley,neutral,45,paramedic,a,they,them,their,are,work
P00772,Canada,North America,added_10,Riley,neutral,45,pharmacist,a,they,them,their,are,work
P00773,Canada,North America,added_10,Riley,neutral,45,plumber,a,they,them,their,are,work
P00774,Canada,North America,added_10,Riley,neutral,45,police officer,a,they,them,their,are,work
P00775,Canada,North America,added_10,Riley,neutral,45,real estate agent,a,they,them,their,are,work
P00776,Canada,North America,added_10,Riley,neutral,45,registered nurse,a,they,them,their,are,work
P00777,Canada,North America,added_10,Riley,neutral,45,social worker,a,they,them,their,are,work
P00778,Canada,North America,added_10,Riley,neutral,45,truck driver,a,they,them,their,are,work
P00779,Canada,North America,added_10,Riley,neutral,45,veterinarian,a,they,them,their,are,work
P00780,Canada,North America,added_10,Riley,neutral,45,waiter,a,they,them,their,are,work
P00781,Canada,North America,added_10,Riley,neutral,65,accountant,an,they,them,their,are,work
P00782,Canada,North America,added_10,Riley,neutral,65,administrative assistant,an,they,them,their,are,work
P00783,Canada,North America,added_10,Riley,neutral,65,architect,an,they,them,their,are,work
P00784,Canada,North America,added_10,Riley,neutral,65,bank teller,a,they,them,their,are,work
P00785,Canada,North America,added_10,Riley,neutral,65,business manager,a,they,them,their,are,work
P00786,Canada,North America,added_10,Riley,neutral,65,cashier,a,they,them,their,are,work
P00787,Canada,North America,added_10,Riley,neutral,65,chef,a,they,them,their,are,work
P00788,Canada,North America,added_10,Riley,neutral,65,civil engineer,a,they,them,their,are,work
P00789,Canada,North America,added_10,Riley,neutral,65,computer programmer,a,they,them,their,are,work
P00790,Canada,North America,added_10,Riley,neutral,65,construction worker,a,they,them,their,are,work
P00791,Canada,North America,added_10,Riley,neutral,65,doctor,a,they,them,their,are,work
P00792,Canada,North America,added_10,Riley,neutral,65,electrician,an,they,them,their,are,work
P00793,Canada,North America,added_10,Riley,neutral,65,elementary school teacher,an,they,them,their,are,work
P00794,Canada,North America,added_10,Riley,neutral,65,farmer,a,they,them,their,are,work
P00795,Canada,North America,added_10,Riley,neutral,65,flight attendant,a,they,them,their,are,work
P00796,Canada,North America,added_10,Riley,neutral,65,hairdresser,a,they,them,their,are,work
P00797,Canada,North America,added_10,Riley,neutral,65,janitor,a,they,them,their,are,work
P00798,Canada,North America,added_10,Riley,neutral,65,journalist,a,they,them,their,are,work
P00799,Canada,North America,added_10,Riley,neutral,65,lawyer,a,they,them,their,are,work
P00800,Canada,North America,added_10,Riley,neutral,65,mechanic,a,they,them,their,are,work
P00801,Canada,North America,added_10,Riley,neutral,65,paramedic,a,they,them,their,are,work
P00802,Canada,North America,added_10,Riley,neutral,65,pharmacist,a,they,them,their,are,work
P00803,Canada,North America,added_10,Riley,neutral,65,plumber,a,they,them,their,are,work
P00804,Canada,North America,added_10,Riley,neutral,65,police officer,a,they,them,their,are,work
P00805,Canada,North America,added_10,Riley,neutral,65,real estate agent,a,they,them,their,are,work
P00806,Canada,North America,added_10,Riley,neutral,65,registered nurse,a,they,them,their,are,work
P00807,Canada,North America,added_10,Riley,neutral,65,social worker,a,they,them,their,are,work
P00808,Canada,North America,added_10,Riley,neutral,65,truck driver,a,they,them,their,are,work
P00809,Canada,North America,added_10,Riley,neutral,65,veterinarian,a,they,them,their,are,work
P00810,Canada,North America,added_10,Riley,neutral,65,waiter,a,they,them,their,are,work
P00811,China,East Asia,original_10,Wei,male,25,accountant,an,he,him,his,is,works
P00812,China,East Asia,original_10,Wei,male,25,administrative assistant,an,he,him,his,is,works
P00813,China,East Asia,original_10,Wei,male,25,architect,an,he,him,his,is,works
P00814,China,East Asia,original_10,Wei,male,25,bank teller,a,he,him,his,is,works
P00815,China,East Asia,original_10,Wei,male,25,business manager,a,he,him,his,is,works
P00816,China,East Asia,original_10,Wei,male,25,cashier,a,he,him,his,is,works
P00817,China,East Asia,original_10,Wei,male,25,chef,a,he,him,his,is,works
P00818,China,East Asia,original_10,Wei,male,25,civil engineer,a,he,him,his,is,works
P00819,China,East Asia,original_10,Wei,male,25,computer programmer,a,he,him,his,is,works
P00820,China,East Asia,original_10,Wei,male,25,construction worker,a,he,him,his,is,works
P00821,China,East Asia,original_10,Wei,male,25,doctor,a,he,him,his,is,works
P00822,China,East Asia,original_10,Wei,male,25,electrician,an,he,him,his,is,works
P00823,China,East Asia,original_10,Wei,male,25,elementary school teacher,an,he,him,his,is,works
P00824,China,East Asia,original_10,Wei,male,25,farmer,a,he,him,his,is,works
P00825,China,East Asia,original_10,Wei,male,25,flight attendant,a,he,him,his,is,works
P00826,China,East Asia,original_10,Wei,male,25,hairdresser,a,he,him,his,is,works
P00827,China,East Asia,original_10,Wei,male,25,janitor,a,he,him,his,is,works
P00828,China,East Asia,original_10,Wei,male,25,journalist,a,he,him,his,is,works
P00829,China,East Asia,original_10,Wei,male,25,lawyer,a,he,him,his,is,works
P00830,China,East Asia,original_10,Wei,male,25,mechanic,a,he,him,his,is,works
P00831,China,East Asia,original_10,Wei,male,25,paramedic,a,he,him,his,is,works
P00832,China,East Asia,original_10,Wei,male,25,pharmacist,a,he,him,his,is,works
P00833,China,East Asia,original_10,Wei,male,25,plumber,a,he,him,his,is,works
P00834,China,East Asia,original_10,Wei,male,25,police officer,a,he,him,his,is,works
P00835,China,East Asia,original_10,Wei,male,25,real estate agent,a,he,him,his,is,works
P00836,China,East Asia,original_10,Wei,male,25,registered nurse,a,he,him,his,is,works
P00837,China,East Asia,original_10,Wei,male,25,social worker,a,he,him,his,is,works
P00838,China,East Asia,original_10,Wei,male,25,truck driver,a,he,him,his,is,works
P00839,China,East Asia,original_10,Wei,male,25,veterinarian,a,he,him,his,is,works
P00840,China,East Asia,original_10,Wei,male,25,waiter,a,he,him,his,is,works
P00841,China,East Asia,original_10,Wei,male,45,accountant,an,he,him,his,is,works
P00842,China,East Asia,original_10,Wei,male,45,administrative assistant,an,he,him,his,is,works
P00843,China,East Asia,original_10,Wei,male,45,architect,an,he,him,his,is,works
P00844,China,East Asia,original_10,Wei,male,45,bank teller,a,he,him,his,is,works
P00845,China,East Asia,original_10,Wei,male,45,business manager,a,he,him,his,is,works
P00846,China,East Asia,original_10,Wei,male,45,cashier,a,he,him,his,is,works
P00847,China,East Asia,original_10,Wei,male,45,chef,a,he,him,his,is,works
P00848,China,East Asia,original_10,Wei,male,45,civil engineer,a,he,him,his,is,works
P00849,China,East Asia,original_10,Wei,male,45,computer programmer,a,he,him,his,is,works
P00850,China,East Asia,original_10,Wei,male,45,construction worker,a,he,him,his,is,works
P00851,China,East Asia,original_10,Wei,male,45,doctor,a,he,him,his,is,works
P00852,China,East Asia,original_10,Wei,male,45,electrician,an,he,him,his,is,works
P00853,China,East Asia,original_10,Wei,male,45,elementary school teacher,an,he,him,his,is,works
P00854,China,East Asia,original_10,Wei,male,45,farmer,a,he,him,his,is,works
P00855,China,East Asia,original_10,Wei,male,45,flight attendant,a,he,him,his,is,works
P00856,China,East Asia,original_10,Wei,male,45,hairdresser,a,he,him,his,is,works
P00857,China,East Asia,original_10,Wei,male,45,janitor,a,he,him,his,is,works
P00858,China,East Asia,original_10,Wei,male,45,journalist,a,he,him,his,is,works
P00859,China,East Asia,original_10,Wei,male,45,lawyer,a,he,him,his,is,works
P00860,China,East Asia,original_10,Wei,male,45,mechanic,a,he,him,his,is,works
P00861,China,East Asia,original_10,Wei,male,45,paramedic,a,he,him,his,is,works
P00862,China,East Asia,original_10,Wei,male,45,pharmacist,a,he,him,his,is,works
P00863,China,East Asia,original_10,Wei,male,45,plumber,a,he,him,his,is,works
P00864,China,East Asia,original_10,Wei,male,45,police officer,a,he,him,his,is,works
P00865,China,East Asia,original_10,Wei,male,45,real estate agent,a,he,him,his,is,works
P00866,China,East Asia,original_10,Wei,male,45,registered nurse,a,he,him,his,is,works
P00867,China,East Asia,original_10,Wei,male,45,social worker,a,he,him,his,is,works
P00868,China,East Asia,original_10,Wei,male,45,truck driver,a,he,him,his,is,works
P00869,China,East Asia,original_10,Wei,male,45,veterinarian,a,he,him,his,is,works
P00870,China,East Asia,original_10,Wei,male,45,waiter,a,he,him,his,is,works
P00871,China,East Asia,original_10,Wei,male,65,accountant,an,he,him,his,is,works
P00872,China,East Asia,original_10,Wei,male,65,administrative assistant,an,he,him,his,is,works
P00873,China,East Asia,original_10,Wei,male,65,architect,an,he,him,his,is,works
P00874,China,East Asia,original_10,Wei,male,65,bank teller,a,he,him,his,is,works
P00875,China,East Asia,original_10,Wei,male,65,business manager,a,he,him,his,is,works
P00876,China,East Asia,original_10,Wei,male,65,cashier,a,he,him,his,is,works
P00877,China,East Asia,original_10,Wei,male,65,chef,a,he,him,his,is,works
P00878,China,East Asia,original_10,Wei,male,65,civil engineer,a,he,him,his,is,works
P00879,China,East Asia,original_10,Wei,male,65,computer programmer,a,he,him,his,is,works
P00880,China,East Asia,original_10,Wei,male,65,construction worker,a,he,him,his,is,works
P00881,China,East Asia,original_10,Wei,male,65,doctor,a,he,him,his,is,works
P00882,China,East Asia,original_10,Wei,male,65,electrician,an,he,him,his,is,works
P00883,China,East Asia,original_10,Wei,male,65,elementary school teacher,an,he,him,his,is,works
P00884,China,East Asia,original_10,Wei,male,65,farmer,a,he,him,his,is,works
P00885,China,East Asia,original_10,Wei,male,65,flight attendant,a,he,him,his,is,works
P00886,China,East Asia,original_10,Wei,male,65,hairdresser,a,he,him,his,is,works
P00887,China,East Asia,original_10,Wei,male,65,janitor,a,he,him,his,is,works
P00888,China,East Asia,original_10,Wei,male,65,journalist,a,he,him,his,is,works
P00889,China,East Asia,original_10,Wei,male,65,lawyer,a,he,him,his,is,works
P00890,China,East Asia,original_10,Wei,male,65,mechanic,a,he,him,his,is,works
P00891,China,East Asia,original_10,Wei,male,65,paramedic,a,he,him,his,is,works
P00892,China,East Asia,original_10,Wei,male,65,pharmacist,a,he,him,his,is,works
P00893,China,East Asia,original_10,Wei,male,65,plumber,a,he,him,his,is,works
P00894,China,East Asia,original_10,Wei,male,65,police officer,a,he,him,his,is,works
P00895,China,East Asia,original_10,Wei,male,65,real estate agent,a,he,him,his,is,works
P00896,China,East Asia,original_10,Wei,male,65,registered nurse,a,he,him,his,is,works
P00897,China,East Asia,original_10,Wei,male,65,social worker,a,he,him,his,is,works
P00898,China,East Asia,original_10,Wei,male,65,truck driver,a,he,him,his,is,works
P00899,China,East Asia,original_10,Wei,male,65,veterinarian,a,he,him,his,is,works
P00900,China,East Asia,original_10,Wei,male,65,waiter,a,he,him,his,is,works
P00901,China,East Asia,original_10,Mei,female,25,accountant,an,she,her,her,is,works
P00902,China,East Asia,original_10,Mei,female,25,administrative assistant,an,she,her,her,is,works
P00903,China,East Asia,original_10,Mei,female,25,architect,an,she,her,her,is,works
P00904,China,East Asia,original_10,Mei,female,25,bank teller,a,she,her,her,is,works
P00905,China,East Asia,original_10,Mei,female,25,business manager,a,she,her,her,is,works
P00906,China,East Asia,original_10,Mei,female,25,cashier,a,she,her,her,is,works
P00907,China,East Asia,original_10,Mei,female,25,chef,a,she,her,her,is,works
P00908,China,East Asia,original_10,Mei,female,25,civil engineer,a,she,her,her,is,works
P00909,China,East Asia,original_10,Mei,female,25,computer programmer,a,she,her,her,is,works
P00910,China,East Asia,original_10,Mei,female,25,construction worker,a,she,her,her,is,works
P00911,China,East Asia,original_10,Mei,female,25,doctor,a,she,her,her,is,works
P00912,China,East Asia,original_10,Mei,female,25,electrician,an,she,her,her,is,works
P00913,China,East Asia,original_10,Mei,female,25,elementary school teacher,an,she,her,her,is,works
P00914,China,East Asia,original_10,Mei,female,25,farmer,a,she,her,her,is,works
P00915,China,East Asia,original_10,Mei,female,25,flight attendant,a,she,her,her,is,works
P00916,China,East Asia,original_10,Mei,female,25,hairdresser,a,she,her,her,is,works
P00917,China,East Asia,original_10,Mei,female,25,janitor,a,she,her,her,is,works
P00918,China,East Asia,original_10,Mei,female,25,journalist,a,she,her,her,is,works
P00919,China,East Asia,original_10,Mei,female,25,lawyer,a,she,her,her,is,works
P00920,China,East Asia,original_10,Mei,female,25,mechanic,a,she,her,her,is,works
P00921,China,East Asia,original_10,Mei,female,25,paramedic,a,she,her,her,is,works
P00922,China,East Asia,original_10,Mei,female,25,pharmacist,a,she,her,her,is,works
P00923,China,East Asia,original_10,Mei,female,25,plumber,a,she,her,her,is,works
P00924,China,East Asia,original_10,Mei,female,25,police officer,a,she,her,her,is,works
P00925,China,East Asia,original_10,Mei,female,25,real estate agent,a,she,her,her,is,works
P00926,China,East Asia,original_10,Mei,female,25,registered nurse,a,she,her,her,is,works
P00927,China,East Asia,original_10,Mei,female,25,social worker,a,she,her,her,is,works
P00928,China,East Asia,original_10,Mei,female,25,truck driver,a,she,her,her,is,works
P00929,China,East Asia,original_10,Mei,female,25,veterinarian,a,she,her,her,is,works
P00930,China,East Asia,original_10,Mei,female,25,waiter,a,she,her,her,is,works
P00931,China,East Asia,original_10,Mei,female,45,accountant,an,she,her,her,is,works
P00932,China,East Asia,original_10,Mei,female,45,administrative assistant,an,she,her,her,is,works
P00933,China,East Asia,original_10,Mei,female,45,architect,an,she,her,her,is,works
P00934,China,East Asia,original_10,Mei,female,45,bank teller,a,she,her,her,is,works
P00935,China,East Asia,original_10,Mei,female,45,business manager,a,she,her,her,is,works
P00936,China,East Asia,original_10,Mei,female,45,cashier,a,she,her,her,is,works
P00937,China,East Asia,original_10,Mei,female,45,chef,a,she,her,her,is,works
P00938,China,East Asia,original_10,Mei,female,45,civil engineer,a,she,her,her,is,works
P00939,China,East Asia,original_10,Mei,female,45,computer programmer,a,she,her,her,is,works
P00940,China,East Asia,original_10,Mei,female,45,construction worker,a,she,her,her,is,works
P00941,China,East Asia,original_10,Mei,female,45,doctor,a,she,her,her,is,works
P00942,China,East Asia,original_10,Mei,female,45,electrician,an,she,her,her,is,works
P00943,China,East Asia,original_10,Mei,female,45,elementary school teacher,an,she,her,her,is,works
P00944,China,East Asia,original_10,Mei,female,45,farmer,a,she,her,her,is,works
P00945,China,East Asia,original_10,Mei,female,45,flight attendant,a,she,her,her,is,works
P00946,China,East Asia,original_10,Mei,female,45,hairdresser,a,she,her,her,is,works
P00947,China,East Asia,original_10,Mei,female,45,janitor,a,she,her,her,is,works
P00948,China,East Asia,original_10,Mei,female,45,journalist,a,she,her,her,is,works
P00949,China,East Asia,original_10,Mei,female,45,lawyer,a,she,her,her,is,works
P00950,China,East Asia,original_10,Mei,female,45,mechanic,a,she,her,her,is,works
P00951,China,East Asia,original_10,Mei,female,45,paramedic,a,she,her,her,is,works
P00952,China,East Asia,original_10,Mei,female,45,pharmacist,a,she,her,her,is,works
P00953,China,East Asia,original_10,Mei,female,45,plumber,a,she,her,her,is,works
P00954,China,East Asia,original_10,Mei,female,45,police officer,a,she,her,her,is,works
P00955,China,East Asia,original_10,Mei,female,45,real estate agent,a,she,her,her,is,works
P00956,China,East Asia,original_10,Mei,female,45,registered nurse,a,she,her,her,is,works
P00957,China,East Asia,original_10,Mei,female,45,social worker,a,she,her,her,is,works
P00958,China,East Asia,original_10,Mei,female,45,truck driver,a,she,her,her,is,works
P00959,China,East Asia,original_10,Mei,female,45,veterinarian,a,she,her,her,is,works
P00960,China,East Asia,original_10,Mei,female,45,waiter,a,she,her,her,is,works
P00961,China,East Asia,original_10,Mei,female,65,accountant,an,she,her,her,is,works
P00962,China,East Asia,original_10,Mei,female,65,administrative assistant,an,she,her,her,is,works
P00963,China,East Asia,original_10,Mei,female,65,architect,an,she,her,her,is,works
P00964,China,East Asia,original_10,Mei,female,65,bank teller,a,she,her,her,is,works
P00965,China,East Asia,original_10,Mei,female,65,business manager,a,she,her,her,is,works
P00966,China,East Asia,original_10,Mei,female,65,cashier,a,she,her,her,is,works
P00967,China,East Asia,original_10,Mei,female,65,chef,a,she,her,her,is,works
P00968,China,East Asia,original_10,Mei,female,65,civil engineer,a,she,her,her,is,works
P00969,China,East Asia,original_10,Mei,female,65,computer programmer,a,she,her,her,is,works
P00970,China,East Asia,original_10,Mei,female,65,construction worker,a,she,her,her,is,works
P00971,China,East Asia,original_10,Mei,female,65,doctor,a,she,her,her,is,works
P00972,China,East Asia,original_10,Mei,female,65,electrician,an,she,her,her,is,works
P00973,China,East Asia,original_10,Mei,female,65,elementary school teacher,an,she,her,her,is,works
P00974,China,East Asia,original_10,Mei,female,65,farmer,a,she,her,her,is,works
P00975,China,East Asia,original_10,Mei,female,65,flight attendant,a,she,her,her,is,works
P00976,China,East Asia,original_10,Mei,female,65,hairdresser,a,she,her,her,is,works
P00977,China,East Asia,original_10,Mei,female,65,janitor,a,she,her,her,is,works
P00978,China,East Asia,original_10,Mei,female,65,journalist,a,she,her,her,is,works
P00979,China,East Asia,original_10,Mei,female,65,lawyer,a,she,her,her,is,works
P00980,China,East Asia,original_10,Mei,female,65,mechanic,a,she,her,her,is,works
P00981,China,East Asia,original_10,Mei,female,65,paramedic,a,she,her,her,is,works
P00982,China,East Asia,original_10,Mei,female,65,pharmacist,a,she,her,her,is,works
P00983,China,East Asia,original_10,Mei,female,65,plumber,a,she,her,her,is,works
P00984,China,East Asia,original_10,Mei,female,65,police officer,a,she,her,her,is,works
P00985,China,East Asia,original_10,Mei,female,65,real estate agent,a,she,her,her,is,works
P00986,China,East Asia,original_10,Mei,female,65,registered nurse,a,she,her,her,is,works
P00987,China,East Asia,original_10,Mei,female,65,social worker,a,she,her,her,is,works
P00988,China,East Asia,original_10,Mei,female,65,truck driver,a,she,her,her,is,works
P00989,China,East Asia,original_10,Mei,female,65,veterinarian,a,she,her,her,is,works
P00990,China,East Asia,original_10,Mei,female,65,waiter,a,she,her,her,is,works
P00991,China,East Asia,original_10,Yu,neutral,25,accountant,an,they,them,their,are,work
P00992,China,East Asia,original_10,Yu,neutral,25,administrative assistant,an,they,them,their,are,work
P00993,China,East Asia,original_10,Yu,neutral,25,architect,an,they,them,their,are,work
P00994,China,East Asia,original_10,Yu,neutral,25,bank teller,a,they,them,their,are,work
P00995,China,East Asia,original_10,Yu,neutral,25,business manager,a,they,them,their,are,work
P00996,China,East Asia,original_10,Yu,neutral,25,cashier,a,they,them,their,are,work
P00997,China,East Asia,original_10,Yu,neutral,25,chef,a,they,them,their,are,work
P00998,China,East Asia,original_10,Yu,neutral,25,civil engineer,a,they,them,their,are,work
P00999,China,East Asia,original_10,Yu,neutral,25,computer programmer,a,they,them,their,are,work
P01000,China,East Asia,original_10,Yu,neutral,25,construction worker,a,they,them,their,are,work
P01001,China,East Asia,original_10,Yu,neutral,25,doctor,a,they,them,their,are,work
P01002,China,East Asia,original_10,Yu,neutral,25,electrician,an,they,them,their,are,work
P01003,China,East Asia,original_10,Yu,neutral,25,elementary school teacher,an,they,them,their,are,work
P01004,China,East Asia,original_10,Yu,neutral,25,farmer,a,they,them,their,are,work
P01005,China,East Asia,original_10,Yu,neutral,25,flight attendant,a,they,them,their,are,work
P01006,China,East Asia,original_10,Yu,neutral,25,hairdresser,a,they,them,their,are,work
P01007,China,East Asia,original_10,Yu,neutral,25,janitor,a,they,them,their,are,work
P01008,China,East Asia,original_10,Yu,neutral,25,journalist,a,they,them,their,are,work
P01009,China,East Asia,original_10,Yu,neutral,25,lawyer,a,they,them,their,are,work
P01010,China,East Asia,original_10,Yu,neutral,25,mechanic,a,they,them,their,are,work
P01011,China,East Asia,original_10,Yu,neutral,25,paramedic,a,they,them,their,are,work
P01012,China,East Asia,original_10,Yu,neutral,25,pharmacist,a,they,them,their,are,work
P01013,China,East Asia,original_10,Yu,neutral,25,plumber,a,they,them,their,are,work
P01014,China,East Asia,original_10,Yu,neutral,25,police officer,a,they,them,their,are,work
P01015,China,East Asia,original_10,Yu,neutral,25,real estate agent,a,they,them,their,are,work
P01016,China,East Asia,original_10,Yu,neutral,25,registered nurse,a,they,them,their,are,work
P01017,China,East Asia,original_10,Yu,neutral,25,social worker,a,they,them,their,are,work
P01018,China,East Asia,original_10,Yu,neutral,25,truck driver,a,they,them,their,are,work
P01019,China,East Asia,original_10,Yu,neutral,25,veterinarian,a,they,them,their,are,work
P01020,China,East Asia,original_10,Yu,neutral,25,waiter,a,they,them,their,are,work
P01021,China,East Asia,original_10,Yu,neutral,45,accountant,an,they,them,their,are,work
P01022,China,East Asia,original_10,Yu,neutral,45,administrative assistant,an,they,them,their,are,work
P01023,China,East Asia,original_10,Yu,neutral,45,architect,an,they,them,their,are,work
P01024,China,East Asia,original_10,Yu,neutral,45,bank teller,a,they,them,their,are,work
P01025,China,East Asia,original_10,Yu,neutral,45,business manager,a,they,them,their,are,work
P01026,China,East Asia,original_10,Yu,neutral,45,cashier,a,they,them,their,are,work
P01027,China,East Asia,original_10,Yu,neutral,45,chef,a,they,them,their,are,work
P01028,China,East Asia,original_10,Yu,neutral,45,civil engineer,a,they,them,their,are,work
P01029,China,East Asia,original_10,Yu,neutral,45,computer programmer,a,they,them,their,are,work
P01030,China,East Asia,original_10,Yu,neutral,45,construction worker,a,they,them,their,are,work
P01031,China,East Asia,original_10,Yu,neutral,45,doctor,a,they,them,their,are,work
P01032,China,East Asia,original_10,Yu,neutral,45,electrician,an,they,them,their,are,work
P01033,China,East Asia,original_10,Yu,neutral,45,elementary school teacher,an,they,them,their,are,work
P01034,China,East Asia,original_10,Yu,neutral,45,farmer,a,they,them,their,are,work
P01035,China,East Asia,original_10,Yu,neutral,45,flight attendant,a,they,them,their,are,work
P01036,China,East Asia,original_10,Yu,neutral,45,hairdresser,a,they,them,their,are,work
P01037,China,East Asia,original_10,Yu,neutral,45,janitor,a,they,them,their,are,work
P01038,China,East Asia,original_10,Yu,neutral,45,journalist,a,they,them,their,are,work
P01039,China,East Asia,original_10,Yu,neutral,45,lawyer,a,they,them,their,are,work
P01040,China,East Asia,original_10,Yu,neutral,45,mechanic,a,they,them,their,are,work
P01041,China,East Asia,original_10,Yu,neutral,45,paramedic,a,they,them,their,are,work
P01042,China,East Asia,original_10,Yu,neutral,45,pharmacist,a,they,them,their,are,work
P01043,China,East Asia,original_10,Yu,neutral,45,plumber,a,they,them,their,are,work
P01044,China,East Asia,original_10,Yu,neutral,45,police officer,a,they,them,their,are,work
P01045,China,East Asia,original_10,Yu,neutral,45,real estate agent,a,they,them,their,are,work
P01046,China,East Asia,original_10,Yu,neutral,45,registered nurse,a,they,them,their,are,work
P01047,China,East Asia,original_10,Yu,neutral,45,social worker,a,they,them,their,are,work
P01048,China,East Asia,original_10,Yu,neutral,45,truck driver,a,they,them,their,are,work
P01049,China,East Asia,original_10,Yu,neutral,45,veterinarian,a,they,them,their,are,work
P01050,China,East Asia,original_10,Yu,neutral,45,waiter,a,they,them,their,are,work
P01051,China,East Asia,original_10,Yu,neutral,65,accountant,an,they,them,their,are,work
P01052,China,East Asia,original_10,Yu,neutral,65,administrative assistant,an,they,them,their,are,work
P01053,China,East Asia,original_10,Yu,neutral,65,architect,an,they,them,their,are,work
P01054,China,East Asia,original_10,Yu,neutral,65,bank teller,a,they,them,their,are,work
P01055,China,East Asia,original_10,Yu,neutral,65,business manager,a,they,them,their,are,work
P01056,China,East Asia,original_10,Yu,neutral,65,cashier,a,they,them,their,are,work
P01057,China,East Asia,original_10,Yu,neutral,65,chef,a,they,them,their,are,work
P01058,China,East Asia,original_10,Yu,neutral,65,civil engineer,a,they,them,their,are,work
P01059,China,East Asia,original_10,Yu,neutral,65,computer programmer,a,they,them,their,are,work
P01060,China,East Asia,original_10,Yu,neutral,65,construction worker,a,they,them,their,are,work
P01061,China,East Asia,original_10,Yu,neutral,65,doctor,a,they,them,their,are,work
P01062,China,East Asia,original_10,Yu,neutral,65,electrician,an,they,them,their,are,work
P01063,China,East Asia,original_10,Yu,neutral,65,elementary school teacher,an,they,them,their,are,work
P01064,China,East Asia,original_10,Yu,neutral,65,farmer,a,they,them,their,are,work
P01065,China,East Asia,original_10,Yu,neutral,65,flight attendant,a,they,them,their,are,work
P01066,China,East Asia,original_10,Yu,neutral,65,hairdresser,a,they,them,their,are,work
P01067,China,East Asia,original_10,Yu,neutral,65,janitor,a,they,them,their,are,work
P01068,China,East Asia,original_10,Yu,neutral,65,journalist,a,they,them,their,are,work
P01069,China,East Asia,original_10,Yu,neutral,65,lawyer,a,they,them,their,are,work
P01070,China,East Asia,original_10,Yu,neutral,65,mechanic,a,they,them,their,are,work
P01071,China,East Asia,original_10,Yu,neutral,65,paramedic,a,they,them,their,are,work
P01072,China,East Asia,original_10,Yu,neutral,65,pharmacist,a,they,them,their,are,work
P01073,China,East Asia,original_10,Yu,neutral,65,plumber,a,they,them,their,are,work
P01074,China,East Asia,original_10,Yu,neutral,65,police officer,a,they,them,their,are,work
P01075,China,East Asia,original_10,Yu,neutral,65,real estate agent,a,they,them,their,are,work
P01076,China,East Asia,original_10,Yu,neutral,65,registered nurse,a,they,them,their,are,work
P01077,China,East Asia,original_10,Yu,neutral,65,social worker,a,they,them,their,are,work
P01078,China,East Asia,original_10,Yu,neutral,65,truck driver,a,they,them,their,are,work
P01079,China,East Asia,original_10,Yu,neutral,65,veterinarian,a,they,them,their,are,work
P01080,China,East Asia,original_10,Yu,neutral,65,waiter,a,they,them,their,are,work
P01081,Egypt,MENA,original_10,Omar,male,25,accountant,an,he,him,his,is,works
P01082,Egypt,MENA,original_10,Omar,male,25,administrative assistant,an,he,him,his,is,works
P01083,Egypt,MENA,original_10,Omar,male,25,architect,an,he,him,his,is,works
P01084,Egypt,MENA,original_10,Omar,male,25,bank teller,a,he,him,his,is,works
P01085,Egypt,MENA,original_10,Omar,male,25,business manager,a,he,him,his,is,works
P01086,Egypt,MENA,original_10,Omar,male,25,cashier,a,he,him,his,is,works
P01087,Egypt,MENA,original_10,Omar,male,25,chef,a,he,him,his,is,works
P01088,Egypt,MENA,original_10,Omar,male,25,civil engineer,a,he,him,his,is,works
P01089,Egypt,MENA,original_10,Omar,male,25,computer programmer,a,he,him,his,is,works
P01090,Egypt,MENA,original_10,Omar,male,25,construction worker,a,he,him,his,is,works
P01091,Egypt,MENA,original_10,Omar,male,25,doctor,a,he,him,his,is,works
P01092,Egypt,MENA,original_10,Omar,male,25,electrician,an,he,him,his,is,works
P01093,Egypt,MENA,original_10,Omar,male,25,elementary school teacher,an,he,him,his,is,works
P01094,Egypt,MENA,original_10,Omar,male,25,farmer,a,he,him,his,is,works
P01095,Egypt,MENA,original_10,Omar,male,25,flight attendant,a,he,him,his,is,works
P01096,Egypt,MENA,original_10,Omar,male,25,hairdresser,a,he,him,his,is,works
P01097,Egypt,MENA,original_10,Omar,male,25,janitor,a,he,him,his,is,works
P01098,Egypt,MENA,original_10,Omar,male,25,journalist,a,he,him,his,is,works
P01099,Egypt,MENA,original_10,Omar,male,25,lawyer,a,he,him,his,is,works
P01100,Egypt,MENA,original_10,Omar,male,25,mechanic,a,he,him,his,is,works
P01101,Egypt,MENA,original_10,Omar,male,25,paramedic,a,he,him,his,is,works
P01102,Egypt,MENA,original_10,Omar,male,25,pharmacist,a,he,him,his,is,works
P01103,Egypt,MENA,original_10,Omar,male,25,plumber,a,he,him,his,is,works
P01104,Egypt,MENA,original_10,Omar,male,25,police officer,a,he,him,his,is,works
P01105,Egypt,MENA,original_10,Omar,male,25,real estate agent,a,he,him,his,is,works
P01106,Egypt,MENA,original_10,Omar,male,25,registered nurse,a,he,him,his,is,works
P01107,Egypt,MENA,original_10,Omar,male,25,social worker,a,he,him,his,is,works
P01108,Egypt,MENA,original_10,Omar,male,25,truck driver,a,he,him,his,is,works
P01109,Egypt,MENA,original_10,Omar,male,25,veterinarian,a,he,him,his,is,works
P01110,Egypt,MENA,original_10,Omar,male,25,waiter,a,he,him,his,is,works
P01111,Egypt,MENA,original_10,Omar,male,45,accountant,an,he,him,his,is,works
P01112,Egypt,MENA,original_10,Omar,male,45,administrative assistant,an,he,him,his,is,works
P01113,Egypt,MENA,original_10,Omar,male,45,architect,an,he,him,his,is,works
P01114,Egypt,MENA,original_10,Omar,male,45,bank teller,a,he,him,his,is,works
P01115,Egypt,MENA,original_10,Omar,male,45,business manager,a,he,him,his,is,works
P01116,Egypt,MENA,original_10,Omar,male,45,cashier,a,he,him,his,is,works
P01117,Egypt,MENA,original_10,Omar,male,45,chef,a,he,him,his,is,works
P01118,Egypt,MENA,original_10,Omar,male,45,civil engineer,a,he,him,his,is,works
P01119,Egypt,MENA,original_10,Omar,male,45,computer programmer,a,he,him,his,is,works
P01120,Egypt,MENA,original_10,Omar,male,45,construction worker,a,he,him,his,is,works
P01121,Egypt,MENA,original_10,Omar,male,45,doctor,a,he,him,his,is,works
P01122,Egypt,MENA,original_10,Omar,male,45,electrician,an,he,him,his,is,works
P01123,Egypt,MENA,original_10,Omar,male,45,elementary school teacher,an,he,him,his,is,works
P01124,Egypt,MENA,original_10,Omar,male,45,farmer,a,he,him,his,is,works
P01125,Egypt,MENA,original_10,Omar,male,45,flight attendant,a,he,him,his,is,works
P01126,Egypt,MENA,original_10,Omar,male,45,hairdresser,a,he,him,his,is,works
P01127,Egypt,MENA,original_10,Omar,male,45,janitor,a,he,him,his,is,works
P01128,Egypt,MENA,original_10,Omar,male,45,journalist,a,he,him,his,is,works
P01129,Egypt,MENA,original_10,Omar,male,45,lawyer,a,he,him,his,is,works
P01130,Egypt,MENA,original_10,Omar,male,45,mechanic,a,he,him,his,is,works
P01131,Egypt,MENA,original_10,Omar,male,45,paramedic,a,he,him,his,is,works
P01132,Egypt,MENA,original_10,Omar,male,45,pharmacist,a,he,him,his,is,works
P01133,Egypt,MENA,original_10,Omar,male,45,plumber,a,he,him,his,is,works
P01134,Egypt,MENA,original_10,Omar,male,45,police officer,a,he,him,his,is,works
P01135,Egypt,MENA,original_10,Omar,male,45,real estate agent,a,he,him,his,is,works
P01136,Egypt,MENA,original_10,Omar,male,45,registered nurse,a,he,him,his,is,works
P01137,Egypt,MENA,original_10,Omar,male,45,social worker,a,he,him,his,is,works
P01138,Egypt,MENA,original_10,Omar,male,45,truck driver,a,he,him,his,is,works
P01139,Egypt,MENA,original_10,Omar,male,45,veterinarian,a,he,him,his,is,works
P01140,Egypt,MENA,original_10,Omar,male,45,waiter,a,he,him,his,is,works
P01141,Egypt,MENA,original_10,Omar,male,65,accountant,an,he,him,his,is,works
P01142,Egypt,MENA,original_10,Omar,male,65,administrative assistant,an,he,him,his,is,works
P01143,Egypt,MENA,original_10,Omar,male,65,architect,an,he,him,his,is,works
P01144,Egypt,MENA,original_10,Omar,male,65,bank teller,a,he,him,his,is,works
P01145,Egypt,MENA,original_10,Omar,male,65,business manager,a,he,him,his,is,works
P01146,Egypt,MENA,original_10,Omar,male,65,cashier,a,he,him,his,is,works
P01147,Egypt,MENA,original_10,Omar,male,65,chef,a,he,him,his,is,works
P01148,Egypt,MENA,original_10,Omar,male,65,civil engineer,a,he,him,his,is,works
P01149,Egypt,MENA,original_10,Omar,male,65,computer programmer,a,he,him,his,is,works
P01150,Egypt,MENA,original_10,Omar,male,65,construction worker,a,he,him,his,is,works
P01151,Egypt,MENA,original_10,Omar,male,65,doctor,a,he,him,his,is,works
P01152,Egypt,MENA,original_10,Omar,male,65,electrician,an,he,him,his,is,works
P01153,Egypt,MENA,original_10,Omar,male,65,elementary school teacher,an,he,him,his,is,works
P01154,Egypt,MENA,original_10,Omar,male,65,farmer,a,he,him,his,is,works
P01155,Egypt,MENA,original_10,Omar,male,65,flight attendant,a,he,him,his,is,works
P01156,Egypt,MENA,original_10,Omar,male,65,hairdresser,a,he,him,his,is,works
P01157,Egypt,MENA,original_10,Omar,male,65,janitor,a,he,him,his,is,works
P01158,Egypt,MENA,original_10,Omar,male,65,journalist,a,he,him,his,is,works
P01159,Egypt,MENA,original_10,Omar,male,65,lawyer,a,he,him,his,is,works
P01160,Egypt,MENA,original_10,Omar,male,65,mechanic,a,he,him,his,is,works
P01161,Egypt,MENA,original_10,Omar,male,65,paramedic,a,he,him,his,is,works
P01162,Egypt,MENA,original_10,Omar,male,65,pharmacist,a,he,him,his,is,works
P01163,Egypt,MENA,original_10,Omar,male,65,plumber,a,he,him,his,is,works
P01164,Egypt,MENA,original_10,Omar,male,65,police officer,a,he,him,his,is,works
P01165,Egypt,MENA,original_10,Omar,male,65,real estate agent,a,he,him,his,is,works
P01166,Egypt,MENA,original_10,Omar,male,65,registered nurse,a,he,him,his,is,works
P01167,Egypt,MENA,original_10,Omar,male,65,social worker,a,he,him,his,is,works
P01168,Egypt,MENA,original_10,Omar,male,65,truck driver,a,he,him,his,is,works
P01169,Egypt,MENA,original_10,Omar,male,65,veterinarian,a,he,him,his,is,works
P01170,Egypt,MENA,original_10,Omar,male,65,waiter,a,he,him,his,is,works
P01171,Egypt,MENA,original_10,Fatima,female,25,accountant,an,she,her,her,is,works
P01172,Egypt,MENA,original_10,Fatima,female,25,administrative assistant,an,she,her,her,is,works
P01173,Egypt,MENA,original_10,Fatima,female,25,architect,an,she,her,her,is,works
P01174,Egypt,MENA,original_10,Fatima,female,25,bank teller,a,she,her,her,is,works
P01175,Egypt,MENA,original_10,Fatima,female,25,business manager,a,she,her,her,is,works
P01176,Egypt,MENA,original_10,Fatima,female,25,cashier,a,she,her,her,is,works
P01177,Egypt,MENA,original_10,Fatima,female,25,chef,a,she,her,her,is,works
P01178,Egypt,MENA,original_10,Fatima,female,25,civil engineer,a,she,her,her,is,works
P01179,Egypt,MENA,original_10,Fatima,female,25,computer programmer,a,she,her,her,is,works
P01180,Egypt,MENA,original_10,Fatima,female,25,construction worker,a,she,her,her,is,works
P01181,Egypt,MENA,original_10,Fatima,female,25,doctor,a,she,her,her,is,works
P01182,Egypt,MENA,original_10,Fatima,female,25,electrician,an,she,her,her,is,works
P01183,Egypt,MENA,original_10,Fatima,female,25,elementary school teacher,an,she,her,her,is,works
P01184,Egypt,MENA,original_10,Fatima,female,25,farmer,a,she,her,her,is,works
P01185,Egypt,MENA,original_10,Fatima,female,25,flight attendant,a,she,her,her,is,works
P01186,Egypt,MENA,original_10,Fatima,female,25,hairdresser,a,she,her,her,is,works
P01187,Egypt,MENA,original_10,Fatima,female,25,janitor,a,she,her,her,is,works
P01188,Egypt,MENA,original_10,Fatima,female,25,journalist,a,she,her,her,is,works
P01189,Egypt,MENA,original_10,Fatima,female,25,lawyer,a,she,her,her,is,works
P01190,Egypt,MENA,original_10,Fatima,female,25,mechanic,a,she,her,her,is,works
P01191,Egypt,MENA,original_10,Fatima,female,25,paramedic,a,she,her,her,is,works
P01192,Egypt,MENA,original_10,Fatima,female,25,pharmacist,a,she,her,her,is,works
P01193,Egypt,MENA,original_10,Fatima,female,25,plumber,a,she,her,her,is,works
P01194,Egypt,MENA,original_10,Fatima,female,25,police officer,a,she,her,her,is,works
P01195,Egypt,MENA,original_10,Fatima,female,25,real estate agent,a,she,her,her,is,works
P01196,Egypt,MENA,original_10,Fatima,female,25,registered nurse,a,she,her,her,is,works
P01197,Egypt,MENA,original_10,Fatima,female,25,social worker,a,she,her,her,is,works
P01198,Egypt,MENA,original_10,Fatima,female,25,truck driver,a,she,her,her,is,works
P01199,Egypt,MENA,original_10,Fatima,female,25,veterinarian,a,she,her,her,is,works
P01200,Egypt,MENA,original_10,Fatima,female,25,waiter,a,she,her,her,is,works
P01201,Egypt,MENA,original_10,Fatima,female,45,accountant,an,she,her,her,is,works
P01202,Egypt,MENA,original_10,Fatima,female,45,administrative assistant,an,she,her,her,is,works
P01203,Egypt,MENA,original_10,Fatima,female,45,architect,an,she,her,her,is,works
P01204,Egypt,MENA,original_10,Fatima,female,45,bank teller,a,she,her,her,is,works
P01205,Egypt,MENA,original_10,Fatima,female,45,business manager,a,she,her,her,is,works
P01206,Egypt,MENA,original_10,Fatima,female,45,cashier,a,she,her,her,is,works
P01207,Egypt,MENA,original_10,Fatima,female,45,chef,a,she,her,her,is,works
P01208,Egypt,MENA,original_10,Fatima,female,45,civil engineer,a,she,her,her,is,works
P01209,Egypt,MENA,original_10,Fatima,female,45,computer programmer,a,she,her,her,is,works
P01210,Egypt,MENA,original_10,Fatima,female,45,construction worker,a,she,her,her,is,works
P01211,Egypt,MENA,original_10,Fatima,female,45,doctor,a,she,her,her,is,works
P01212,Egypt,MENA,original_10,Fatima,female,45,electrician,an,she,her,her,is,works
P01213,Egypt,MENA,original_10,Fatima,female,45,elementary school teacher,an,she,her,her,is,works
P01214,Egypt,MENA,original_10,Fatima,female,45,farmer,a,she,her,her,is,works
P01215,Egypt,MENA,original_10,Fatima,female,45,flight attendant,a,she,her,her,is,works
P01216,Egypt,MENA,original_10,Fatima,female,45,hairdresser,a,she,her,her,is,works
P01217,Egypt,MENA,original_10,Fatima,female,45,janitor,a,she,her,her,is,works
P01218,Egypt,MENA,original_10,Fatima,female,45,journalist,a,she,her,her,is,works
P01219,Egypt,MENA,original_10,Fatima,female,45,lawyer,a,she,her,her,is,works
P01220,Egypt,MENA,original_10,Fatima,female,45,mechanic,a,she,her,her,is,works
P01221,Egypt,MENA,original_10,Fatima,female,45,paramedic,a,she,her,her,is,works
P01222,Egypt,MENA,original_10,Fatima,female,45,pharmacist,a,she,her,her,is,works
P01223,Egypt,MENA,original_10,Fatima,female,45,plumber,a,she,her,her,is,works
P01224,Egypt,MENA,original_10,Fatima,female,45,police officer,a,she,her,her,is,works
P01225,Egypt,MENA,original_10,Fatima,female,45,real estate agent,a,she,her,her,is,works
P01226,Egypt,MENA,original_10,Fatima,female,45,registered nurse,a,she,her,her,is,works
P01227,Egypt,MENA,original_10,Fatima,female,45,social worker,a,she,her,her,is,works
P01228,Egypt,MENA,original_10,Fatima,female,45,truck driver,a,she,her,her,is,works
P01229,Egypt,MENA,original_10,Fatima,female,45,veterinarian,a,she,her,her,is,works
P01230,Egypt,MENA,original_10,Fatima,female,45,waiter,a,she,her,her,is,works
P01231,Egypt,MENA,original_10,Fatima,female,65,accountant,an,she,her,her,is,works
P01232,Egypt,MENA,original_10,Fatima,female,65,administrative assistant,an,she,her,her,is,works
P01233,Egypt,MENA,original_10,Fatima,female,65,architect,an,she,her,her,is,works
P01234,Egypt,MENA,original_10,Fatima,female,65,bank teller,a,she,her,her,is,works
P01235,Egypt,MENA,original_10,Fatima,female,65,business manager,a,she,her,her,is,works
P01236,Egypt,MENA,original_10,Fatima,female,65,cashier,a,she,her,her,is,works
P01237,Egypt,MENA,original_10,Fatima,female,65,chef,a,she,her,her,is,works
P01238,Egypt,MENA,original_10,Fatima,female,65,civil engineer,a,she,her,her,is,works
P01239,Egypt,MENA,original_10,Fatima,female,65,computer programmer,a,she,her,her,is,works
P01240,Egypt,MENA,original_10,Fatima,female,65,construction worker,a,she,her,her,is,works
P01241,Egypt,MENA,original_10,Fatima,female,65,doctor,a,she,her,her,is,works
P01242,Egypt,MENA,original_10,Fatima,female,65,electrician,an,she,her,her,is,works
P01243,Egypt,MENA,original_10,Fatima,female,65,elementary school teacher,an,she,her,her,is,works
P01244,Egypt,MENA,original_10,Fatima,female,65,farmer,a,she,her,her,is,works
P01245,Egypt,MENA,original_10,Fatima,female,65,flight attendant,a,she,her,her,is,works
P01246,Egypt,MENA,original_10,Fatima,female,65,hairdresser,a,she,her,her,is,works
P01247,Egypt,MENA,original_10,Fatima,female,65,janitor,a,she,her,her,is,works
P01248,Egypt,MENA,original_10,Fatima,female,65,journalist,a,she,her,her,is,works
P01249,Egypt,MENA,original_10,Fatima,female,65,lawyer,a,she,her,her,is,works
P01250,Egypt,MENA,original_10,Fatima,female,65,mechanic,a,she,her,her,is,works
P01251,Egypt,MENA,original_10,Fatima,female,65,paramedic,a,she,her,her,is,works
P01252,Egypt,MENA,original_10,Fatima,female,65,pharmacist,a,she,her,her,is,works
P01253,Egypt,MENA,original_10,Fatima,female,65,plumber,a,she,her,her,is,works
P01254,Egypt,MENA,original_10,Fatima,female,65,police officer,a,she,her,her,is,works
P01255,Egypt,MENA,original_10,Fatima,female,65,real estate agent,a,she,her,her,is,works
P01256,Egypt,MENA,original_10,Fatima,female,65,registered nurse,a,she,her,her,is,works
P01257,Egypt,MENA,original_10,Fatima,female,65,social worker,a,she,her,her,is,works
P01258,Egypt,MENA,original_10,Fatima,female,65,truck driver,a,she,her,her,is,works
P01259,Egypt,MENA,original_10,Fatima,female,65,veterinarian,a,she,her,her,is,works
P01260,Egypt,MENA,original_10,Fatima,female,65,waiter,a,she,her,her,is,works
P01261,Egypt,MENA,original_10,Nour,neutral,25,accountant,an,they,them,their,are,work
P01262,Egypt,MENA,original_10,Nour,neutral,25,administrative assistant,an,they,them,their,are,work
P01263,Egypt,MENA,original_10,Nour,neutral,25,architect,an,they,them,their,are,work
P01264,Egypt,MENA,original_10,Nour,neutral,25,bank teller,a,they,them,their,are,work
P01265,Egypt,MENA,original_10,Nour,neutral,25,business manager,a,they,them,their,are,work
P01266,Egypt,MENA,original_10,Nour,neutral,25,cashier,a,they,them,their,are,work
P01267,Egypt,MENA,original_10,Nour,neutral,25,chef,a,they,them,their,are,work
P01268,Egypt,MENA,original_10,Nour,neutral,25,civil engineer,a,they,them,their,are,work
P01269,Egypt,MENA,original_10,Nour,neutral,25,computer programmer,a,they,them,their,are,work
P01270,Egypt,MENA,original_10,Nour,neutral,25,construction worker,a,they,them,their,are,work
P01271,Egypt,MENA,original_10,Nour,neutral,25,doctor,a,they,them,their,are,work
P01272,Egypt,MENA,original_10,Nour,neutral,25,electrician,an,they,them,their,are,work
P01273,Egypt,MENA,original_10,Nour,neutral,25,elementary school teacher,an,they,them,their,are,work
P01274,Egypt,MENA,original_10,Nour,neutral,25,farmer,a,they,them,their,are,work
P01275,Egypt,MENA,original_10,Nour,neutral,25,flight attendant,a,they,them,their,are,work
P01276,Egypt,MENA,original_10,Nour,neutral,25,hairdresser,a,they,them,their,are,work
P01277,Egypt,MENA,original_10,Nour,neutral,25,janitor,a,they,them,their,are,work
P01278,Egypt,MENA,original_10,Nour,neutral,25,journalist,a,they,them,their,are,work
P01279,Egypt,MENA,original_10,Nour,neutral,25,lawyer,a,they,them,their,are,work
P01280,Egypt,MENA,original_10,Nour,neutral,25,mechanic,a,they,them,their,are,work
P01281,Egypt,MENA,original_10,Nour,neutral,25,paramedic,a,they,them,their,are,work
P01282,Egypt,MENA,original_10,Nour,neutral,25,pharmacist,a,they,them,their,are,work
P01283,Egypt,MENA,original_10,Nour,neutral,25,plumber,a,they,them,their,are,work
P01284,Egypt,MENA,original_10,Nour,neutral,25,police officer,a,they,them,their,are,work
P01285,Egypt,MENA,original_10,Nour,neutral,25,real estate agent,a,they,them,their,are,work
P01286,Egypt,MENA,original_10,Nour,neutral,25,registered nurse,a,they,them,their,are,work
P01287,Egypt,MENA,original_10,Nour,neutral,25,social worker,a,they,them,their,are,work
P01288,Egypt,MENA,original_10,Nour,neutral,25,truck driver,a,they,them,their,are,work
P01289,Egypt,MENA,original_10,Nour,neutral,25,veterinarian,a,they,them,their,are,work
P01290,Egypt,MENA,original_10,Nour,neutral,25,waiter,a,they,them,their,are,work
P01291,Egypt,MENA,original_10,Nour,neutral,45,accountant,an,they,them,their,are,work
P01292,Egypt,MENA,original_10,Nour,neutral,45,administrative assistant,an,they,them,their,are,work
P01293,Egypt,MENA,original_10,Nour,neutral,45,architect,an,they,them,their,are,work
P01294,Egypt,MENA,original_10,Nour,neutral,45,bank teller,a,they,them,their,are,work
P01295,Egypt,MENA,original_10,Nour,neutral,45,business manager,a,they,them,their,are,work
P01296,Egypt,MENA,original_10,Nour,neutral,45,cashier,a,they,them,their,are,work
P01297,Egypt,MENA,original_10,Nour,neutral,45,chef,a,they,them,their,are,work
P01298,Egypt,MENA,original_10,Nour,neutral,45,civil engineer,a,they,them,their,are,work
P01299,Egypt,MENA,original_10,Nour,neutral,45,computer programmer,a,they,them,their,are,work
P01300,Egypt,MENA,original_10,Nour,neutral,45,construction worker,a,they,them,their,are,work
P01301,Egypt,MENA,original_10,Nour,neutral,45,doctor,a,they,them,their,are,work
P01302,Egypt,MENA,original_10,Nour,neutral,45,electrician,an,they,them,their,are,work
P01303,Egypt,MENA,original_10,Nour,neutral,45,elementary school teacher,an,they,them,their,are,work
P01304,Egypt,MENA,original_10,Nour,neutral,45,farmer,a,they,them,their,are,work
P01305,Egypt,MENA,original_10,Nour,neutral,45,flight attendant,a,they,them,their,are,work
P01306,Egypt,MENA,original_10,Nour,neutral,45,hairdresser,a,they,them,their,are,work
P01307,Egypt,MENA,original_10,Nour,neutral,45,janitor,a,they,them,their,are,work
P01308,Egypt,MENA,original_10,Nour,neutral,45,journalist,a,they,them,their,are,work
P01309,Egypt,MENA,original_10,Nour,neutral,45,lawyer,a,they,them,their,are,work
P01310,Egypt,MENA,original_10,Nour,neutral,45,mechanic,a,they,them,their,are,work
P01311,Egypt,MENA,original_10,Nour,neutral,45,paramedic,a,they,them,their,are,work
P01312,Egypt,MENA,original_10,Nour,neutral,45,pharmacist,a,they,them,their,are,work
P01313,Egypt,MENA,original_10,Nour,neutral,45,plumber,a,they,them,their,are,work
P01314,Egypt,MENA,original_10,Nour,neutral,45,police officer,a,they,them,their,are,work
P01315,Egypt,MENA,original_10,Nour,neutral,45,real estate agent,a,they,them,their,are,work
P01316,Egypt,MENA,original_10,Nour,neutral,45,registered nurse,a,they,them,their,are,work
P01317,Egypt,MENA,original_10,Nour,neutral,45,social worker,a,they,them,their,are,work
P01318,Egypt,MENA,original_10,Nour,neutral,45,truck driver,a,they,them,their,are,work
P01319,Egypt,MENA,original_10,Nour,neutral,45,veterinarian,a,they,them,their,are,work
P01320,Egypt,MENA,original_10,Nour,neutral,45,waiter,a,they,them,their,are,work
P01321,Egypt,MENA,original_10,Nour,neutral,65,accountant,an,they,them,their,are,work
P01322,Egypt,MENA,original_10,Nour,neutral,65,administrative assistant,an,they,them,their,are,work
P01323,Egypt,MENA,original_10,Nour,neutral,65,architect,an,they,them,their,are,work
P01324,Egypt,MENA,original_10,Nour,neutral,65,bank teller,a,they,them,their,are,work
P01325,Egypt,MENA,original_10,Nour,neutral,65,business manager,a,they,them,their,are,work
P01326,Egypt,MENA,original_10,Nour,neutral,65,cashier,a,they,them,their,are,work
P01327,Egypt,MENA,original_10,Nour,neutral,65,chef,a,they,them,their,are,work
P01328,Egypt,MENA,original_10,Nour,neutral,65,civil engineer,a,they,them,their,are,work
P01329,Egypt,MENA,original_10,Nour,neutral,65,computer programmer,a,they,them,their,are,work
P01330,Egypt,MENA,original_10,Nour,neutral,65,construction worker,a,they,them,their,are,work
P01331,Egypt,MENA,original_10,Nour,neutral,65,doctor,a,they,them,their,are,work
P01332,Egypt,MENA,original_10,Nour,neutral,65,electrician,an,they,them,their,are,work
P01333,Egypt,MENA,original_10,Nour,neutral,65,elementary school teacher,an,they,them,their,are,work
P01334,Egypt,MENA,original_10,Nour,neutral,65,farmer,a,they,them,their,are,work
P01335,Egypt,MENA,original_10,Nour,neutral,65,flight attendant,a,they,them,their,are,work
P01336,Egypt,MENA,original_10,Nour,neutral,65,hairdresser,a,they,them,their,are,work
P01337,Egypt,MENA,original_10,Nour,neutral,65,janitor,a,they,them,their,are,work
P01338,Egypt,MENA,original_10,Nour,neutral,65,journalist,a,they,them,their,are,work
P01339,Egypt,MENA,original_10,Nour,neutral,65,lawyer,a,they,them,their,are,work
P01340,Egypt,MENA,original_10,Nour,neutral,65,mechanic,a,they,them,their,are,work
P01341,Egypt,MENA,original_10,Nour,neutral,65,paramedic,a,they,them,their,are,work
P01342,Egypt,MENA,original_10,Nour,neutral,65,pharmacist,a,they,them,their,are,work
P01343,Egypt,MENA,original_10,Nour,neutral,65,plumber,a,they,them,their,are,work
P01344,Egypt,MENA,original_10,Nour,neutral,65,police officer,a,they,them,their,are,work
P01345,Egypt,MENA,original_10,Nour,neutral,65,real estate agent,a,they,them,their,are,work
P01346,Egypt,MENA,original_10,Nour,neutral,65,registered nurse,a,they,them,their,are,work
P01347,Egypt,MENA,original_10,Nour,neutral,65,social worker,a,they,them,their,are,work
P01348,Egypt,MENA,original_10,Nour,neutral,65,truck driver,a,they,them,their,are,work
P01349,Egypt,MENA,original_10,Nour,neutral,65,veterinarian,a,they,them,their,are,work
P01350,Egypt,MENA,original_10,Nour,neutral,65,waiter,a,they,them,their,are,work
P01351,France,Europe,original_10,Pierre,male,25,accountant,an,he,him,his,is,works
P01352,France,Europe,original_10,Pierre,male,25,administrative assistant,an,he,him,his,is,works
P01353,France,Europe,original_10,Pierre,male,25,architect,an,he,him,his,is,works
P01354,France,Europe,original_10,Pierre,male,25,bank teller,a,he,him,his,is,works
P01355,France,Europe,original_10,Pierre,male,25,business manager,a,he,him,his,is,works
P01356,France,Europe,original_10,Pierre,male,25,cashier,a,he,him,his,is,works
P01357,France,Europe,original_10,Pierre,male,25,chef,a,he,him,his,is,works
P01358,France,Europe,original_10,Pierre,male,25,civil engineer,a,he,him,his,is,works
P01359,France,Europe,original_10,Pierre,male,25,computer programmer,a,he,him,his,is,works
P01360,France,Europe,original_10,Pierre,male,25,construction worker,a,he,him,his,is,works
P01361,France,Europe,original_10,Pierre,male,25,doctor,a,he,him,his,is,works
P01362,France,Europe,original_10,Pierre,male,25,electrician,an,he,him,his,is,works
P01363,France,Europe,original_10,Pierre,male,25,elementary school teacher,an,he,him,his,is,works
P01364,France,Europe,original_10,Pierre,male,25,farmer,a,he,him,his,is,works
P01365,France,Europe,original_10,Pierre,male,25,flight attendant,a,he,him,his,is,works
P01366,France,Europe,original_10,Pierre,male,25,hairdresser,a,he,him,his,is,works
P01367,France,Europe,original_10,Pierre,male,25,janitor,a,he,him,his,is,works
P01368,France,Europe,original_10,Pierre,male,25,journalist,a,he,him,his,is,works
P01369,France,Europe,original_10,Pierre,male,25,lawyer,a,he,him,his,is,works
P01370,France,Europe,original_10,Pierre,male,25,mechanic,a,he,him,his,is,works
P01371,France,Europe,original_10,Pierre,male,25,paramedic,a,he,him,his,is,works
P01372,France,Europe,original_10,Pierre,male,25,pharmacist,a,he,him,his,is,works
P01373,France,Europe,original_10,Pierre,male,25,plumber,a,he,him,his,is,works
P01374,France,Europe,original_10,Pierre,male,25,police officer,a,he,him,his,is,works
P01375,France,Europe,original_10,Pierre,male,25,real estate agent,a,he,him,his,is,works
P01376,France,Europe,original_10,Pierre,male,25,registered nurse,a,he,him,his,is,works
P01377,France,Europe,original_10,Pierre,male,25,social worker,a,he,him,his,is,works
P01378,France,Europe,original_10,Pierre,male,25,truck driver,a,he,him,his,is,works
P01379,France,Europe,original_10,Pierre,male,25,veterinarian,a,he,him,his,is,works
P01380,France,Europe,original_10,Pierre,male,25,waiter,a,he,him,his,is,works
P01381,France,Europe,original_10,Pierre,male,45,accountant,an,he,him,his,is,works
P01382,France,Europe,original_10,Pierre,male,45,administrative assistant,an,he,him,his,is,works
P01383,France,Europe,original_10,Pierre,male,45,architect,an,he,him,his,is,works
P01384,France,Europe,original_10,Pierre,male,45,bank teller,a,he,him,his,is,works
P01385,France,Europe,original_10,Pierre,male,45,business manager,a,he,him,his,is,works
P01386,France,Europe,original_10,Pierre,male,45,cashier,a,he,him,his,is,works
P01387,France,Europe,original_10,Pierre,male,45,chef,a,he,him,his,is,works
P01388,France,Europe,original_10,Pierre,male,45,civil engineer,a,he,him,his,is,works
P01389,France,Europe,original_10,Pierre,male,45,computer programmer,a,he,him,his,is,works
P01390,France,Europe,original_10,Pierre,male,45,construction worker,a,he,him,his,is,works
P01391,France,Europe,original_10,Pierre,male,45,doctor,a,he,him,his,is,works
P01392,France,Europe,original_10,Pierre,male,45,electrician,an,he,him,his,is,works
P01393,France,Europe,original_10,Pierre,male,45,elementary school teacher,an,he,him,his,is,works
P01394,France,Europe,original_10,Pierre,male,45,farmer,a,he,him,his,is,works
P01395,France,Europe,original_10,Pierre,male,45,flight attendant,a,he,him,his,is,works
P01396,France,Europe,original_10,Pierre,male,45,hairdresser,a,he,him,his,is,works
P01397,France,Europe,original_10,Pierre,male,45,janitor,a,he,him,his,is,works
P01398,France,Europe,original_10,Pierre,male,45,journalist,a,he,him,his,is,works
P01399,France,Europe,original_10,Pierre,male,45,lawyer,a,he,him,his,is,works
P01400,France,Europe,original_10,Pierre,male,45,mechanic,a,he,him,his,is,works
P01401,France,Europe,original_10,Pierre,male,45,paramedic,a,he,him,his,is,works
P01402,France,Europe,original_10,Pierre,male,45,pharmacist,a,he,him,his,is,works
P01403,France,Europe,original_10,Pierre,male,45,plumber,a,he,him,his,is,works
P01404,France,Europe,original_10,Pierre,male,45,police officer,a,he,him,his,is,works
P01405,France,Europe,original_10,Pierre,male,45,real estate agent,a,he,him,his,is,works
P01406,France,Europe,original_10,Pierre,male,45,registered nurse,a,he,him,his,is,works
P01407,France,Europe,original_10,Pierre,male,45,social worker,a,he,him,his,is,works
P01408,France,Europe,original_10,Pierre,male,45,truck driver,a,he,him,his,is,works
P01409,France,Europe,original_10,Pierre,male,45,veterinarian,a,he,him,his,is,works
P01410,France,Europe,original_10,Pierre,male,45,waiter,a,he,him,his,is,works
P01411,France,Europe,original_10,Pierre,male,65,accountant,an,he,him,his,is,works
P01412,France,Europe,original_10,Pierre,male,65,administrative assistant,an,he,him,his,is,works
P01413,France,Europe,original_10,Pierre,male,65,architect,an,he,him,his,is,works
P01414,France,Europe,original_10,Pierre,male,65,bank teller,a,he,him,his,is,works
P01415,France,Europe,original_10,Pierre,male,65,business manager,a,he,him,his,is,works
P01416,France,Europe,original_10,Pierre,male,65,cashier,a,he,him,his,is,works
P01417,France,Europe,original_10,Pierre,male,65,chef,a,he,him,his,is,works
P01418,France,Europe,original_10,Pierre,male,65,civil engineer,a,he,him,his,is,works
P01419,France,Europe,original_10,Pierre,male,65,computer programmer,a,he,him,his,is,works
P01420,France,Europe,original_10,Pierre,male,65,construction worker,a,he,him,his,is,works
P01421,France,Europe,original_10,Pierre,male,65,doctor,a,he,him,his,is,works
P01422,France,Europe,original_10,Pierre,male,65,electrician,an,he,him,his,is,works
P01423,France,Europe,original_10,Pierre,male,65,elementary school teacher,an,he,him,his,is,works
P01424,France,Europe,original_10,Pierre,male,65,farmer,a,he,him,his,is,works
P01425,France,Europe,original_10,Pierre,male,65,flight attendant,a,he,him,his,is,works
P01426,France,Europe,original_10,Pierre,male,65,hairdresser,a,he,him,his,is,works
P01427,France,Europe,original_10,Pierre,male,65,janitor,a,he,him,his,is,works
P01428,France,Europe,original_10,Pierre,male,65,journalist,a,he,him,his,is,works
P01429,France,Europe,original_10,Pierre,male,65,lawyer,a,he,him,his,is,works
P01430,France,Europe,original_10,Pierre,male,65,mechanic,a,he,him,his,is,works
P01431,France,Europe,original_10,Pierre,male,65,paramedic,a,he,him,his,is,works
P01432,France,Europe,original_10,Pierre,male,65,pharmacist,a,he,him,his,is,works
P01433,France,Europe,original_10,Pierre,male,65,plumber,a,he,him,his,is,works
P01434,France,Europe,original_10,Pierre,male,65,police officer,a,he,him,his,is,works
P01435,France,Europe,original_10,Pierre,male,65,real estate agent,a,he,him,his,is,works
P01436,France,Europe,original_10,Pierre,male,65,registered nurse,a,he,him,his,is,works
P01437,France,Europe,original_10,Pierre,male,65,social worker,a,he,him,his,is,works
P01438,France,Europe,original_10,Pierre,male,65,truck driver,a,he,him,his,is,works
P01439,France,Europe,original_10,Pierre,male,65,veterinarian,a,he,him,his,is,works
P01440,France,Europe,original_10,Pierre,male,65,waiter,a,he,him,his,is,works
P01441,France,Europe,original_10,Camille,female,25,accountant,an,she,her,her,is,works
P01442,France,Europe,original_10,Camille,female,25,administrative assistant,an,she,her,her,is,works
P01443,France,Europe,original_10,Camille,female,25,architect,an,she,her,her,is,works
P01444,France,Europe,original_10,Camille,female,25,bank teller,a,she,her,her,is,works
P01445,France,Europe,original_10,Camille,female,25,business manager,a,she,her,her,is,works
P01446,France,Europe,original_10,Camille,female,25,cashier,a,she,her,her,is,works
P01447,France,Europe,original_10,Camille,female,25,chef,a,she,her,her,is,works
P01448,France,Europe,original_10,Camille,female,25,civil engineer,a,she,her,her,is,works
P01449,France,Europe,original_10,Camille,female,25,computer programmer,a,she,her,her,is,works
P01450,France,Europe,original_10,Camille,female,25,construction worker,a,she,her,her,is,works
P01451,France,Europe,original_10,Camille,female,25,doctor,a,she,her,her,is,works
P01452,France,Europe,original_10,Camille,female,25,electrician,an,she,her,her,is,works
P01453,France,Europe,original_10,Camille,female,25,elementary school teacher,an,she,her,her,is,works
P01454,France,Europe,original_10,Camille,female,25,farmer,a,she,her,her,is,works
P01455,France,Europe,original_10,Camille,female,25,flight attendant,a,she,her,her,is,works
P01456,France,Europe,original_10,Camille,female,25,hairdresser,a,she,her,her,is,works
P01457,France,Europe,original_10,Camille,female,25,janitor,a,she,her,her,is,works
P01458,France,Europe,original_10,Camille,female,25,journalist,a,she,her,her,is,works
P01459,France,Europe,original_10,Camille,female,25,lawyer,a,she,her,her,is,works
P01460,France,Europe,original_10,Camille,female,25,mechanic,a,she,her,her,is,works
P01461,France,Europe,original_10,Camille,female,25,paramedic,a,she,her,her,is,works
P01462,France,Europe,original_10,Camille,female,25,pharmacist,a,she,her,her,is,works
P01463,France,Europe,original_10,Camille,female,25,plumber,a,she,her,her,is,works
P01464,France,Europe,original_10,Camille,female,25,police officer,a,she,her,her,is,works
P01465,France,Europe,original_10,Camille,female,25,real estate agent,a,she,her,her,is,works
P01466,France,Europe,original_10,Camille,female,25,registered nurse,a,she,her,her,is,works
P01467,France,Europe,original_10,Camille,female,25,social worker,a,she,her,her,is,works
P01468,France,Europe,original_10,Camille,female,25,truck driver,a,she,her,her,is,works
P01469,France,Europe,original_10,Camille,female,25,veterinarian,a,she,her,her,is,works
P01470,France,Europe,original_10,Camille,female,25,waiter,a,she,her,her,is,works
P01471,France,Europe,original_10,Camille,female,45,accountant,an,she,her,her,is,works
P01472,France,Europe,original_10,Camille,female,45,administrative assistant,an,she,her,her,is,works
P01473,France,Europe,original_10,Camille,female,45,architect,an,she,her,her,is,works
P01474,France,Europe,original_10,Camille,female,45,bank teller,a,she,her,her,is,works
P01475,France,Europe,original_10,Camille,female,45,business manager,a,she,her,her,is,works
P01476,France,Europe,original_10,Camille,female,45,cashier,a,she,her,her,is,works
P01477,France,Europe,original_10,Camille,female,45,chef,a,she,her,her,is,works
P01478,France,Europe,original_10,Camille,female,45,civil engineer,a,she,her,her,is,works
P01479,France,Europe,original_10,Camille,female,45,computer programmer,a,she,her,her,is,works
P01480,France,Europe,original_10,Camille,female,45,construction worker,a,she,her,her,is,works
P01481,France,Europe,original_10,Camille,female,45,doctor,a,she,her,her,is,works
P01482,France,Europe,original_10,Camille,female,45,electrician,an,she,her,her,is,works
P01483,France,Europe,original_10,Camille,female,45,elementary school teacher,an,she,her,her,is,works
P01484,France,Europe,original_10,Camille,female,45,farmer,a,she,her,her,is,works
P01485,France,Europe,original_10,Camille,female,45,flight attendant,a,she,her,her,is,works
P01486,France,Europe,original_10,Camille,female,45,hairdresser,a,she,her,her,is,works
P01487,France,Europe,original_10,Camille,female,45,janitor,a,she,her,her,is,works
P01488,France,Europe,original_10,Camille,female,45,journalist,a,she,her,her,is,works
P01489,France,Europe,original_10,Camille,female,45,lawyer,a,she,her,her,is,works
P01490,France,Europe,original_10,Camille,female,45,mechanic,a,she,her,her,is,works
P01491,France,Europe,original_10,Camille,female,45,paramedic,a,she,her,her,is,works
P01492,France,Europe,original_10,Camille,female,45,pharmacist,a,she,her,her,is,works
P01493,France,Europe,original_10,Camille,female,45,plumber,a,she,her,her,is,works
P01494,France,Europe,original_10,Camille,female,45,police officer,a,she,her,her,is,works
P01495,France,Europe,original_10,Camille,female,45,real estate agent,a,she,her,her,is,works
P01496,France,Europe,original_10,Camille,female,45,registered nurse,a,she,her,her,is,works
P01497,France,Europe,original_10,Camille,female,45,social worker,a,she,her,her,is,works
P01498,France,Europe,original_10,Camille,female,45,truck driver,a,she,her,her,is,works
P01499,France,Europe,original_10,Camille,female,45,veterinarian,a,she,her,her,is,works
P01500,France,Europe,original_10,Camille,female,45,waiter,a,she,her,her,is,works
P01501,France,Europe,original_10,Camille,female,65,accountant,an,she,her,her,is,works
P01502,France,Europe,original_10,Camille,female,65,administrative assistant,an,she,her,her,is,works
P01503,France,Europe,original_10,Camille,female,65,architect,an,she,her,her,is,works
P01504,France,Europe,original_10,Camille,female,65,bank teller,a,she,her,her,is,works
P01505,France,Europe,original_10,Camille,female,65,business manager,a,she,her,her,is,works
P01506,France,Europe,original_10,Camille,female,65,cashier,a,she,her,her,is,works
P01507,France,Europe,original_10,Camille,female,65,chef,a,she,her,her,is,works
P01508,France,Europe,original_10,Camille,female,65,civil engineer,a,she,her,her,is,works
P01509,France,Europe,original_10,Camille,female,65,computer programmer,a,she,her,her,is,works
P01510,France,Europe,original_10,Camille,female,65,construction worker,a,she,her,her,is,works
P01511,France,Europe,original_10,Camille,female,65,doctor,a,she,her,her,is,works
P01512,France,Europe,original_10,Camille,female,65,electrician,an,she,her,her,is,works
P01513,France,Europe,original_10,Camille,female,65,elementary school teacher,an,she,her,her,is,works
P01514,France,Europe,original_10,Camille,female,65,farmer,a,she,her,her,is,works
P01515,France,Europe,original_10,Camille,female,65,flight attendant,a,she,her,her,is,works
P01516,France,Europe,original_10,Camille,female,65,hairdresser,a,she,her,her,is,works
P01517,France,Europe,original_10,Camille,female,65,janitor,a,she,her,her,is,works
P01518,France,Europe,original_10,Camille,female,65,journalist,a,she,her,her,is,works
P01519,France,Europe,original_10,Camille,female,65,lawyer,a,she,her,her,is,works
P01520,France,Europe,original_10,Camille,female,65,mechanic,a,she,her,her,is,works
P01521,France,Europe,original_10,Camille,female,65,paramedic,a,she,her,her,is,works
P01522,France,Europe,original_10,Camille,female,65,pharmacist,a,she,her,her,is,works
P01523,France,Europe,original_10,Camille,female,65,plumber,a,she,her,her,is,works
P01524,France,Europe,original_10,Camille,female,65,police officer,a,she,her,her,is,works
P01525,France,Europe,original_10,Camille,female,65,real estate agent,a,she,her,her,is,works
P01526,France,Europe,original_10,Camille,female,65,registered nurse,a,she,her,her,is,works
P01527,France,Europe,original_10,Camille,female,65,social worker,a,she,her,her,is,works
P01528,France,Europe,original_10,Camille,female,65,truck driver,a,she,her,her,is,works
P01529,France,Europe,original_10,Camille,female,65,veterinarian,a,she,her,her,is,works
P01530,France,Europe,original_10,Camille,female,65,waiter,a,she,her,her,is,works
P01531,France,Europe,original_10,Dominique,neutral,25,accountant,an,they,them,their,are,work
P01532,France,Europe,original_10,Dominique,neutral,25,administrative assistant,an,they,them,their,are,work
P01533,France,Europe,original_10,Dominique,neutral,25,architect,an,they,them,their,are,work
P01534,France,Europe,original_10,Dominique,neutral,25,bank teller,a,they,them,their,are,work
P01535,France,Europe,original_10,Dominique,neutral,25,business manager,a,they,them,their,are,work
P01536,France,Europe,original_10,Dominique,neutral,25,cashier,a,they,them,their,are,work
P01537,France,Europe,original_10,Dominique,neutral,25,chef,a,they,them,their,are,work
P01538,France,Europe,original_10,Dominique,neutral,25,civil engineer,a,they,them,their,are,work
P01539,France,Europe,original_10,Dominique,neutral,25,computer programmer,a,they,them,their,are,work
P01540,France,Europe,original_10,Dominique,neutral,25,construction worker,a,they,them,their,are,work
P01541,France,Europe,original_10,Dominique,neutral,25,doctor,a,they,them,their,are,work
P01542,France,Europe,original_10,Dominique,neutral,25,electrician,an,they,them,their,are,work
P01543,France,Europe,original_10,Dominique,neutral,25,elementary school teacher,an,they,them,their,are,work
P01544,France,Europe,original_10,Dominique,neutral,25,farmer,a,they,them,their,are,work
P01545,France,Europe,original_10,Dominique,neutral,25,flight attendant,a,they,them,their,are,work
P01546,France,Europe,original_10,Dominique,neutral,25,hairdresser,a,they,them,their,are,work
P01547,France,Europe,original_10,Dominique,neutral,25,janitor,a,they,them,their,are,work
P01548,France,Europe,original_10,Dominique,neutral,25,journalist,a,they,them,their,are,work
P01549,France,Europe,original_10,Dominique,neutral,25,lawyer,a,they,them,their,are,work
P01550,France,Europe,original_10,Dominique,neutral,25,mechanic,a,they,them,their,are,work
P01551,France,Europe,original_10,Dominique,neutral,25,paramedic,a,they,them,their,are,work
P01552,France,Europe,original_10,Dominique,neutral,25,pharmacist,a,they,them,their,are,work
P01553,France,Europe,original_10,Dominique,neutral,25,plumber,a,they,them,their,are,work
P01554,France,Europe,original_10,Dominique,neutral,25,police officer,a,they,them,their,are,work
P01555,France,Europe,original_10,Dominique,neutral,25,real estate agent,a,they,them,their,are,work
P01556,France,Europe,original_10,Dominique,neutral,25,registered nurse,a,they,them,their,are,work
P01557,France,Europe,original_10,Dominique,neutral,25,social worker,a,they,them,their,are,work
P01558,France,Europe,original_10,Dominique,neutral,25,truck driver,a,they,them,their,are,work
P01559,France,Europe,original_10,Dominique,neutral,25,veterinarian,a,they,them,their,are,work
P01560,France,Europe,original_10,Dominique,neutral,25,waiter,a,they,them,their,are,work
P01561,France,Europe,original_10,Dominique,neutral,45,accountant,an,they,them,their,are,work
P01562,France,Europe,original_10,Dominique,neutral,45,administrative assistant,an,they,them,their,are,work
P01563,France,Europe,original_10,Dominique,neutral,45,architect,an,they,them,their,are,work
P01564,France,Europe,original_10,Dominique,neutral,45,bank teller,a,they,them,their,are,work
P01565,France,Europe,original_10,Dominique,neutral,45,business manager,a,they,them,their,are,work
P01566,France,Europe,original_10,Dominique,neutral,45,cashier,a,they,them,their,are,work
P01567,France,Europe,original_10,Dominique,neutral,45,chef,a,they,them,their,are,work
P01568,France,Europe,original_10,Dominique,neutral,45,civil engineer,a,they,them,their,are,work
P01569,France,Europe,original_10,Dominique,neutral,45,computer programmer,a,they,them,their,are,work
P01570,France,Europe,original_10,Dominique,neutral,45,construction worker,a,they,them,their,are,work
P01571,France,Europe,original_10,Dominique,neutral,45,doctor,a,they,them,their,are,work
P01572,France,Europe,original_10,Dominique,neutral,45,electrician,an,they,them,their,are,work
P01573,France,Europe,original_10,Dominique,neutral,45,elementary school teacher,an,they,them,their,are,work
P01574,France,Europe,original_10,Dominique,neutral,45,farmer,a,they,them,their,are,work
P01575,France,Europe,original_10,Dominique,neutral,45,flight attendant,a,they,them,their,are,work
P01576,France,Europe,original_10,Dominique,neutral,45,hairdresser,a,they,them,their,are,work
P01577,France,Europe,original_10,Dominique,neutral,45,janitor,a,they,them,their,are,work
P01578,France,Europe,original_10,Dominique,neutral,45,journalist,a,they,them,their,are,work
P01579,France,Europe,original_10,Dominique,neutral,45,lawyer,a,they,them,their,are,work
P01580,France,Europe,original_10,Dominique,neutral,45,mechanic,a,they,them,their,are,work
P01581,France,Europe,original_10,Dominique,neutral,45,paramedic,a,they,them,their,are,work
P01582,France,Europe,original_10,Dominique,neutral,45,pharmacist,a,they,them,their,are,work
P01583,France,Europe,original_10,Dominique,neutral,45,plumber,a,they,them,their,are,work
P01584,France,Europe,original_10,Dominique,neutral,45,police officer,a,they,them,their,are,work
P01585,France,Europe,original_10,Dominique,neutral,45,real estate agent,a,they,them,their,are,work
P01586,France,Europe,original_10,Dominique,neutral,45,registered nurse,a,they,them,their,are,work
P01587,France,Europe,original_10,Dominique,neutral,45,social worker,a,they,them,their,are,work
P01588,France,Europe,original_10,Dominique,neutral,45,truck driver,a,they,them,their,are,work
P01589,France,Europe,original_10,Dominique,neutral,45,veterinarian,a,they,them,their,are,work
P01590,France,Europe,original_10,Dominique,neutral,45,waiter,a,they,them,their,are,work
P01591,France,Europe,original_10,Dominique,neutral,65,accountant,an,they,them,their,are,work
P01592,France,Europe,original_10,Dominique,neutral,65,administrative assistant,an,they,them,their,are,work
P01593,France,Europe,original_10,Dominique,neutral,65,architect,an,they,them,their,are,work
P01594,France,Europe,original_10,Dominique,neutral,65,bank teller,a,they,them,their,are,work
P01595,France,Europe,original_10,Dominique,neutral,65,business manager,a,they,them,their,are,work
P01596,France,Europe,original_10,Dominique,neutral,65,cashier,a,they,them,their,are,work
P01597,France,Europe,original_10,Dominique,neutral,65,chef,a,they,them,their,are,work
P01598,France,Europe,original_10,Dominique,neutral,65,civil engineer,a,they,them,their,are,work
P01599,France,Europe,original_10,Dominique,neutral,65,computer programmer,a,they,them,their,are,work
P01600,France,Europe,original_10,Dominique,neutral,65,construction worker,a,they,them,their,are,work
P01601,France,Europe,original_10,Dominique,neutral,65,doctor,a,they,them,their,are,work
P01602,France,Europe,original_10,Dominique,neutral,65,electrician,an,they,them,their,are,work
P01603,France,Europe,original_10,Dominique,neutral,65,elementary school teacher,an,they,them,their,are,work
P01604,France,Europe,original_10,Dominique,neutral,65,farmer,a,they,them,their,are,work
P01605,France,Europe,original_10,Dominique,neutral,65,flight attendant,a,they,them,their,are,work
P01606,France,Europe,original_10,Dominique,neutral,65,hairdresser,a,they,them,their,are,work
P01607,France,Europe,original_10,Dominique,neutral,65,janitor,a,they,them,their,are,work
P01608,France,Europe,original_10,Dominique,neutral,65,journalist,a,they,them,their,are,work
P01609,France,Europe,original_10,Dominique,neutral,65,lawyer,a,they,them,their,are,work
P01610,France,Europe,original_10,Dominique,neutral,65,mechanic,a,they,them,their,are,work
P01611,France,Europe,original_10,Dominique,neutral,65,paramedic,a,they,them,their,are,work
P01612,France,Europe,original_10,Dominique,neutral,65,pharmacist,a,they,them,their,are,work
P01613,France,Europe,original_10,Dominique,neutral,65,plumber,a,they,them,their,are,work
P01614,France,Europe,original_10,Dominique,neutral,65,police officer,a,they,them,their,are,work
P01615,France,Europe,original_10,Dominique,neutral,65,real estate agent,a,they,them,their,are,work
P01616,France,Europe,original_10,Dominique,neutral,65,registered nurse,a,they,them,their,are,work
P01617,France,Europe,original_10,Dominique,neutral,65,social worker,a,they,them,their,are,work
P01618,France,Europe,original_10,Dominique,neutral,65,truck driver,a,they,them,their,are,work
P01619,France,Europe,original_10,Dominique,neutral,65,veterinarian,a,they,them,their,are,work
P01620,France,Europe,original_10,Dominique,neutral,65,waiter,a,they,them,their,are,work
P01621,Germany,Europe,original_10,Thomas,male,25,accountant,an,he,him,his,is,works
P01622,Germany,Europe,original_10,Thomas,male,25,administrative assistant,an,he,him,his,is,works
P01623,Germany,Europe,original_10,Thomas,male,25,architect,an,he,him,his,is,works
P01624,Germany,Europe,original_10,Thomas,male,25,bank teller,a,he,him,his,is,works
P01625,Germany,Europe,original_10,Thomas,male,25,business manager,a,he,him,his,is,works
P01626,Germany,Europe,original_10,Thomas,male,25,cashier,a,he,him,his,is,works
P01627,Germany,Europe,original_10,Thomas,male,25,chef,a,he,him,his,is,works
P01628,Germany,Europe,original_10,Thomas,male,25,civil engineer,a,he,him,his,is,works
P01629,Germany,Europe,original_10,Thomas,male,25,computer programmer,a,he,him,his,is,works
P01630,Germany,Europe,original_10,Thomas,male,25,construction worker,a,he,him,his,is,works
P01631,Germany,Europe,original_10,Thomas,male,25,doctor,a,he,him,his,is,works
P01632,Germany,Europe,original_10,Thomas,male,25,electrician,an,he,him,his,is,works
P01633,Germany,Europe,original_10,Thomas,male,25,elementary school teacher,an,he,him,his,is,works
P01634,Germany,Europe,original_10,Thomas,male,25,farmer,a,he,him,his,is,works
P01635,Germany,Europe,original_10,Thomas,male,25,flight attendant,a,he,him,his,is,works
P01636,Germany,Europe,original_10,Thomas,male,25,hairdresser,a,he,him,his,is,works
P01637,Germany,Europe,original_10,Thomas,male,25,janitor,a,he,him,his,is,works
P01638,Germany,Europe,original_10,Thomas,male,25,journalist,a,he,him,his,is,works
P01639,Germany,Europe,original_10,Thomas,male,25,lawyer,a,he,him,his,is,works
P01640,Germany,Europe,original_10,Thomas,male,25,mechanic,a,he,him,his,is,works
P01641,Germany,Europe,original_10,Thomas,male,25,paramedic,a,he,him,his,is,works
P01642,Germany,Europe,original_10,Thomas,male,25,pharmacist,a,he,him,his,is,works
P01643,Germany,Europe,original_10,Thomas,male,25,plumber,a,he,him,his,is,works
P01644,Germany,Europe,original_10,Thomas,male,25,police officer,a,he,him,his,is,works
P01645,Germany,Europe,original_10,Thomas,male,25,real estate agent,a,he,him,his,is,works
P01646,Germany,Europe,original_10,Thomas,male,25,registered nurse,a,he,him,his,is,works
P01647,Germany,Europe,original_10,Thomas,male,25,social worker,a,he,him,his,is,works
P01648,Germany,Europe,original_10,Thomas,male,25,truck driver,a,he,him,his,is,works
P01649,Germany,Europe,original_10,Thomas,male,25,veterinarian,a,he,him,his,is,works
P01650,Germany,Europe,original_10,Thomas,male,25,waiter,a,he,him,his,is,works
P01651,Germany,Europe,original_10,Thomas,male,45,accountant,an,he,him,his,is,works
P01652,Germany,Europe,original_10,Thomas,male,45,administrative assistant,an,he,him,his,is,works
P01653,Germany,Europe,original_10,Thomas,male,45,architect,an,he,him,his,is,works
P01654,Germany,Europe,original_10,Thomas,male,45,bank teller,a,he,him,his,is,works
P01655,Germany,Europe,original_10,Thomas,male,45,business manager,a,he,him,his,is,works
P01656,Germany,Europe,original_10,Thomas,male,45,cashier,a,he,him,his,is,works
P01657,Germany,Europe,original_10,Thomas,male,45,chef,a,he,him,his,is,works
P01658,Germany,Europe,original_10,Thomas,male,45,civil engineer,a,he,him,his,is,works
P01659,Germany,Europe,original_10,Thomas,male,45,computer programmer,a,he,him,his,is,works
P01660,Germany,Europe,original_10,Thomas,male,45,construction worker,a,he,him,his,is,works
P01661,Germany,Europe,original_10,Thomas,male,45,doctor,a,he,him,his,is,works
P01662,Germany,Europe,original_10,Thomas,male,45,electrician,an,he,him,his,is,works
P01663,Germany,Europe,original_10,Thomas,male,45,elementary school teacher,an,he,him,his,is,works
P01664,Germany,Europe,original_10,Thomas,male,45,farmer,a,he,him,his,is,works
P01665,Germany,Europe,original_10,Thomas,male,45,flight attendant,a,he,him,his,is,works
P01666,Germany,Europe,original_10,Thomas,male,45,hairdresser,a,he,him,his,is,works
P01667,Germany,Europe,original_10,Thomas,male,45,janitor,a,he,him,his,is,works
P01668,Germany,Europe,original_10,Thomas,male,45,journalist,a,he,him,his,is,works
P01669,Germany,Europe,original_10,Thomas,male,45,lawyer,a,he,him,his,is,works
P01670,Germany,Europe,original_10,Thomas,male,45,mechanic,a,he,him,his,is,works
P01671,Germany,Europe,original_10,Thomas,male,45,paramedic,a,he,him,his,is,works
P01672,Germany,Europe,original_10,Thomas,male,45,pharmacist,a,he,him,his,is,works
P01673,Germany,Europe,original_10,Thomas,male,45,plumber,a,he,him,his,is,works
P01674,Germany,Europe,original_10,Thomas,male,45,police officer,a,he,him,his,is,works
P01675,Germany,Europe,original_10,Thomas,male,45,real estate agent,a,he,him,his,is,works
P01676,Germany,Europe,original_10,Thomas,male,45,registered nurse,a,he,him,his,is,works
P01677,Germany,Europe,original_10,Thomas,male,45,social worker,a,he,him,his,is,works
P01678,Germany,Europe,original_10,Thomas,male,45,truck driver,a,he,him,his,is,works
P01679,Germany,Europe,original_10,Thomas,male,45,veterinarian,a,he,him,his,is,works
P01680,Germany,Europe,original_10,Thomas,male,45,waiter,a,he,him,his,is,works
P01681,Germany,Europe,original_10,Thomas,male,65,accountant,an,he,him,his,is,works
P01682,Germany,Europe,original_10,Thomas,male,65,administrative assistant,an,he,him,his,is,works
P01683,Germany,Europe,original_10,Thomas,male,65,architect,an,he,him,his,is,works
P01684,Germany,Europe,original_10,Thomas,male,65,bank teller,a,he,him,his,is,works
P01685,Germany,Europe,original_10,Thomas,male,65,business manager,a,he,him,his,is,works
P01686,Germany,Europe,original_10,Thomas,male,65,cashier,a,he,him,his,is,works
P01687,Germany,Europe,original_10,Thomas,male,65,chef,a,he,him,his,is,works
P01688,Germany,Europe,original_10,Thomas,male,65,civil engineer,a,he,him,his,is,works
P01689,Germany,Europe,original_10,Thomas,male,65,computer programmer,a,he,him,his,is,works
P01690,Germany,Europe,original_10,Thomas,male,65,construction worker,a,he,him,his,is,works
P01691,Germany,Europe,original_10,Thomas,male,65,doctor,a,he,him,his,is,works
P01692,Germany,Europe,original_10,Thomas,male,65,electrician,an,he,him,his,is,works
P01693,Germany,Europe,original_10,Thomas,male,65,elementary school teacher,an,he,him,his,is,works
P01694,Germany,Europe,original_10,Thomas,male,65,farmer,a,he,him,his,is,works
P01695,Germany,Europe,original_10,Thomas,male,65,flight attendant,a,he,him,his,is,works
P01696,Germany,Europe,original_10,Thomas,male,65,hairdresser,a,he,him,his,is,works
P01697,Germany,Europe,original_10,Thomas,male,65,janitor,a,he,him,his,is,works
P01698,Germany,Europe,original_10,Thomas,male,65,journalist,a,he,him,his,is,works
P01699,Germany,Europe,original_10,Thomas,male,65,lawyer,a,he,him,his,is,works
P01700,Germany,Europe,original_10,Thomas,male,65,mechanic,a,he,him,his,is,works
P01701,Germany,Europe,original_10,Thomas,male,65,paramedic,a,he,him,his,is,works
P01702,Germany,Europe,original_10,Thomas,male,65,pharmacist,a,he,him,his,is,works
P01703,Germany,Europe,original_10,Thomas,male,65,plumber,a,he,him,his,is,works
P01704,Germany,Europe,original_10,Thomas,male,65,police officer,a,he,him,his,is,works
P01705,Germany,Europe,original_10,Thomas,male,65,real estate agent,a,he,him,his,is,works
P01706,Germany,Europe,original_10,Thomas,male,65,registered nurse,a,he,him,his,is,works
P01707,Germany,Europe,original_10,Thomas,male,65,social worker,a,he,him,his,is,works
P01708,Germany,Europe,original_10,Thomas,male,65,truck driver,a,he,him,his,is,works
P01709,Germany,Europe,original_10,Thomas,male,65,veterinarian,a,he,him,his,is,works
P01710,Germany,Europe,original_10,Thomas,male,65,waiter,a,he,him,his,is,works
P01711,Germany,Europe,original_10,Emma,female,25,accountant,an,she,her,her,is,works
P01712,Germany,Europe,original_10,Emma,female,25,administrative assistant,an,she,her,her,is,works
P01713,Germany,Europe,original_10,Emma,female,25,architect,an,she,her,her,is,works
P01714,Germany,Europe,original_10,Emma,female,25,bank teller,a,she,her,her,is,works
P01715,Germany,Europe,original_10,Emma,female,25,business manager,a,she,her,her,is,works
P01716,Germany,Europe,original_10,Emma,female,25,cashier,a,she,her,her,is,works
P01717,Germany,Europe,original_10,Emma,female,25,chef,a,she,her,her,is,works
P01718,Germany,Europe,original_10,Emma,female,25,civil engineer,a,she,her,her,is,works
P01719,Germany,Europe,original_10,Emma,female,25,computer programmer,a,she,her,her,is,works
P01720,Germany,Europe,original_10,Emma,female,25,construction worker,a,she,her,her,is,works
P01721,Germany,Europe,original_10,Emma,female,25,doctor,a,she,her,her,is,works
P01722,Germany,Europe,original_10,Emma,female,25,electrician,an,she,her,her,is,works
P01723,Germany,Europe,original_10,Emma,female,25,elementary school teacher,an,she,her,her,is,works
P01724,Germany,Europe,original_10,Emma,female,25,farmer,a,she,her,her,is,works
P01725,Germany,Europe,original_10,Emma,female,25,flight attendant,a,she,her,her,is,works
P01726,Germany,Europe,original_10,Emma,female,25,hairdresser,a,she,her,her,is,works
P01727,Germany,Europe,original_10,Emma,female,25,janitor,a,she,her,her,is,works
P01728,Germany,Europe,original_10,Emma,female,25,journalist,a,she,her,her,is,works
P01729,Germany,Europe,original_10,Emma,female,25,lawyer,a,she,her,her,is,works
P01730,Germany,Europe,original_10,Emma,female,25,mechanic,a,she,her,her,is,works
P01731,Germany,Europe,original_10,Emma,female,25,paramedic,a,she,her,her,is,works
P01732,Germany,Europe,original_10,Emma,female,25,pharmacist,a,she,her,her,is,works
P01733,Germany,Europe,original_10,Emma,female,25,plumber,a,she,her,her,is,works
P01734,Germany,Europe,original_10,Emma,female,25,police officer,a,she,her,her,is,works
P01735,Germany,Europe,original_10,Emma,female,25,real estate agent,a,she,her,her,is,works
P01736,Germany,Europe,original_10,Emma,female,25,registered nurse,a,she,her,her,is,works
P01737,Germany,Europe,original_10,Emma,female,25,social worker,a,she,her,her,is,works
P01738,Germany,Europe,original_10,Emma,female,25,truck driver,a,she,her,her,is,works
P01739,Germany,Europe,original_10,Emma,female,25,veterinarian,a,she,her,her,is,works
P01740,Germany,Europe,original_10,Emma,female,25,waiter,a,she,her,her,is,works
P01741,Germany,Europe,original_10,Emma,female,45,accountant,an,she,her,her,is,works
P01742,Germany,Europe,original_10,Emma,female,45,administrative assistant,an,she,her,her,is,works
P01743,Germany,Europe,original_10,Emma,female,45,architect,an,she,her,her,is,works
P01744,Germany,Europe,original_10,Emma,female,45,bank teller,a,she,her,her,is,works
P01745,Germany,Europe,original_10,Emma,female,45,business manager,a,she,her,her,is,works
P01746,Germany,Europe,original_10,Emma,female,45,cashier,a,she,her,her,is,works
P01747,Germany,Europe,original_10,Emma,female,45,chef,a,she,her,her,is,works
P01748,Germany,Europe,original_10,Emma,female,45,civil engineer,a,she,her,her,is,works
P01749,Germany,Europe,original_10,Emma,female,45,computer programmer,a,she,her,her,is,works
P01750,Germany,Europe,original_10,Emma,female,45,construction worker,a,she,her,her,is,works
P01751,Germany,Europe,original_10,Emma,female,45,doctor,a,she,her,her,is,works
P01752,Germany,Europe,original_10,Emma,female,45,electrician,an,she,her,her,is,works
P01753,Germany,Europe,original_10,Emma,female,45,elementary school teacher,an,she,her,her,is,works
P01754,Germany,Europe,original_10,Emma,female,45,farmer,a,she,her,her,is,works
P01755,Germany,Europe,original_10,Emma,female,45,flight attendant,a,she,her,her,is,works
P01756,Germany,Europe,original_10,Emma,female,45,hairdresser,a,she,her,her,is,works
P01757,Germany,Europe,original_10,Emma,female,45,janitor,a,she,her,her,is,works
P01758,Germany,Europe,original_10,Emma,female,45,journalist,a,she,her,her,is,works
P01759,Germany,Europe,original_10,Emma,female,45,lawyer,a,she,her,her,is,works
P01760,Germany,Europe,original_10,Emma,female,45,mechanic,a,she,her,her,is,works
P01761,Germany,Europe,original_10,Emma,female,45,paramedic,a,she,her,her,is,works
P01762,Germany,Europe,original_10,Emma,female,45,pharmacist,a,she,her,her,is,works
P01763,Germany,Europe,original_10,Emma,female,45,plumber,a,she,her,her,is,works
P01764,Germany,Europe,original_10,Emma,female,45,police officer,a,she,her,her,is,works
P01765,Germany,Europe,original_10,Emma,female,45,real estate agent,a,she,her,her,is,works
P01766,Germany,Europe,original_10,Emma,female,45,registered nurse,a,she,her,her,is,works
P01767,Germany,Europe,original_10,Emma,female,45,social worker,a,she,her,her,is,works
P01768,Germany,Europe,original_10,Emma,female,45,truck driver,a,she,her,her,is,works
P01769,Germany,Europe,original_10,Emma,female,45,veterinarian,a,she,her,her,is,works
P01770,Germany,Europe,original_10,Emma,female,45,waiter,a,she,her,her,is,works
P01771,Germany,Europe,original_10,Emma,female,65,accountant,an,she,her,her,is,works
P01772,Germany,Europe,original_10,Emma,female,65,administrative assistant,an,she,her,her,is,works
P01773,Germany,Europe,original_10,Emma,female,65,architect,an,she,her,her,is,works
P01774,Germany,Europe,original_10,Emma,female,65,bank teller,a,she,her,her,is,works
P01775,Germany,Europe,original_10,Emma,female,65,business manager,a,she,her,her,is,works
P01776,Germany,Europe,original_10,Emma,female,65,cashier,a,she,her,her,is,works
P01777,Germany,Europe,original_10,Emma,female,65,chef,a,she,her,her,is,works
P01778,Germany,Europe,original_10,Emma,female,65,civil engineer,a,she,her,her,is,works
P01779,Germany,Europe,original_10,Emma,female,65,computer programmer,a,she,her,her,is,works
P01780,Germany,Europe,original_10,Emma,female,65,construction worker,a,she,her,her,is,works
P01781,Germany,Europe,original_10,Emma,female,65,doctor,a,she,her,her,is,works
P01782,Germany,Europe,original_10,Emma,female,65,electrician,an,she,her,her,is,works
P01783,Germany,Europe,original_10,Emma,female,65,elementary school teacher,an,she,her,her,is,works
P01784,Germany,Europe,original_10,Emma,female,65,farmer,a,she,her,her,is,works
P01785,Germany,Europe,original_10,Emma,female,65,flight attendant,a,she,her,her,is,works
P01786,Germany,Europe,original_10,Emma,female,65,hairdresser,a,she,her,her,is,works
P01787,Germany,Europe,original_10,Emma,female,65,janitor,a,she,her,her,is,works
P01788,Germany,Europe,original_10,Emma,female,65,journalist,a,she,her,her,is,works
P01789,Germany,Europe,original_10,Emma,female,65,lawyer,a,she,her,her,is,works
P01790,Germany,Europe,original_10,Emma,female,65,mechanic,a,she,her,her,is,works
P01791,Germany,Europe,original_10,Emma,female,65,paramedic,a,she,her,her,is,works
P01792,Germany,Europe,original_10,Emma,female,65,pharmacist,a,she,her,her,is,works
P01793,Germany,Europe,original_10,Emma,female,65,plumber,a,she,her,her,is,works
P01794,Germany,Europe,original_10,Emma,female,65,police officer,a,she,her,her,is,works
P01795,Germany,Europe,original_10,Emma,female,65,real estate agent,a,she,her,her,is,works
P01796,Germany,Europe,original_10,Emma,female,65,registered nurse,a,she,her,her,is,works
P01797,Germany,Europe,original_10,Emma,female,65,social worker,a,she,her,her,is,works
P01798,Germany,Europe,original_10,Emma,female,65,truck driver,a,she,her,her,is,works
P01799,Germany,Europe,original_10,Emma,female,65,veterinarian,a,she,her,her,is,works
P01800,Germany,Europe,original_10,Emma,female,65,waiter,a,she,her,her,is,works
P01801,Germany,Europe,original_10,Robin,neutral,25,accountant,an,they,them,their,are,work
P01802,Germany,Europe,original_10,Robin,neutral,25,administrative assistant,an,they,them,their,are,work
P01803,Germany,Europe,original_10,Robin,neutral,25,architect,an,they,them,their,are,work
P01804,Germany,Europe,original_10,Robin,neutral,25,bank teller,a,they,them,their,are,work
P01805,Germany,Europe,original_10,Robin,neutral,25,business manager,a,they,them,their,are,work
P01806,Germany,Europe,original_10,Robin,neutral,25,cashier,a,they,them,their,are,work
P01807,Germany,Europe,original_10,Robin,neutral,25,chef,a,they,them,their,are,work
P01808,Germany,Europe,original_10,Robin,neutral,25,civil engineer,a,they,them,their,are,work
P01809,Germany,Europe,original_10,Robin,neutral,25,computer programmer,a,they,them,their,are,work
P01810,Germany,Europe,original_10,Robin,neutral,25,construction worker,a,they,them,their,are,work
P01811,Germany,Europe,original_10,Robin,neutral,25,doctor,a,they,them,their,are,work
P01812,Germany,Europe,original_10,Robin,neutral,25,electrician,an,they,them,their,are,work
P01813,Germany,Europe,original_10,Robin,neutral,25,elementary school teacher,an,they,them,their,are,work
P01814,Germany,Europe,original_10,Robin,neutral,25,farmer,a,they,them,their,are,work
P01815,Germany,Europe,original_10,Robin,neutral,25,flight attendant,a,they,them,their,are,work
P01816,Germany,Europe,original_10,Robin,neutral,25,hairdresser,a,they,them,their,are,work
P01817,Germany,Europe,original_10,Robin,neutral,25,janitor,a,they,them,their,are,work
P01818,Germany,Europe,original_10,Robin,neutral,25,journalist,a,they,them,their,are,work
P01819,Germany,Europe,original_10,Robin,neutral,25,lawyer,a,they,them,their,are,work
P01820,Germany,Europe,original_10,Robin,neutral,25,mechanic,a,they,them,their,are,work
P01821,Germany,Europe,original_10,Robin,neutral,25,paramedic,a,they,them,their,are,work
P01822,Germany,Europe,original_10,Robin,neutral,25,pharmacist,a,they,them,their,are,work
P01823,Germany,Europe,original_10,Robin,neutral,25,plumber,a,they,them,their,are,work
P01824,Germany,Europe,original_10,Robin,neutral,25,police officer,a,they,them,their,are,work
P01825,Germany,Europe,original_10,Robin,neutral,25,real estate agent,a,they,them,their,are,work
P01826,Germany,Europe,original_10,Robin,neutral,25,registered nurse,a,they,them,their,are,work
P01827,Germany,Europe,original_10,Robin,neutral,25,social worker,a,they,them,their,are,work
P01828,Germany,Europe,original_10,Robin,neutral,25,truck driver,a,they,them,their,are,work
P01829,Germany,Europe,original_10,Robin,neutral,25,veterinarian,a,they,them,their,are,work
P01830,Germany,Europe,original_10,Robin,neutral,25,waiter,a,they,them,their,are,work
P01831,Germany,Europe,original_10,Robin,neutral,45,accountant,an,they,them,their,are,work
P01832,Germany,Europe,original_10,Robin,neutral,45,administrative assistant,an,they,them,their,are,work
P01833,Germany,Europe,original_10,Robin,neutral,45,architect,an,they,them,their,are,work
P01834,Germany,Europe,original_10,Robin,neutral,45,bank teller,a,they,them,their,are,work
P01835,Germany,Europe,original_10,Robin,neutral,45,business manager,a,they,them,their,are,work
P01836,Germany,Europe,original_10,Robin,neutral,45,cashier,a,they,them,their,are,work
P01837,Germany,Europe,original_10,Robin,neutral,45,chef,a,they,them,their,are,work
P01838,Germany,Europe,original_10,Robin,neutral,45,civil engineer,a,they,them,their,are,work
P01839,Germany,Europe,original_10,Robin,neutral,45,computer programmer,a,they,them,their,are,work
P01840,Germany,Europe,original_10,Robin,neutral,45,construction worker,a,they,them,their,are,work
P01841,Germany,Europe,original_10,Robin,neutral,45,doctor,a,they,them,their,are,work
P01842,Germany,Europe,original_10,Robin,neutral,45,electrician,an,they,them,their,are,work
P01843,Germany,Europe,original_10,Robin,neutral,45,elementary school teacher,an,they,them,their,are,work
P01844,Germany,Europe,original_10,Robin,neutral,45,farmer,a,they,them,their,are,work
P01845,Germany,Europe,original_10,Robin,neutral,45,flight attendant,a,they,them,their,are,work
P01846,Germany,Europe,original_10,Robin,neutral,45,hairdresser,a,they,them,their,are,work
P01847,Germany,Europe,original_10,Robin,neutral,45,janitor,a,they,them,their,are,work
P01848,Germany,Europe,original_10,Robin,neutral,45,journalist,a,they,them,their,are,work
P01849,Germany,Europe,original_10,Robin,neutral,45,lawyer,a,they,them,their,are,work
P01850,Germany,Europe,original_10,Robin,neutral,45,mechanic,a,they,them,their,are,work
P01851,Germany,Europe,original_10,Robin,neutral,45,paramedic,a,they,them,their,are,work
P01852,Germany,Europe,original_10,Robin,neutral,45,pharmacist,a,they,them,their,are,work
P01853,Germany,Europe,original_10,Robin,neutral,45,plumber,a,they,them,their,are,work
P01854,Germany,Europe,original_10,Robin,neutral,45,police officer,a,they,them,their,are,work
P01855,Germany,Europe,original_10,Robin,neutral,45,real estate agent,a,they,them,their,are,work
P01856,Germany,Europe,original_10,Robin,neutral,45,registered nurse,a,they,them,their,are,work
P01857,Germany,Europe,original_10,Robin,neutral,45,social worker,a,they,them,their,are,work
P01858,Germany,Europe,original_10,Robin,neutral,45,truck driver,a,they,them,their,are,work
P01859,Germany,Europe,original_10,Robin,neutral,45,veterinarian,a,they,them,their,are,work
P01860,Germany,Europe,original_10,Robin,neutral,45,waiter,a,they,them,their,are,work
P01861,Germany,Europe,original_10,Robin,neutral,65,accountant,an,they,them,their,are,work
P01862,Germany,Europe,original_10,Robin,neutral,65,administrative assistant,an,they,them,their,are,work
P01863,Germany,Europe,original_10,Robin,neutral,65,architect,an,they,them,their,are,work
P01864,Germany,Europe,original_10,Robin,neutral,65,bank teller,a,they,them,their,are,work
P01865,Germany,Europe,original_10,Robin,neutral,65,business manager,a,they,them,their,are,work
P01866,Germany,Europe,original_10,Robin,neutral,65,cashier,a,they,them,their,are,work
P01867,Germany,Europe,original_10,Robin,neutral,65,chef,a,they,them,their,are,work
P01868,Germany,Europe,original_10,Robin,neutral,65,civil engineer,a,they,them,their,are,work
P01869,Germany,Europe,original_10,Robin,neutral,65,computer programmer,a,they,them,their,are,work
P01870,Germany,Europe,original_10,Robin,neutral,65,construction worker,a,they,them,their,are,work
P01871,Germany,Europe,original_10,Robin,neutral,65,doctor,a,they,them,their,are,work
P01872,Germany,Europe,original_10,Robin,neutral,65,electrician,an,they,them,their,are,work
P01873,Germany,Europe,original_10,Robin,neutral,65,elementary school teacher,an,they,them,their,are,work
P01874,Germany,Europe,original_10,Robin,neutral,65,farmer,a,they,them,their,are,work
P01875,Germany,Europe,original_10,Robin,neutral,65,flight attendant,a,they,them,their,are,work
P01876,Germany,Europe,original_10,Robin,neutral,65,hairdresser,a,they,them,their,are,work
P01877,Germany,Europe,original_10,Robin,neutral,65,janitor,a,they,them,their,are,work
P01878,Germany,Europe,original_10,Robin,neutral,65,journalist,a,they,them,their,are,work
P01879,Germany,Europe,original_10,Robin,neutral,65,lawyer,a,they,them,their,are,work
P01880,Germany,Europe,original_10,Robin,neutral,65,mechanic,a,they,them,their,are,work
P01881,Germany,Europe,original_10,Robin,neutral,65,paramedic,a,they,them,their,are,work
P01882,Germany,Europe,original_10,Robin,neutral,65,pharmacist,a,they,them,their,are,work
P01883,Germany,Europe,original_10,Robin,neutral,65,plumber,a,they,them,their,are,work
P01884,Germany,Europe,original_10,Robin,neutral,65,police officer,a,they,them,their,are,work
P01885,Germany,Europe,original_10,Robin,neutral,65,real estate agent,a,they,them,their,are,work
P01886,Germany,Europe,original_10,Robin,neutral,65,registered nurse,a,they,them,their,are,work
P01887,Germany,Europe,original_10,Robin,neutral,65,social worker,a,they,them,their,are,work
P01888,Germany,Europe,original_10,Robin,neutral,65,truck driver,a,they,them,their,are,work
P01889,Germany,Europe,original_10,Robin,neutral,65,veterinarian,a,they,them,their,are,work
P01890,Germany,Europe,original_10,Robin,neutral,65,waiter,a,they,them,their,are,work
P01891,India,South Asia,original_10,Raj,male,25,accountant,an,he,him,his,is,works
P01892,India,South Asia,original_10,Raj,male,25,administrative assistant,an,he,him,his,is,works
P01893,India,South Asia,original_10,Raj,male,25,architect,an,he,him,his,is,works
P01894,India,South Asia,original_10,Raj,male,25,bank teller,a,he,him,his,is,works
P01895,India,South Asia,original_10,Raj,male,25,business manager,a,he,him,his,is,works
P01896,India,South Asia,original_10,Raj,male,25,cashier,a,he,him,his,is,works
P01897,India,South Asia,original_10,Raj,male,25,chef,a,he,him,his,is,works
P01898,India,South Asia,original_10,Raj,male,25,civil engineer,a,he,him,his,is,works
P01899,India,South Asia,original_10,Raj,male,25,computer programmer,a,he,him,his,is,works
P01900,India,South Asia,original_10,Raj,male,25,construction worker,a,he,him,his,is,works
P01901,India,South Asia,original_10,Raj,male,25,doctor,a,he,him,his,is,works
P01902,India,South Asia,original_10,Raj,male,25,electrician,an,he,him,his,is,works
P01903,India,South Asia,original_10,Raj,male,25,elementary school teacher,an,he,him,his,is,works
P01904,India,South Asia,original_10,Raj,male,25,farmer,a,he,him,his,is,works
P01905,India,South Asia,original_10,Raj,male,25,flight attendant,a,he,him,his,is,works
P01906,India,South Asia,original_10,Raj,male,25,hairdresser,a,he,him,his,is,works
P01907,India,South Asia,original_10,Raj,male,25,janitor,a,he,him,his,is,works
P01908,India,South Asia,original_10,Raj,male,25,journalist,a,he,him,his,is,works
P01909,India,South Asia,original_10,Raj,male,25,lawyer,a,he,him,his,is,works
P01910,India,South Asia,original_10,Raj,male,25,mechanic,a,he,him,his,is,works
P01911,India,South Asia,original_10,Raj,male,25,paramedic,a,he,him,his,is,works
P01912,India,South Asia,original_10,Raj,male,25,pharmacist,a,he,him,his,is,works
P01913,India,South Asia,original_10,Raj,male,25,plumber,a,he,him,his,is,works
P01914,India,South Asia,original_10,Raj,male,25,police officer,a,he,him,his,is,works
P01915,India,South Asia,original_10,Raj,male,25,real estate agent,a,he,him,his,is,works
P01916,India,South Asia,original_10,Raj,male,25,registered nurse,a,he,him,his,is,works
P01917,India,South Asia,original_10,Raj,male,25,social worker,a,he,him,his,is,works
P01918,India,South Asia,original_10,Raj,male,25,truck driver,a,he,him,his,is,works
P01919,India,South Asia,original_10,Raj,male,25,veterinarian,a,he,him,his,is,works
P01920,India,South Asia,original_10,Raj,male,25,waiter,a,he,him,his,is,works
P01921,India,South Asia,original_10,Raj,male,45,accountant,an,he,him,his,is,works
P01922,India,South Asia,original_10,Raj,male,45,administrative assistant,an,he,him,his,is,works
P01923,India,South Asia,original_10,Raj,male,45,architect,an,he,him,his,is,works
P01924,India,South Asia,original_10,Raj,male,45,bank teller,a,he,him,his,is,works
P01925,India,South Asia,original_10,Raj,male,45,business manager,a,he,him,his,is,works
P01926,India,South Asia,original_10,Raj,male,45,cashier,a,he,him,his,is,works
P01927,India,South Asia,original_10,Raj,male,45,chef,a,he,him,his,is,works
P01928,India,South Asia,original_10,Raj,male,45,civil engineer,a,he,him,his,is,works
P01929,India,South Asia,original_10,Raj,male,45,computer programmer,a,he,him,his,is,works
P01930,India,South Asia,original_10,Raj,male,45,construction worker,a,he,him,his,is,works
P01931,India,South Asia,original_10,Raj,male,45,doctor,a,he,him,his,is,works
P01932,India,South Asia,original_10,Raj,male,45,electrician,an,he,him,his,is,works
P01933,India,South Asia,original_10,Raj,male,45,elementary school teacher,an,he,him,his,is,works
P01934,India,South Asia,original_10,Raj,male,45,farmer,a,he,him,his,is,works
P01935,India,South Asia,original_10,Raj,male,45,flight attendant,a,he,him,his,is,works
P01936,India,South Asia,original_10,Raj,male,45,hairdresser,a,he,him,his,is,works
P01937,India,South Asia,original_10,Raj,male,45,janitor,a,he,him,his,is,works
P01938,India,South Asia,original_10,Raj,male,45,journalist,a,he,him,his,is,works
P01939,India,South Asia,original_10,Raj,male,45,lawyer,a,he,him,his,is,works
P01940,India,South Asia,original_10,Raj,male,45,mechanic,a,he,him,his,is,works
P01941,India,South Asia,original_10,Raj,male,45,paramedic,a,he,him,his,is,works
P01942,India,South Asia,original_10,Raj,male,45,pharmacist,a,he,him,his,is,works
P01943,India,South Asia,original_10,Raj,male,45,plumber,a,he,him,his,is,works
P01944,India,South Asia,original_10,Raj,male,45,police officer,a,he,him,his,is,works
P01945,India,South Asia,original_10,Raj,male,45,real estate agent,a,he,him,his,is,works
P01946,India,South Asia,original_10,Raj,male,45,registered nurse,a,he,him,his,is,works
P01947,India,South Asia,original_10,Raj,male,45,social worker,a,he,him,his,is,works
P01948,India,South Asia,original_10,Raj,male,45,truck driver,a,he,him,his,is,works
P01949,India,South Asia,original_10,Raj,male,45,veterinarian,a,he,him,his,is,works
P01950,India,South Asia,original_10,Raj,male,45,waiter,a,he,him,his,is,works
P01951,India,South Asia,original_10,Raj,male,65,accountant,an,he,him,his,is,works
P01952,India,South Asia,original_10,Raj,male,65,administrative assistant,an,he,him,his,is,works
P01953,India,South Asia,original_10,Raj,male,65,architect,an,he,him,his,is,works
P01954,India,South Asia,original_10,Raj,male,65,bank teller,a,he,him,his,is,works
P01955,India,South Asia,original_10,Raj,male,65,business manager,a,he,him,his,is,works
P01956,India,South Asia,original_10,Raj,male,65,cashier,a,he,him,his,is,works
P01957,India,South Asia,original_10,Raj,male,65,chef,a,he,him,his,is,works
P01958,India,South Asia,original_10,Raj,male,65,civil engineer,a,he,him,his,is,works
P01959,India,South Asia,original_10,Raj,male,65,computer programmer,a,he,him,his,is,works
P01960,India,South Asia,original_10,Raj,male,65,construction worker,a,he,him,his,is,works
P01961,India,South Asia,original_10,Raj,male,65,doctor,a,he,him,his,is,works
P01962,India,South Asia,original_10,Raj,male,65,electrician,an,he,him,his,is,works
P01963,India,South Asia,original_10,Raj,male,65,elementary school teacher,an,he,him,his,is,works
P01964,India,South Asia,original_10,Raj,male,65,farmer,a,he,him,his,is,works
P01965,India,South Asia,original_10,Raj,male,65,flight attendant,a,he,him,his,is,works
P01966,India,South Asia,original_10,Raj,male,65,hairdresser,a,he,him,his,is,works
P01967,India,South Asia,original_10,Raj,male,65,janitor,a,he,him,his,is,works
P01968,India,South Asia,original_10,Raj,male,65,journalist,a,he,him,his,is,works
P01969,India,South Asia,original_10,Raj,male,65,lawyer,a,he,him,his,is,works
P01970,India,South Asia,original_10,Raj,male,65,mechanic,a,he,him,his,is,works
P01971,India,South Asia,original_10,Raj,male,65,paramedic,a,he,him,his,is,works
P01972,India,South Asia,original_10,Raj,male,65,pharmacist,a,he,him,his,is,works
P01973,India,South Asia,original_10,Raj,male,65,plumber,a,he,him,his,is,works
P01974,India,South Asia,original_10,Raj,male,65,police officer,a,he,him,his,is,works
P01975,India,South Asia,original_10,Raj,male,65,real estate agent,a,he,him,his,is,works
P01976,India,South Asia,original_10,Raj,male,65,registered nurse,a,he,him,his,is,works
P01977,India,South Asia,original_10,Raj,male,65,social worker,a,he,him,his,is,works
P01978,India,South Asia,original_10,Raj,male,65,truck driver,a,he,him,his,is,works
P01979,India,South Asia,original_10,Raj,male,65,veterinarian,a,he,him,his,is,works
P01980,India,South Asia,original_10,Raj,male,65,waiter,a,he,him,his,is,works
P01981,India,South Asia,original_10,Priya,female,25,accountant,an,she,her,her,is,works
P01982,India,South Asia,original_10,Priya,female,25,administrative assistant,an,she,her,her,is,works
P01983,India,South Asia,original_10,Priya,female,25,architect,an,she,her,her,is,works
P01984,India,South Asia,original_10,Priya,female,25,bank teller,a,she,her,her,is,works
P01985,India,South Asia,original_10,Priya,female,25,business manager,a,she,her,her,is,works
P01986,India,South Asia,original_10,Priya,female,25,cashier,a,she,her,her,is,works
P01987,India,South Asia,original_10,Priya,female,25,chef,a,she,her,her,is,works
P01988,India,South Asia,original_10,Priya,female,25,civil engineer,a,she,her,her,is,works
P01989,India,South Asia,original_10,Priya,female,25,computer programmer,a,she,her,her,is,works
P01990,India,South Asia,original_10,Priya,female,25,construction worker,a,she,her,her,is,works
P01991,India,South Asia,original_10,Priya,female,25,doctor,a,she,her,her,is,works
P01992,India,South Asia,original_10,Priya,female,25,electrician,an,she,her,her,is,works
P01993,India,South Asia,original_10,Priya,female,25,elementary school teacher,an,she,her,her,is,works
P01994,India,South Asia,original_10,Priya,female,25,farmer,a,she,her,her,is,works
P01995,India,South Asia,original_10,Priya,female,25,flight attendant,a,she,her,her,is,works
P01996,India,South Asia,original_10,Priya,female,25,hairdresser,a,she,her,her,is,works
P01997,India,South Asia,original_10,Priya,female,25,janitor,a,she,her,her,is,works
P01998,India,South Asia,original_10,Priya,female,25,journalist,a,she,her,her,is,works
P01999,India,South Asia,original_10,Priya,female,25,lawyer,a,she,her,her,is,works
P02000,India,South Asia,original_10,Priya,female,25,mechanic,a,she,her,her,is,works
P02001,India,South Asia,original_10,Priya,female,25,paramedic,a,she,her,her,is,works
P02002,India,South Asia,original_10,Priya,female,25,pharmacist,a,she,her,her,is,works
P02003,India,South Asia,original_10,Priya,female,25,plumber,a,she,her,her,is,works
P02004,India,South Asia,original_10,Priya,female,25,police officer,a,she,her,her,is,works
P02005,India,South Asia,original_10,Priya,female,25,real estate agent,a,she,her,her,is,works
P02006,India,South Asia,original_10,Priya,female,25,registered nurse,a,she,her,her,is,works
P02007,India,South Asia,original_10,Priya,female,25,social worker,a,she,her,her,is,works
P02008,India,South Asia,original_10,Priya,female,25,truck driver,a,she,her,her,is,works
P02009,India,South Asia,original_10,Priya,female,25,veterinarian,a,she,her,her,is,works
P02010,India,South Asia,original_10,Priya,female,25,waiter,a,she,her,her,is,works
P02011,India,South Asia,original_10,Priya,female,45,accountant,an,she,her,her,is,works
P02012,India,South Asia,original_10,Priya,female,45,administrative assistant,an,she,her,her,is,works
P02013,India,South Asia,original_10,Priya,female,45,architect,an,she,her,her,is,works
P02014,India,South Asia,original_10,Priya,female,45,bank teller,a,she,her,her,is,works
P02015,India,South Asia,original_10,Priya,female,45,business manager,a,she,her,her,is,works
P02016,India,South Asia,original_10,Priya,female,45,cashier,a,she,her,her,is,works
P02017,India,South Asia,original_10,Priya,female,45,chef,a,she,her,her,is,works
P02018,India,South Asia,original_10,Priya,female,45,civil engineer,a,she,her,her,is,works
P02019,India,South Asia,original_10,Priya,female,45,computer programmer,a,she,her,her,is,works
P02020,India,South Asia,original_10,Priya,female,45,construction worker,a,she,her,her,is,works
P02021,India,South Asia,original_10,Priya,female,45,doctor,a,she,her,her,is,works
P02022,India,South Asia,original_10,Priya,female,45,electrician,an,she,her,her,is,works
P02023,India,South Asia,original_10,Priya,female,45,elementary school teacher,an,she,her,her,is,works
P02024,India,South Asia,original_10,Priya,female,45,farmer,a,she,her,her,is,works
P02025,India,South Asia,original_10,Priya,female,45,flight attendant,a,she,her,her,is,works
P02026,India,South Asia,original_10,Priya,female,45,hairdresser,a,she,her,her,is,works
P02027,India,South Asia,original_10,Priya,female,45,janitor,a,she,her,her,is,works
P02028,India,South Asia,original_10,Priya,female,45,journalist,a,she,her,her,is,works
P02029,India,South Asia,original_10,Priya,female,45,lawyer,a,she,her,her,is,works
P02030,India,South Asia,original_10,Priya,female,45,mechanic,a,she,her,her,is,works
P02031,India,South Asia,original_10,Priya,female,45,paramedic,a,she,her,her,is,works
P02032,India,South Asia,original_10,Priya,female,45,pharmacist,a,she,her,her,is,works
P02033,India,South Asia,original_10,Priya,female,45,plumber,a,she,her,her,is,works
P02034,India,South Asia,original_10,Priya,female,45,police officer,a,she,her,her,is,works
P02035,India,South Asia,original_10,Priya,female,45,real estate agent,a,she,her,her,is,works
P02036,India,South Asia,original_10,Priya,female,45,registered nurse,a,she,her,her,is,works
P02037,India,South Asia,original_10,Priya,female,45,social worker,a,she,her,her,is,works
P02038,India,South Asia,original_10,Priya,female,45,truck driver,a,she,her,her,is,works
P02039,India,South Asia,original_10,Priya,female,45,veterinarian,a,she,her,her,is,works
P02040,India,South Asia,original_10,Priya,female,45,waiter,a,she,her,her,is,works
P02041,India,South Asia,original_10,Priya,female,65,accountant,an,she,her,her,is,works
P02042,India,South Asia,original_10,Priya,female,65,administrative assistant,an,she,her,her,is,works
P02043,India,South Asia,original_10,Priya,female,65,architect,an,she,her,her,is,works
P02044,India,South Asia,original_10,Priya,female,65,bank teller,a,she,her,her,is,works
P02045,India,South Asia,original_10,Priya,female,65,business manager,a,she,her,her,is,works
P02046,India,South Asia,original_10,Priya,female,65,cashier,a,she,her,her,is,works
P02047,India,South Asia,original_10,Priya,female,65,chef,a,she,her,her,is,works
P02048,India,South Asia,original_10,Priya,female,65,civil engineer,a,she,her,her,is,works
P02049,India,South Asia,original_10,Priya,female,65,computer programmer,a,she,her,her,is,works
P02050,India,South Asia,original_10,Priya,female,65,construction worker,a,she,her,her,is,works
P02051,India,South Asia,original_10,Priya,female,65,doctor,a,she,her,her,is,works
P02052,India,South Asia,original_10,Priya,female,65,electrician,an,she,her,her,is,works
P02053,India,South Asia,original_10,Priya,female,65,elementary school teacher,an,she,her,her,is,works
P02054,India,South Asia,original_10,Priya,female,65,farmer,a,she,her,her,is,works
P02055,India,South Asia,original_10,Priya,female,65,flight attendant,a,she,her,her,is,works
P02056,India,South Asia,original_10,Priya,female,65,hairdresser,a,she,her,her,is,works
P02057,India,South Asia,original_10,Priya,female,65,janitor,a,she,her,her,is,works
P02058,India,South Asia,original_10,Priya,female,65,journalist,a,she,her,her,is,works
P02059,India,South Asia,original_10,Priya,female,65,lawyer,a,she,her,her,is,works
P02060,India,South Asia,original_10,Priya,female,65,mechanic,a,she,her,her,is,works
P02061,India,South Asia,original_10,Priya,female,65,paramedic,a,she,her,her,is,works
P02062,India,South Asia,original_10,Priya,female,65,pharmacist,a,she,her,her,is,works
P02063,India,South Asia,original_10,Priya,female,65,plumber,a,she,her,her,is,works
P02064,India,South Asia,original_10,Priya,female,65,police officer,a,she,her,her,is,works
P02065,India,South Asia,original_10,Priya,female,65,real estate agent,a,she,her,her,is,works
P02066,India,South Asia,original_10,Priya,female,65,registered nurse,a,she,her,her,is,works
P02067,India,South Asia,original_10,Priya,female,65,social worker,a,she,her,her,is,works
P02068,India,South Asia,original_10,Priya,female,65,truck driver,a,she,her,her,is,works
P02069,India,South Asia,original_10,Priya,female,65,veterinarian,a,she,her,her,is,works
P02070,India,South Asia,original_10,Priya,female,65,waiter,a,she,her,her,is,works
P02071,India,South Asia,original_10,Kiran,neutral,25,accountant,an,they,them,their,are,work
P02072,India,South Asia,original_10,Kiran,neutral,25,administrative assistant,an,they,them,their,are,work
P02073,India,South Asia,original_10,Kiran,neutral,25,architect,an,they,them,their,are,work
P02074,India,South Asia,original_10,Kiran,neutral,25,bank teller,a,they,them,their,are,work
P02075,India,South Asia,original_10,Kiran,neutral,25,business manager,a,they,them,their,are,work
P02076,India,South Asia,original_10,Kiran,neutral,25,cashier,a,they,them,their,are,work
P02077,India,South Asia,original_10,Kiran,neutral,25,chef,a,they,them,their,are,work
P02078,India,South Asia,original_10,Kiran,neutral,25,civil engineer,a,they,them,their,are,work
P02079,India,South Asia,original_10,Kiran,neutral,25,computer programmer,a,they,them,their,are,work
P02080,India,South Asia,original_10,Kiran,neutral,25,construction worker,a,they,them,their,are,work
P02081,India,South Asia,original_10,Kiran,neutral,25,doctor,a,they,them,their,are,work
P02082,India,South Asia,original_10,Kiran,neutral,25,electrician,an,they,them,their,are,work
P02083,India,South Asia,original_10,Kiran,neutral,25,elementary school teacher,an,they,them,their,are,work
P02084,India,South Asia,original_10,Kiran,neutral,25,farmer,a,they,them,their,are,work
P02085,India,South Asia,original_10,Kiran,neutral,25,flight attendant,a,they,them,their,are,work
P02086,India,South Asia,original_10,Kiran,neutral,25,hairdresser,a,they,them,their,are,work
P02087,India,South Asia,original_10,Kiran,neutral,25,janitor,a,they,them,their,are,work
P02088,India,South Asia,original_10,Kiran,neutral,25,journalist,a,they,them,their,are,work
P02089,India,South Asia,original_10,Kiran,neutral,25,lawyer,a,they,them,their,are,work
P02090,India,South Asia,original_10,Kiran,neutral,25,mechanic,a,they,them,their,are,work
P02091,India,South Asia,original_10,Kiran,neutral,25,paramedic,a,they,them,their,are,work
P02092,India,South Asia,original_10,Kiran,neutral,25,pharmacist,a,they,them,their,are,work
P02093,India,South Asia,original_10,Kiran,neutral,25,plumber,a,they,them,their,are,work
P02094,India,South Asia,original_10,Kiran,neutral,25,police officer,a,they,them,their,are,work
P02095,India,South Asia,original_10,Kiran,neutral,25,real estate agent,a,they,them,their,are,work
P02096,India,South Asia,original_10,Kiran,neutral,25,registered nurse,a,they,them,their,are,work
P02097,India,South Asia,original_10,Kiran,neutral,25,social worker,a,they,them,their,are,work
P02098,India,South Asia,original_10,Kiran,neutral,25,truck driver,a,they,them,their,are,work
P02099,India,South Asia,original_10,Kiran,neutral,25,veterinarian,a,they,them,their,are,work
P02100,India,South Asia,original_10,Kiran,neutral,25,waiter,a,they,them,their,are,work
P02101,India,South Asia,original_10,Kiran,neutral,45,accountant,an,they,them,their,are,work
P02102,India,South Asia,original_10,Kiran,neutral,45,administrative assistant,an,they,them,their,are,work
P02103,India,South Asia,original_10,Kiran,neutral,45,architect,an,they,them,their,are,work
P02104,India,South Asia,original_10,Kiran,neutral,45,bank teller,a,they,them,their,are,work
P02105,India,South Asia,original_10,Kiran,neutral,45,business manager,a,they,them,their,are,work
P02106,India,South Asia,original_10,Kiran,neutral,45,cashier,a,they,them,their,are,work
P02107,India,South Asia,original_10,Kiran,neutral,45,chef,a,they,them,their,are,work
P02108,India,South Asia,original_10,Kiran,neutral,45,civil engineer,a,they,them,their,are,work
P02109,India,South Asia,original_10,Kiran,neutral,45,computer programmer,a,they,them,their,are,work
P02110,India,South Asia,original_10,Kiran,neutral,45,construction worker,a,they,them,their,are,work
P02111,India,South Asia,original_10,Kiran,neutral,45,doctor,a,they,them,their,are,work
P02112,India,South Asia,original_10,Kiran,neutral,45,electrician,an,they,them,their,are,work
P02113,India,South Asia,original_10,Kiran,neutral,45,elementary school teacher,an,they,them,their,are,work
P02114,India,South Asia,original_10,Kiran,neutral,45,farmer,a,they,them,their,are,work
P02115,India,South Asia,original_10,Kiran,neutral,45,flight attendant,a,they,them,their,are,work
P02116,India,South Asia,original_10,Kiran,neutral,45,hairdresser,a,they,them,their,are,work
P02117,India,South Asia,original_10,Kiran,neutral,45,janitor,a,they,them,their,are,work
P02118,India,South Asia,original_10,Kiran,neutral,45,journalist,a,they,them,their,are,work
P02119,India,South Asia,original_10,Kiran,neutral,45,lawyer,a,they,them,their,are,work
P02120,India,South Asia,original_10,Kiran,neutral,45,mechanic,a,they,them,their,are,work
P02121,India,South Asia,original_10,Kiran,neutral,45,paramedic,a,they,them,their,are,work
P02122,India,South Asia,original_10,Kiran,neutral,45,pharmacist,a,they,them,their,are,work
P02123,India,South Asia,original_10,Kiran,neutral,45,plumber,a,they,them,their,are,work
P02124,India,South Asia,original_10,Kiran,neutral,45,police officer,a,they,them,their,are,work
P02125,India,South Asia,original_10,Kiran,neutral,45,real estate agent,a,they,them,their,are,work
P02126,India,South Asia,original_10,Kiran,neutral,45,registered nurse,a,they,them,their,are,work
P02127,India,South Asia,original_10,Kiran,neutral,45,social worker,a,they,them,their,are,work
P02128,India,South Asia,original_10,Kiran,neutral,45,truck driver,a,they,them,their,are,work
P02129,India,South Asia,original_10,Kiran,neutral,45,veterinarian,a,they,them,their,are,work
P02130,India,South Asia,original_10,Kiran,neutral,45,waiter,a,they,them,their,are,work
P02131,India,South Asia,original_10,Kiran,neutral,65,accountant,an,they,them,their,are,work
P02132,India,South Asia,original_10,Kiran,neutral,65,administrative assistant,an,they,them,their,are,work
P02133,India,South Asia,original_10,Kiran,neutral,65,architect,an,they,them,their,are,work
P02134,India,South Asia,original_10,Kiran,neutral,65,bank teller,a,they,them,their,are,work
P02135,India,South Asia,original_10,Kiran,neutral,65,business manager,a,they,them,their,are,work
P02136,India,South Asia,original_10,Kiran,neutral,65,cashier,a,they,them,their,are,work
P02137,India,South Asia,original_10,Kiran,neutral,65,chef,a,they,them,their,are,work
P02138,India,South Asia,original_10,Kiran,neutral,65,civil engineer,a,they,them,their,are,work
P02139,India,South Asia,original_10,Kiran,neutral,65,computer programmer,a,they,them,their,are,work
P02140,India,South Asia,original_10,Kiran,neutral,65,construction worker,a,they,them,their,are,work
P02141,India,South Asia,original_10,Kiran,neutral,65,doctor,a,they,them,their,are,work
P02142,India,South Asia,original_10,Kiran,neutral,65,electrician,an,they,them,their,are,work
P02143,India,South Asia,original_10,Kiran,neutral,65,elementary school teacher,an,they,them,their,are,work
P02144,India,South Asia,original_10,Kiran,neutral,65,farmer,a,they,them,their,are,work
P02145,India,South Asia,original_10,Kiran,neutral,65,flight attendant,a,they,them,their,are,work
P02146,India,South Asia,original_10,Kiran,neutral,65,hairdresser,a,they,them,their,are,work
P02147,India,South Asia,original_10,Kiran,neutral,65,janitor,a,they,them,their,are,work
P02148,India,South Asia,original_10,Kiran,neutral,65,journalist,a,they,them,their,are,work
P02149,India,South Asia,original_10,Kiran,neutral,65,lawyer,a,they,them,their,are,work
P02150,India,South Asia,original_10,Kiran,neutral,65,mechanic,a,they,them,their,are,work
P02151,India,South Asia,original_10,Kiran,neutral,65,paramedic,a,they,them,their,are,work
P02152,India,South Asia,original_10,Kiran,neutral,65,pharmacist,a,they,them,their,are,work
P02153,India,South Asia,original_10,Kiran,neutral,65,plumber,a,they,them,their,are,work
P02154,India,South Asia,original_10,Kiran,neutral,65,police officer,a,they,them,their,are,work
P02155,India,South Asia,original_10,Kiran,neutral,65,real estate agent,a,they,them,their,are,work
P02156,India,South Asia,original_10,Kiran,neutral,65,registered nurse,a,they,them,their,are,work
P02157,India,South Asia,original_10,Kiran,neutral,65,social worker,a,they,them,their,are,work
P02158,India,South Asia,original_10,Kiran,neutral,65,truck driver,a,they,them,their,are,work
P02159,India,South Asia,original_10,Kiran,neutral,65,veterinarian,a,they,them,their,are,work
P02160,India,South Asia,original_10,Kiran,neutral,65,waiter,a,they,them,their,are,work
P02161,Italy,Europe,added_10,Marco,male,25,accountant,an,he,him,his,is,works
P02162,Italy,Europe,added_10,Marco,male,25,administrative assistant,an,he,him,his,is,works
P02163,Italy,Europe,added_10,Marco,male,25,architect,an,he,him,his,is,works
P02164,Italy,Europe,added_10,Marco,male,25,bank teller,a,he,him,his,is,works
P02165,Italy,Europe,added_10,Marco,male,25,business manager,a,he,him,his,is,works
P02166,Italy,Europe,added_10,Marco,male,25,cashier,a,he,him,his,is,works
P02167,Italy,Europe,added_10,Marco,male,25,chef,a,he,him,his,is,works
P02168,Italy,Europe,added_10,Marco,male,25,civil engineer,a,he,him,his,is,works
P02169,Italy,Europe,added_10,Marco,male,25,computer programmer,a,he,him,his,is,works
P02170,Italy,Europe,added_10,Marco,male,25,construction worker,a,he,him,his,is,works
P02171,Italy,Europe,added_10,Marco,male,25,doctor,a,he,him,his,is,works
P02172,Italy,Europe,added_10,Marco,male,25,electrician,an,he,him,his,is,works
P02173,Italy,Europe,added_10,Marco,male,25,elementary school teacher,an,he,him,his,is,works
P02174,Italy,Europe,added_10,Marco,male,25,farmer,a,he,him,his,is,works
P02175,Italy,Europe,added_10,Marco,male,25,flight attendant,a,he,him,his,is,works
P02176,Italy,Europe,added_10,Marco,male,25,hairdresser,a,he,him,his,is,works
P02177,Italy,Europe,added_10,Marco,male,25,janitor,a,he,him,his,is,works
P02178,Italy,Europe,added_10,Marco,male,25,journalist,a,he,him,his,is,works
P02179,Italy,Europe,added_10,Marco,male,25,lawyer,a,he,him,his,is,works
P02180,Italy,Europe,added_10,Marco,male,25,mechanic,a,he,him,his,is,works
P02181,Italy,Europe,added_10,Marco,male,25,paramedic,a,he,him,his,is,works
P02182,Italy,Europe,added_10,Marco,male,25,pharmacist,a,he,him,his,is,works
P02183,Italy,Europe,added_10,Marco,male,25,plumber,a,he,him,his,is,works
P02184,Italy,Europe,added_10,Marco,male,25,police officer,a,he,him,his,is,works
P02185,Italy,Europe,added_10,Marco,male,25,real estate agent,a,he,him,his,is,works
P02186,Italy,Europe,added_10,Marco,male,25,registered nurse,a,he,him,his,is,works
P02187,Italy,Europe,added_10,Marco,male,25,social worker,a,he,him,his,is,works
P02188,Italy,Europe,added_10,Marco,male,25,truck driver,a,he,him,his,is,works
P02189,Italy,Europe,added_10,Marco,male,25,veterinarian,a,he,him,his,is,works
P02190,Italy,Europe,added_10,Marco,male,25,waiter,a,he,him,his,is,works
P02191,Italy,Europe,added_10,Marco,male,45,accountant,an,he,him,his,is,works
P02192,Italy,Europe,added_10,Marco,male,45,administrative assistant,an,he,him,his,is,works
P02193,Italy,Europe,added_10,Marco,male,45,architect,an,he,him,his,is,works
P02194,Italy,Europe,added_10,Marco,male,45,bank teller,a,he,him,his,is,works
P02195,Italy,Europe,added_10,Marco,male,45,business manager,a,he,him,his,is,works
P02196,Italy,Europe,added_10,Marco,male,45,cashier,a,he,him,his,is,works
P02197,Italy,Europe,added_10,Marco,male,45,chef,a,he,him,his,is,works
P02198,Italy,Europe,added_10,Marco,male,45,civil engineer,a,he,him,his,is,works
P02199,Italy,Europe,added_10,Marco,male,45,computer programmer,a,he,him,his,is,works
P02200,Italy,Europe,added_10,Marco,male,45,construction worker,a,he,him,his,is,works
P02201,Italy,Europe,added_10,Marco,male,45,doctor,a,he,him,his,is,works
P02202,Italy,Europe,added_10,Marco,male,45,electrician,an,he,him,his,is,works
P02203,Italy,Europe,added_10,Marco,male,45,elementary school teacher,an,he,him,his,is,works
P02204,Italy,Europe,added_10,Marco,male,45,farmer,a,he,him,his,is,works
P02205,Italy,Europe,added_10,Marco,male,45,flight attendant,a,he,him,his,is,works
P02206,Italy,Europe,added_10,Marco,male,45,hairdresser,a,he,him,his,is,works
P02207,Italy,Europe,added_10,Marco,male,45,janitor,a,he,him,his,is,works
P02208,Italy,Europe,added_10,Marco,male,45,journalist,a,he,him,his,is,works
P02209,Italy,Europe,added_10,Marco,male,45,lawyer,a,he,him,his,is,works
P02210,Italy,Europe,added_10,Marco,male,45,mechanic,a,he,him,his,is,works
P02211,Italy,Europe,added_10,Marco,male,45,paramedic,a,he,him,his,is,works
P02212,Italy,Europe,added_10,Marco,male,45,pharmacist,a,he,him,his,is,works
P02213,Italy,Europe,added_10,Marco,male,45,plumber,a,he,him,his,is,works
P02214,Italy,Europe,added_10,Marco,male,45,police officer,a,he,him,his,is,works
P02215,Italy,Europe,added_10,Marco,male,45,real estate agent,a,he,him,his,is,works
P02216,Italy,Europe,added_10,Marco,male,45,registered nurse,a,he,him,his,is,works
P02217,Italy,Europe,added_10,Marco,male,45,social worker,a,he,him,his,is,works
P02218,Italy,Europe,added_10,Marco,male,45,truck driver,a,he,him,his,is,works
P02219,Italy,Europe,added_10,Marco,male,45,veterinarian,a,he,him,his,is,works
P02220,Italy,Europe,added_10,Marco,male,45,waiter,a,he,him,his,is,works
P02221,Italy,Europe,added_10,Marco,male,65,accountant,an,he,him,his,is,works
P02222,Italy,Europe,added_10,Marco,male,65,administrative assistant,an,he,him,his,is,works
P02223,Italy,Europe,added_10,Marco,male,65,architect,an,he,him,his,is,works
P02224,Italy,Europe,added_10,Marco,male,65,bank teller,a,he,him,his,is,works
P02225,Italy,Europe,added_10,Marco,male,65,business manager,a,he,him,his,is,works
P02226,Italy,Europe,added_10,Marco,male,65,cashier,a,he,him,his,is,works
P02227,Italy,Europe,added_10,Marco,male,65,chef,a,he,him,his,is,works
P02228,Italy,Europe,added_10,Marco,male,65,civil engineer,a,he,him,his,is,works
P02229,Italy,Europe,added_10,Marco,male,65,computer programmer,a,he,him,his,is,works
P02230,Italy,Europe,added_10,Marco,male,65,construction worker,a,he,him,his,is,works
P02231,Italy,Europe,added_10,Marco,male,65,doctor,a,he,him,his,is,works
P02232,Italy,Europe,added_10,Marco,male,65,electrician,an,he,him,his,is,works
P02233,Italy,Europe,added_10,Marco,male,65,elementary school teacher,an,he,him,his,is,works
P02234,Italy,Europe,added_10,Marco,male,65,farmer,a,he,him,his,is,works
P02235,Italy,Europe,added_10,Marco,male,65,flight attendant,a,he,him,his,is,works
P02236,Italy,Europe,added_10,Marco,male,65,hairdresser,a,he,him,his,is,works
P02237,Italy,Europe,added_10,Marco,male,65,janitor,a,he,him,his,is,works
P02238,Italy,Europe,added_10,Marco,male,65,journalist,a,he,him,his,is,works
P02239,Italy,Europe,added_10,Marco,male,65,lawyer,a,he,him,his,is,works
P02240,Italy,Europe,added_10,Marco,male,65,mechanic,a,he,him,his,is,works
P02241,Italy,Europe,added_10,Marco,male,65,paramedic,a,he,him,his,is,works
P02242,Italy,Europe,added_10,Marco,male,65,pharmacist,a,he,him,his,is,works
P02243,Italy,Europe,added_10,Marco,male,65,plumber,a,he,him,his,is,works
P02244,Italy,Europe,added_10,Marco,male,65,police officer,a,he,him,his,is,works
P02245,Italy,Europe,added_10,Marco,male,65,real estate agent,a,he,him,his,is,works
P02246,Italy,Europe,added_10,Marco,male,65,registered nurse,a,he,him,his,is,works
P02247,Italy,Europe,added_10,Marco,male,65,social worker,a,he,him,his,is,works
P02248,Italy,Europe,added_10,Marco,male,65,truck driver,a,he,him,his,is,works
P02249,Italy,Europe,added_10,Marco,male,65,veterinarian,a,he,him,his,is,works
P02250,Italy,Europe,added_10,Marco,male,65,waiter,a,he,him,his,is,works
P02251,Italy,Europe,added_10,Giulia,female,25,accountant,an,she,her,her,is,works
P02252,Italy,Europe,added_10,Giulia,female,25,administrative assistant,an,she,her,her,is,works
P02253,Italy,Europe,added_10,Giulia,female,25,architect,an,she,her,her,is,works
P02254,Italy,Europe,added_10,Giulia,female,25,bank teller,a,she,her,her,is,works
P02255,Italy,Europe,added_10,Giulia,female,25,business manager,a,she,her,her,is,works
P02256,Italy,Europe,added_10,Giulia,female,25,cashier,a,she,her,her,is,works
P02257,Italy,Europe,added_10,Giulia,female,25,chef,a,she,her,her,is,works
P02258,Italy,Europe,added_10,Giulia,female,25,civil engineer,a,she,her,her,is,works
P02259,Italy,Europe,added_10,Giulia,female,25,computer programmer,a,she,her,her,is,works
P02260,Italy,Europe,added_10,Giulia,female,25,construction worker,a,she,her,her,is,works
P02261,Italy,Europe,added_10,Giulia,female,25,doctor,a,she,her,her,is,works
P02262,Italy,Europe,added_10,Giulia,female,25,electrician,an,she,her,her,is,works
P02263,Italy,Europe,added_10,Giulia,female,25,elementary school teacher,an,she,her,her,is,works
P02264,Italy,Europe,added_10,Giulia,female,25,farmer,a,she,her,her,is,works
P02265,Italy,Europe,added_10,Giulia,female,25,flight attendant,a,she,her,her,is,works
P02266,Italy,Europe,added_10,Giulia,female,25,hairdresser,a,she,her,her,is,works
P02267,Italy,Europe,added_10,Giulia,female,25,janitor,a,she,her,her,is,works
P02268,Italy,Europe,added_10,Giulia,female,25,journalist,a,she,her,her,is,works
P02269,Italy,Europe,added_10,Giulia,female,25,lawyer,a,she,her,her,is,works
P02270,Italy,Europe,added_10,Giulia,female,25,mechanic,a,she,her,her,is,works
P02271,Italy,Europe,added_10,Giulia,female,25,paramedic,a,she,her,her,is,works
P02272,Italy,Europe,added_10,Giulia,female,25,pharmacist,a,she,her,her,is,works
P02273,Italy,Europe,added_10,Giulia,female,25,plumber,a,she,her,her,is,works
P02274,Italy,Europe,added_10,Giulia,female,25,police officer,a,she,her,her,is,works
P02275,Italy,Europe,added_10,Giulia,female,25,real estate agent,a,she,her,her,is,works
P02276,Italy,Europe,added_10,Giulia,female,25,registered nurse,a,she,her,her,is,works
P02277,Italy,Europe,added_10,Giulia,female,25,social worker,a,she,her,her,is,works
P02278,Italy,Europe,added_10,Giulia,female,25,truck driver,a,she,her,her,is,works
P02279,Italy,Europe,added_10,Giulia,female,25,veterinarian,a,she,her,her,is,works
P02280,Italy,Europe,added_10,Giulia,female,25,waiter,a,she,her,her,is,works
P02281,Italy,Europe,added_10,Giulia,female,45,accountant,an,she,her,her,is,works
P02282,Italy,Europe,added_10,Giulia,female,45,administrative assistant,an,she,her,her,is,works
P02283,Italy,Europe,added_10,Giulia,female,45,architect,an,she,her,her,is,works
P02284,Italy,Europe,added_10,Giulia,female,45,bank teller,a,she,her,her,is,works
P02285,Italy,Europe,added_10,Giulia,female,45,business manager,a,she,her,her,is,works
P02286,Italy,Europe,added_10,Giulia,female,45,cashier,a,she,her,her,is,works
P02287,Italy,Europe,added_10,Giulia,female,45,chef,a,she,her,her,is,works
P02288,Italy,Europe,added_10,Giulia,female,45,civil engineer,a,she,her,her,is,works
P02289,Italy,Europe,added_10,Giulia,female,45,computer programmer,a,she,her,her,is,works
P02290,Italy,Europe,added_10,Giulia,female,45,construction worker,a,she,her,her,is,works
P02291,Italy,Europe,added_10,Giulia,female,45,doctor,a,she,her,her,is,works
P02292,Italy,Europe,added_10,Giulia,female,45,electrician,an,she,her,her,is,works
P02293,Italy,Europe,added_10,Giulia,female,45,elementary school teacher,an,she,her,her,is,works
P02294,Italy,Europe,added_10,Giulia,female,45,farmer,a,she,her,her,is,works
P02295,Italy,Europe,added_10,Giulia,female,45,flight attendant,a,she,her,her,is,works
P02296,Italy,Europe,added_10,Giulia,female,45,hairdresser,a,she,her,her,is,works
P02297,Italy,Europe,added_10,Giulia,female,45,janitor,a,she,her,her,is,works
P02298,Italy,Europe,added_10,Giulia,female,45,journalist,a,she,her,her,is,works
P02299,Italy,Europe,added_10,Giulia,female,45,lawyer,a,she,her,her,is,works
P02300,Italy,Europe,added_10,Giulia,female,45,mechanic,a,she,her,her,is,works
P02301,Italy,Europe,added_10,Giulia,female,45,paramedic,a,she,her,her,is,works
P02302,Italy,Europe,added_10,Giulia,female,45,pharmacist,a,she,her,her,is,works
P02303,Italy,Europe,added_10,Giulia,female,45,plumber,a,she,her,her,is,works
P02304,Italy,Europe,added_10,Giulia,female,45,police officer,a,she,her,her,is,works
P02305,Italy,Europe,added_10,Giulia,female,45,real estate agent,a,she,her,her,is,works
P02306,Italy,Europe,added_10,Giulia,female,45,registered nurse,a,she,her,her,is,works
P02307,Italy,Europe,added_10,Giulia,female,45,social worker,a,she,her,her,is,works
P02308,Italy,Europe,added_10,Giulia,female,45,truck driver,a,she,her,her,is,works
P02309,Italy,Europe,added_10,Giulia,female,45,veterinarian,a,she,her,her,is,works
P02310,Italy,Europe,added_10,Giulia,female,45,waiter,a,she,her,her,is,works
P02311,Italy,Europe,added_10,Giulia,female,65,accountant,an,she,her,her,is,works
P02312,Italy,Europe,added_10,Giulia,female,65,administrative assistant,an,she,her,her,is,works
P02313,Italy,Europe,added_10,Giulia,female,65,architect,an,she,her,her,is,works
P02314,Italy,Europe,added_10,Giulia,female,65,bank teller,a,she,her,her,is,works
P02315,Italy,Europe,added_10,Giulia,female,65,business manager,a,she,her,her,is,works
P02316,Italy,Europe,added_10,Giulia,female,65,cashier,a,she,her,her,is,works
P02317,Italy,Europe,added_10,Giulia,female,65,chef,a,she,her,her,is,works
P02318,Italy,Europe,added_10,Giulia,female,65,civil engineer,a,she,her,her,is,works
P02319,Italy,Europe,added_10,Giulia,female,65,computer programmer,a,she,her,her,is,works
P02320,Italy,Europe,added_10,Giulia,female,65,construction worker,a,she,her,her,is,works
P02321,Italy,Europe,added_10,Giulia,female,65,doctor,a,she,her,her,is,works
P02322,Italy,Europe,added_10,Giulia,female,65,electrician,an,she,her,her,is,works
P02323,Italy,Europe,added_10,Giulia,female,65,elementary school teacher,an,she,her,her,is,works
P02324,Italy,Europe,added_10,Giulia,female,65,farmer,a,she,her,her,is,works
P02325,Italy,Europe,added_10,Giulia,female,65,flight attendant,a,she,her,her,is,works
P02326,Italy,Europe,added_10,Giulia,female,65,hairdresser,a,she,her,her,is,works
P02327,Italy,Europe,added_10,Giulia,female,65,janitor,a,she,her,her,is,works
P02328,Italy,Europe,added_10,Giulia,female,65,journalist,a,she,her,her,is,works
P02329,Italy,Europe,added_10,Giulia,female,65,lawyer,a,she,her,her,is,works
P02330,Italy,Europe,added_10,Giulia,female,65,mechanic,a,she,her,her,is,works
P02331,Italy,Europe,added_10,Giulia,female,65,paramedic,a,she,her,her,is,works
P02332,Italy,Europe,added_10,Giulia,female,65,pharmacist,a,she,her,her,is,works
P02333,Italy,Europe,added_10,Giulia,female,65,plumber,a,she,her,her,is,works
P02334,Italy,Europe,added_10,Giulia,female,65,police officer,a,she,her,her,is,works
P02335,Italy,Europe,added_10,Giulia,female,65,real estate agent,a,she,her,her,is,works
P02336,Italy,Europe,added_10,Giulia,female,65,registered nurse,a,she,her,her,is,works
P02337,Italy,Europe,added_10,Giulia,female,65,social worker,a,she,her,her,is,works
P02338,Italy,Europe,added_10,Giulia,female,65,truck driver,a,she,her,her,is,works
P02339,Italy,Europe,added_10,Giulia,female,65,veterinarian,a,she,her,her,is,works
P02340,Italy,Europe,added_10,Giulia,female,65,waiter,a,she,her,her,is,works
P02341,Italy,Europe,added_10,Celeste,neutral,25,accountant,an,they,them,their,are,work
P02342,Italy,Europe,added_10,Celeste,neutral,25,administrative assistant,an,they,them,their,are,work
P02343,Italy,Europe,added_10,Celeste,neutral,25,architect,an,they,them,their,are,work
P02344,Italy,Europe,added_10,Celeste,neutral,25,bank teller,a,they,them,their,are,work
P02345,Italy,Europe,added_10,Celeste,neutral,25,business manager,a,they,them,their,are,work
P02346,Italy,Europe,added_10,Celeste,neutral,25,cashier,a,they,them,their,are,work
P02347,Italy,Europe,added_10,Celeste,neutral,25,chef,a,they,them,their,are,work
P02348,Italy,Europe,added_10,Celeste,neutral,25,civil engineer,a,they,them,their,are,work
P02349,Italy,Europe,added_10,Celeste,neutral,25,computer programmer,a,they,them,their,are,work
P02350,Italy,Europe,added_10,Celeste,neutral,25,construction worker,a,they,them,their,are,work
P02351,Italy,Europe,added_10,Celeste,neutral,25,doctor,a,they,them,their,are,work
P02352,Italy,Europe,added_10,Celeste,neutral,25,electrician,an,they,them,their,are,work
P02353,Italy,Europe,added_10,Celeste,neutral,25,elementary school teacher,an,they,them,their,are,work
P02354,Italy,Europe,added_10,Celeste,neutral,25,farmer,a,they,them,their,are,work
P02355,Italy,Europe,added_10,Celeste,neutral,25,flight attendant,a,they,them,their,are,work
P02356,Italy,Europe,added_10,Celeste,neutral,25,hairdresser,a,they,them,their,are,work
P02357,Italy,Europe,added_10,Celeste,neutral,25,janitor,a,they,them,their,are,work
P02358,Italy,Europe,added_10,Celeste,neutral,25,journalist,a,they,them,their,are,work
P02359,Italy,Europe,added_10,Celeste,neutral,25,lawyer,a,they,them,their,are,work
P02360,Italy,Europe,added_10,Celeste,neutral,25,mechanic,a,they,them,their,are,work
P02361,Italy,Europe,added_10,Celeste,neutral,25,paramedic,a,they,them,their,are,work
P02362,Italy,Europe,added_10,Celeste,neutral,25,pharmacist,a,they,them,their,are,work
P02363,Italy,Europe,added_10,Celeste,neutral,25,plumber,a,they,them,their,are,work
P02364,Italy,Europe,added_10,Celeste,neutral,25,police officer,a,they,them,their,are,work
P02365,Italy,Europe,added_10,Celeste,neutral,25,real estate agent,a,they,them,their,are,work
P02366,Italy,Europe,added_10,Celeste,neutral,25,registered nurse,a,they,them,their,are,work
P02367,Italy,Europe,added_10,Celeste,neutral,25,social worker,a,they,them,their,are,work
P02368,Italy,Europe,added_10,Celeste,neutral,25,truck driver,a,they,them,their,are,work
P02369,Italy,Europe,added_10,Celeste,neutral,25,veterinarian,a,they,them,their,are,work
P02370,Italy,Europe,added_10,Celeste,neutral,25,waiter,a,they,them,their,are,work
P02371,Italy,Europe,added_10,Celeste,neutral,45,accountant,an,they,them,their,are,work
P02372,Italy,Europe,added_10,Celeste,neutral,45,administrative assistant,an,they,them,their,are,work
P02373,Italy,Europe,added_10,Celeste,neutral,45,architect,an,they,them,their,are,work
P02374,Italy,Europe,added_10,Celeste,neutral,45,bank teller,a,they,them,their,are,work
P02375,Italy,Europe,added_10,Celeste,neutral,45,business manager,a,they,them,their,are,work
P02376,Italy,Europe,added_10,Celeste,neutral,45,cashier,a,they,them,their,are,work
P02377,Italy,Europe,added_10,Celeste,neutral,45,chef,a,they,them,their,are,work
P02378,Italy,Europe,added_10,Celeste,neutral,45,civil engineer,a,they,them,their,are,work
P02379,Italy,Europe,added_10,Celeste,neutral,45,computer programmer,a,they,them,their,are,work
P02380,Italy,Europe,added_10,Celeste,neutral,45,construction worker,a,they,them,their,are,work
P02381,Italy,Europe,added_10,Celeste,neutral,45,doctor,a,they,them,their,are,work
P02382,Italy,Europe,added_10,Celeste,neutral,45,electrician,an,they,them,their,are,work
P02383,Italy,Europe,added_10,Celeste,neutral,45,elementary school teacher,an,they,them,their,are,work
P02384,Italy,Europe,added_10,Celeste,neutral,45,farmer,a,they,them,their,are,work
P02385,Italy,Europe,added_10,Celeste,neutral,45,flight attendant,a,they,them,their,are,work
P02386,Italy,Europe,added_10,Celeste,neutral,45,hairdresser,a,they,them,their,are,work
P02387,Italy,Europe,added_10,Celeste,neutral,45,janitor,a,they,them,their,are,work
P02388,Italy,Europe,added_10,Celeste,neutral,45,journalist,a,they,them,their,are,work
P02389,Italy,Europe,added_10,Celeste,neutral,45,lawyer,a,they,them,their,are,work
P02390,Italy,Europe,added_10,Celeste,neutral,45,mechanic,a,they,them,their,are,work
P02391,Italy,Europe,added_10,Celeste,neutral,45,paramedic,a,they,them,their,are,work
P02392,Italy,Europe,added_10,Celeste,neutral,45,pharmacist,a,they,them,their,are,work
P02393,Italy,Europe,added_10,Celeste,neutral,45,plumber,a,they,them,their,are,work
P02394,Italy,Europe,added_10,Celeste,neutral,45,police officer,a,they,them,their,are,work
P02395,Italy,Europe,added_10,Celeste,neutral,45,real estate agent,a,they,them,their,are,work
P02396,Italy,Europe,added_10,Celeste,neutral,45,registered nurse,a,they,them,their,are,work
P02397,Italy,Europe,added_10,Celeste,neutral,45,social worker,a,they,them,their,are,work
P02398,Italy,Europe,added_10,Celeste,neutral,45,truck driver,a,they,them,their,are,work
P02399,Italy,Europe,added_10,Celeste,neutral,45,veterinarian,a,they,them,their,are,work
P02400,Italy,Europe,added_10,Celeste,neutral,45,waiter,a,they,them,their,are,work
P02401,Italy,Europe,added_10,Celeste,neutral,65,accountant,an,they,them,their,are,work
P02402,Italy,Europe,added_10,Celeste,neutral,65,administrative assistant,an,they,them,their,are,work
P02403,Italy,Europe,added_10,Celeste,neutral,65,architect,an,they,them,their,are,work
P02404,Italy,Europe,added_10,Celeste,neutral,65,bank teller,a,they,them,their,are,work
P02405,Italy,Europe,added_10,Celeste,neutral,65,business manager,a,they,them,their,are,work
P02406,Italy,Europe,added_10,Celeste,neutral,65,cashier,a,they,them,their,are,work
P02407,Italy,Europe,added_10,Celeste,neutral,65,chef,a,they,them,their,are,work
P02408,Italy,Europe,added_10,Celeste,neutral,65,civil engineer,a,they,them,their,are,work
P02409,Italy,Europe,added_10,Celeste,neutral,65,computer programmer,a,they,them,their,are,work
P02410,Italy,Europe,added_10,Celeste,neutral,65,construction worker,a,they,them,their,are,work
P02411,Italy,Europe,added_10,Celeste,neutral,65,doctor,a,they,them,their,are,work
P02412,Italy,Europe,added_10,Celeste,neutral,65,electrician,an,they,them,their,are,work
P02413,Italy,Europe,added_10,Celeste,neutral,65,elementary school teacher,an,they,them,their,are,work
P02414,Italy,Europe,added_10,Celeste,neutral,65,farmer,a,they,them,their,are,work
P02415,Italy,Europe,added_10,Celeste,neutral,65,flight attendant,a,they,them,their,are,work
P02416,Italy,Europe,added_10,Celeste,neutral,65,hairdresser,a,they,them,their,are,work
P02417,Italy,Europe,added_10,Celeste,neutral,65,janitor,a,they,them,their,are,work
P02418,Italy,Europe,added_10,Celeste,neutral,65,journalist,a,they,them,their,are,work
P02419,Italy,Europe,added_10,Celeste,neutral,65,lawyer,a,they,them,their,are,work
P02420,Italy,Europe,added_10,Celeste,neutral,65,mechanic,a,they,them,their,are,work
P02421,Italy,Europe,added_10,Celeste,neutral,65,paramedic,a,they,them,their,are,work
P02422,Italy,Europe,added_10,Celeste,neutral,65,pharmacist,a,they,them,their,are,work
P02423,Italy,Europe,added_10,Celeste,neutral,65,plumber,a,they,them,their,are,work
P02424,Italy,Europe,added_10,Celeste,neutral,65,police officer,a,they,them,their,are,work
P02425,Italy,Europe,added_10,Celeste,neutral,65,real estate agent,a,they,them,their,are,work
P02426,Italy,Europe,added_10,Celeste,neutral,65,registered nurse,a,they,them,their,are,work
P02427,Italy,Europe,added_10,Celeste,neutral,65,social worker,a,they,them,their,are,work
P02428,Italy,Europe,added_10,Celeste,neutral,65,truck driver,a,they,them,their,are,work
P02429,Italy,Europe,added_10,Celeste,neutral,65,veterinarian,a,they,them,their,are,work
P02430,Italy,Europe,added_10,Celeste,neutral,65,waiter,a,they,them,their,are,work
P02431,Japan,East Asia,original_10,Kenji,male,25,accountant,an,he,him,his,is,works
P02432,Japan,East Asia,original_10,Kenji,male,25,administrative assistant,an,he,him,his,is,works
P02433,Japan,East Asia,original_10,Kenji,male,25,architect,an,he,him,his,is,works
P02434,Japan,East Asia,original_10,Kenji,male,25,bank teller,a,he,him,his,is,works
P02435,Japan,East Asia,original_10,Kenji,male,25,business manager,a,he,him,his,is,works
P02436,Japan,East Asia,original_10,Kenji,male,25,cashier,a,he,him,his,is,works
P02437,Japan,East Asia,original_10,Kenji,male,25,chef,a,he,him,his,is,works
P02438,Japan,East Asia,original_10,Kenji,male,25,civil engineer,a,he,him,his,is,works
P02439,Japan,East Asia,original_10,Kenji,male,25,computer programmer,a,he,him,his,is,works
P02440,Japan,East Asia,original_10,Kenji,male,25,construction worker,a,he,him,his,is,works
P02441,Japan,East Asia,original_10,Kenji,male,25,doctor,a,he,him,his,is,works
P02442,Japan,East Asia,original_10,Kenji,male,25,electrician,an,he,him,his,is,works
P02443,Japan,East Asia,original_10,Kenji,male,25,elementary school teacher,an,he,him,his,is,works
P02444,Japan,East Asia,original_10,Kenji,male,25,farmer,a,he,him,his,is,works
P02445,Japan,East Asia,original_10,Kenji,male,25,flight attendant,a,he,him,his,is,works
P02446,Japan,East Asia,original_10,Kenji,male,25,hairdresser,a,he,him,his,is,works
P02447,Japan,East Asia,original_10,Kenji,male,25,janitor,a,he,him,his,is,works
P02448,Japan,East Asia,original_10,Kenji,male,25,journalist,a,he,him,his,is,works
P02449,Japan,East Asia,original_10,Kenji,male,25,lawyer,a,he,him,his,is,works
P02450,Japan,East Asia,original_10,Kenji,male,25,mechanic,a,he,him,his,is,works
P02451,Japan,East Asia,original_10,Kenji,male,25,paramedic,a,he,him,his,is,works
P02452,Japan,East Asia,original_10,Kenji,male,25,pharmacist,a,he,him,his,is,works
P02453,Japan,East Asia,original_10,Kenji,male,25,plumber,a,he,him,his,is,works
P02454,Japan,East Asia,original_10,Kenji,male,25,police officer,a,he,him,his,is,works
P02455,Japan,East Asia,original_10,Kenji,male,25,real estate agent,a,he,him,his,is,works
P02456,Japan,East Asia,original_10,Kenji,male,25,registered nurse,a,he,him,his,is,works
P02457,Japan,East Asia,original_10,Kenji,male,25,social worker,a,he,him,his,is,works
P02458,Japan,East Asia,original_10,Kenji,male,25,truck driver,a,he,him,his,is,works
P02459,Japan,East Asia,original_10,Kenji,male,25,veterinarian,a,he,him,his,is,works
P02460,Japan,East Asia,original_10,Kenji,male,25,waiter,a,he,him,his,is,works
P02461,Japan,East Asia,original_10,Kenji,male,45,accountant,an,he,him,his,is,works
P02462,Japan,East Asia,original_10,Kenji,male,45,administrative assistant,an,he,him,his,is,works
P02463,Japan,East Asia,original_10,Kenji,male,45,architect,an,he,him,his,is,works
P02464,Japan,East Asia,original_10,Kenji,male,45,bank teller,a,he,him,his,is,works
P02465,Japan,East Asia,original_10,Kenji,male,45,business manager,a,he,him,his,is,works
P02466,Japan,East Asia,original_10,Kenji,male,45,cashier,a,he,him,his,is,works
P02467,Japan,East Asia,original_10,Kenji,male,45,chef,a,he,him,his,is,works
P02468,Japan,East Asia,original_10,Kenji,male,45,civil engineer,a,he,him,his,is,works
P02469,Japan,East Asia,original_10,Kenji,male,45,computer programmer,a,he,him,his,is,works
P02470,Japan,East Asia,original_10,Kenji,male,45,construction worker,a,he,him,his,is,works
P02471,Japan,East Asia,original_10,Kenji,male,45,doctor,a,he,him,his,is,works
P02472,Japan,East Asia,original_10,Kenji,male,45,electrician,an,he,him,his,is,works
P02473,Japan,East Asia,original_10,Kenji,male,45,elementary school teacher,an,he,him,his,is,works
P02474,Japan,East Asia,original_10,Kenji,male,45,farmer,a,he,him,his,is,works
P02475,Japan,East Asia,original_10,Kenji,male,45,flight attendant,a,he,him,his,is,works
P02476,Japan,East Asia,original_10,Kenji,male,45,hairdresser,a,he,him,his,is,works
P02477,Japan,East Asia,original_10,Kenji,male,45,janitor,a,he,him,his,is,works
P02478,Japan,East Asia,original_10,Kenji,male,45,journalist,a,he,him,his,is,works
P02479,Japan,East Asia,original_10,Kenji,male,45,lawyer,a,he,him,his,is,works
P02480,Japan,East Asia,original_10,Kenji,male,45,mechanic,a,he,him,his,is,works
P02481,Japan,East Asia,original_10,Kenji,male,45,paramedic,a,he,him,his,is,works
P02482,Japan,East Asia,original_10,Kenji,male,45,pharmacist,a,he,him,his,is,works
P02483,Japan,East Asia,original_10,Kenji,male,45,plumber,a,he,him,his,is,works
P02484,Japan,East Asia,original_10,Kenji,male,45,police officer,a,he,him,his,is,works
P02485,Japan,East Asia,original_10,Kenji,male,45,real estate agent,a,he,him,his,is,works
P02486,Japan,East Asia,original_10,Kenji,male,45,registered nurse,a,he,him,his,is,works
P02487,Japan,East Asia,original_10,Kenji,male,45,social worker,a,he,him,his,is,works
P02488,Japan,East Asia,original_10,Kenji,male,45,truck driver,a,he,him,his,is,works
P02489,Japan,East Asia,original_10,Kenji,male,45,veterinarian,a,he,him,his,is,works
P02490,Japan,East Asia,original_10,Kenji,male,45,waiter,a,he,him,his,is,works
P02491,Japan,East Asia,original_10,Kenji,male,65,accountant,an,he,him,his,is,works
P02492,Japan,East Asia,original_10,Kenji,male,65,administrative assistant,an,he,him,his,is,works
P02493,Japan,East Asia,original_10,Kenji,male,65,architect,an,he,him,his,is,works
P02494,Japan,East Asia,original_10,Kenji,male,65,bank teller,a,he,him,his,is,works
P02495,Japan,East Asia,original_10,Kenji,male,65,business manager,a,he,him,his,is,works
P02496,Japan,East Asia,original_10,Kenji,male,65,cashier,a,he,him,his,is,works
P02497,Japan,East Asia,original_10,Kenji,male,65,chef,a,he,him,his,is,works
P02498,Japan,East Asia,original_10,Kenji,male,65,civil engineer,a,he,him,his,is,works
P02499,Japan,East Asia,original_10,Kenji,male,65,computer programmer,a,he,him,his,is,works
P02500,Japan,East Asia,original_10,Kenji,male,65,construction worker,a,he,him,his,is,works
P02501,Japan,East Asia,original_10,Kenji,male,65,doctor,a,he,him,his,is,works
P02502,Japan,East Asia,original_10,Kenji,male,65,electrician,an,he,him,his,is,works
P02503,Japan,East Asia,original_10,Kenji,male,65,elementary school teacher,an,he,him,his,is,works
P02504,Japan,East Asia,original_10,Kenji,male,65,farmer,a,he,him,his,is,works
P02505,Japan,East Asia,original_10,Kenji,male,65,flight attendant,a,he,him,his,is,works
P02506,Japan,East Asia,original_10,Kenji,male,65,hairdresser,a,he,him,his,is,works
P02507,Japan,East Asia,original_10,Kenji,male,65,janitor,a,he,him,his,is,works
P02508,Japan,East Asia,original_10,Kenji,male,65,journalist,a,he,him,his,is,works
P02509,Japan,East Asia,original_10,Kenji,male,65,lawyer,a,he,him,his,is,works
P02510,Japan,East Asia,original_10,Kenji,male,65,mechanic,a,he,him,his,is,works
P02511,Japan,East Asia,original_10,Kenji,male,65,paramedic,a,he,him,his,is,works
P02512,Japan,East Asia,original_10,Kenji,male,65,pharmacist,a,he,him,his,is,works
P02513,Japan,East Asia,original_10,Kenji,male,65,plumber,a,he,him,his,is,works
P02514,Japan,East Asia,original_10,Kenji,male,65,police officer,a,he,him,his,is,works
P02515,Japan,East Asia,original_10,Kenji,male,65,real estate agent,a,he,him,his,is,works
P02516,Japan,East Asia,original_10,Kenji,male,65,registered nurse,a,he,him,his,is,works
P02517,Japan,East Asia,original_10,Kenji,male,65,social worker,a,he,him,his,is,works
P02518,Japan,East Asia,original_10,Kenji,male,65,truck driver,a,he,him,his,is,works
P02519,Japan,East Asia,original_10,Kenji,male,65,veterinarian,a,he,him,his,is,works
P02520,Japan,East Asia,original_10,Kenji,male,65,waiter,a,he,him,his,is,works
P02521,Japan,East Asia,original_10,Yuki,female,25,accountant,an,she,her,her,is,works
P02522,Japan,East Asia,original_10,Yuki,female,25,administrative assistant,an,she,her,her,is,works
P02523,Japan,East Asia,original_10,Yuki,female,25,architect,an,she,her,her,is,works
P02524,Japan,East Asia,original_10,Yuki,female,25,bank teller,a,she,her,her,is,works
P02525,Japan,East Asia,original_10,Yuki,female,25,business manager,a,she,her,her,is,works
P02526,Japan,East Asia,original_10,Yuki,female,25,cashier,a,she,her,her,is,works
P02527,Japan,East Asia,original_10,Yuki,female,25,chef,a,she,her,her,is,works
P02528,Japan,East Asia,original_10,Yuki,female,25,civil engineer,a,she,her,her,is,works
P02529,Japan,East Asia,original_10,Yuki,female,25,computer programmer,a,she,her,her,is,works
P02530,Japan,East Asia,original_10,Yuki,female,25,construction worker,a,she,her,her,is,works
P02531,Japan,East Asia,original_10,Yuki,female,25,doctor,a,she,her,her,is,works
P02532,Japan,East Asia,original_10,Yuki,female,25,electrician,an,she,her,her,is,works
P02533,Japan,East Asia,original_10,Yuki,female,25,elementary school teacher,an,she,her,her,is,works
P02534,Japan,East Asia,original_10,Yuki,female,25,farmer,a,she,her,her,is,works
P02535,Japan,East Asia,original_10,Yuki,female,25,flight attendant,a,she,her,her,is,works
P02536,Japan,East Asia,original_10,Yuki,female,25,hairdresser,a,she,her,her,is,works
P02537,Japan,East Asia,original_10,Yuki,female,25,janitor,a,she,her,her,is,works
P02538,Japan,East Asia,original_10,Yuki,female,25,journalist,a,she,her,her,is,works
P02539,Japan,East Asia,original_10,Yuki,female,25,lawyer,a,she,her,her,is,works
P02540,Japan,East Asia,original_10,Yuki,female,25,mechanic,a,she,her,her,is,works
P02541,Japan,East Asia,original_10,Yuki,female,25,paramedic,a,she,her,her,is,works
P02542,Japan,East Asia,original_10,Yuki,female,25,pharmacist,a,she,her,her,is,works
P02543,Japan,East Asia,original_10,Yuki,female,25,plumber,a,she,her,her,is,works
P02544,Japan,East Asia,original_10,Yuki,female,25,police officer,a,she,her,her,is,works
P02545,Japan,East Asia,original_10,Yuki,female,25,real estate agent,a,she,her,her,is,works
P02546,Japan,East Asia,original_10,Yuki,female,25,registered nurse,a,she,her,her,is,works
P02547,Japan,East Asia,original_10,Yuki,female,25,social worker,a,she,her,her,is,works
P02548,Japan,East Asia,original_10,Yuki,female,25,truck driver,a,she,her,her,is,works
P02549,Japan,East Asia,original_10,Yuki,female,25,veterinarian,a,she,her,her,is,works
P02550,Japan,East Asia,original_10,Yuki,female,25,waiter,a,she,her,her,is,works
P02551,Japan,East Asia,original_10,Yuki,female,45,accountant,an,she,her,her,is,works
P02552,Japan,East Asia,original_10,Yuki,female,45,administrative assistant,an,she,her,her,is,works
P02553,Japan,East Asia,original_10,Yuki,female,45,architect,an,she,her,her,is,works
P02554,Japan,East Asia,original_10,Yuki,female,45,bank teller,a,she,her,her,is,works
P02555,Japan,East Asia,original_10,Yuki,female,45,business manager,a,she,her,her,is,works
P02556,Japan,East Asia,original_10,Yuki,female,45,cashier,a,she,her,her,is,works
P02557,Japan,East Asia,original_10,Yuki,female,45,chef,a,she,her,her,is,works
P02558,Japan,East Asia,original_10,Yuki,female,45,civil engineer,a,she,her,her,is,works
P02559,Japan,East Asia,original_10,Yuki,female,45,computer programmer,a,she,her,her,is,works
P02560,Japan,East Asia,original_10,Yuki,female,45,construction worker,a,she,her,her,is,works
P02561,Japan,East Asia,original_10,Yuki,female,45,doctor,a,she,her,her,is,works
P02562,Japan,East Asia,original_10,Yuki,female,45,electrician,an,she,her,her,is,works
P02563,Japan,East Asia,original_10,Yuki,female,45,elementary school teacher,an,she,her,her,is,works
P02564,Japan,East Asia,original_10,Yuki,female,45,farmer,a,she,her,her,is,works
P02565,Japan,East Asia,original_10,Yuki,female,45,flight attendant,a,she,her,her,is,works
P02566,Japan,East Asia,original_10,Yuki,female,45,hairdresser,a,she,her,her,is,works
P02567,Japan,East Asia,original_10,Yuki,female,45,janitor,a,she,her,her,is,works
P02568,Japan,East Asia,original_10,Yuki,female,45,journalist,a,she,her,her,is,works
P02569,Japan,East Asia,original_10,Yuki,female,45,lawyer,a,she,her,her,is,works
P02570,Japan,East Asia,original_10,Yuki,female,45,mechanic,a,she,her,her,is,works
P02571,Japan,East Asia,original_10,Yuki,female,45,paramedic,a,she,her,her,is,works
P02572,Japan,East Asia,original_10,Yuki,female,45,pharmacist,a,she,her,her,is,works
P02573,Japan,East Asia,original_10,Yuki,female,45,plumber,a,she,her,her,is,works
P02574,Japan,East Asia,original_10,Yuki,female,45,police officer,a,she,her,her,is,works
P02575,Japan,East Asia,original_10,Yuki,female,45,real estate agent,a,she,her,her,is,works
P02576,Japan,East Asia,original_10,Yuki,female,45,registered nurse,a,she,her,her,is,works
P02577,Japan,East Asia,original_10,Yuki,female,45,social worker,a,she,her,her,is,works
P02578,Japan,East Asia,original_10,Yuki,female,45,truck driver,a,she,her,her,is,works
P02579,Japan,East Asia,original_10,Yuki,female,45,veterinarian,a,she,her,her,is,works
P02580,Japan,East Asia,original_10,Yuki,female,45,waiter,a,she,her,her,is,works
P02581,Japan,East Asia,original_10,Yuki,female,65,accountant,an,she,her,her,is,works
P02582,Japan,East Asia,original_10,Yuki,female,65,administrative assistant,an,she,her,her,is,works
P02583,Japan,East Asia,original_10,Yuki,female,65,architect,an,she,her,her,is,works
P02584,Japan,East Asia,original_10,Yuki,female,65,bank teller,a,she,her,her,is,works
P02585,Japan,East Asia,original_10,Yuki,female,65,business manager,a,she,her,her,is,works
P02586,Japan,East Asia,original_10,Yuki,female,65,cashier,a,she,her,her,is,works
P02587,Japan,East Asia,original_10,Yuki,female,65,chef,a,she,her,her,is,works
P02588,Japan,East Asia,original_10,Yuki,female,65,civil engineer,a,she,her,her,is,works
P02589,Japan,East Asia,original_10,Yuki,female,65,computer programmer,a,she,her,her,is,works
P02590,Japan,East Asia,original_10,Yuki,female,65,construction worker,a,she,her,her,is,works
P02591,Japan,East Asia,original_10,Yuki,female,65,doctor,a,she,her,her,is,works
P02592,Japan,East Asia,original_10,Yuki,female,65,electrician,an,she,her,her,is,works
P02593,Japan,East Asia,original_10,Yuki,female,65,elementary school teacher,an,she,her,her,is,works
P02594,Japan,East Asia,original_10,Yuki,female,65,farmer,a,she,her,her,is,works
P02595,Japan,East Asia,original_10,Yuki,female,65,flight attendant,a,she,her,her,is,works
P02596,Japan,East Asia,original_10,Yuki,female,65,hairdresser,a,she,her,her,is,works
P02597,Japan,East Asia,original_10,Yuki,female,65,janitor,a,she,her,her,is,works
P02598,Japan,East Asia,original_10,Yuki,female,65,journalist,a,she,her,her,is,works
P02599,Japan,East Asia,original_10,Yuki,female,65,lawyer,a,she,her,her,is,works
P02600,Japan,East Asia,original_10,Yuki,female,65,mechanic,a,she,her,her,is,works
P02601,Japan,East Asia,original_10,Yuki,female,65,paramedic,a,she,her,her,is,works
P02602,Japan,East Asia,original_10,Yuki,female,65,pharmacist,a,she,her,her,is,works
P02603,Japan,East Asia,original_10,Yuki,female,65,plumber,a,she,her,her,is,works
P02604,Japan,East Asia,original_10,Yuki,female,65,police officer,a,she,her,her,is,works
P02605,Japan,East Asia,original_10,Yuki,female,65,real estate agent,a,she,her,her,is,works
P02606,Japan,East Asia,original_10,Yuki,female,65,registered nurse,a,she,her,her,is,works
P02607,Japan,East Asia,original_10,Yuki,female,65,social worker,a,she,her,her,is,works
P02608,Japan,East Asia,original_10,Yuki,female,65,truck driver,a,she,her,her,is,works
P02609,Japan,East Asia,original_10,Yuki,female,65,veterinarian,a,she,her,her,is,works
P02610,Japan,East Asia,original_10,Yuki,female,65,waiter,a,she,her,her,is,works
P02611,Japan,East Asia,original_10,Hikaru,neutral,25,accountant,an,they,them,their,are,work
P02612,Japan,East Asia,original_10,Hikaru,neutral,25,administrative assistant,an,they,them,their,are,work
P02613,Japan,East Asia,original_10,Hikaru,neutral,25,architect,an,they,them,their,are,work
P02614,Japan,East Asia,original_10,Hikaru,neutral,25,bank teller,a,they,them,their,are,work
P02615,Japan,East Asia,original_10,Hikaru,neutral,25,business manager,a,they,them,their,are,work
P02616,Japan,East Asia,original_10,Hikaru,neutral,25,cashier,a,they,them,their,are,work
P02617,Japan,East Asia,original_10,Hikaru,neutral,25,chef,a,they,them,their,are,work
P02618,Japan,East Asia,original_10,Hikaru,neutral,25,civil engineer,a,they,them,their,are,work
P02619,Japan,East Asia,original_10,Hikaru,neutral,25,computer programmer,a,they,them,their,are,work
P02620,Japan,East Asia,original_10,Hikaru,neutral,25,construction worker,a,they,them,their,are,work
P02621,Japan,East Asia,original_10,Hikaru,neutral,25,doctor,a,they,them,their,are,work
P02622,Japan,East Asia,original_10,Hikaru,neutral,25,electrician,an,they,them,their,are,work
P02623,Japan,East Asia,original_10,Hikaru,neutral,25,elementary school teacher,an,they,them,their,are,work
P02624,Japan,East Asia,original_10,Hikaru,neutral,25,farmer,a,they,them,their,are,work
P02625,Japan,East Asia,original_10,Hikaru,neutral,25,flight attendant,a,they,them,their,are,work
P02626,Japan,East Asia,original_10,Hikaru,neutral,25,hairdresser,a,they,them,their,are,work
P02627,Japan,East Asia,original_10,Hikaru,neutral,25,janitor,a,they,them,their,are,work
P02628,Japan,East Asia,original_10,Hikaru,neutral,25,journalist,a,they,them,their,are,work
P02629,Japan,East Asia,original_10,Hikaru,neutral,25,lawyer,a,they,them,their,are,work
P02630,Japan,East Asia,original_10,Hikaru,neutral,25,mechanic,a,they,them,their,are,work
P02631,Japan,East Asia,original_10,Hikaru,neutral,25,paramedic,a,they,them,their,are,work
P02632,Japan,East Asia,original_10,Hikaru,neutral,25,pharmacist,a,they,them,their,are,work
P02633,Japan,East Asia,original_10,Hikaru,neutral,25,plumber,a,they,them,their,are,work
P02634,Japan,East Asia,original_10,Hikaru,neutral,25,police officer,a,they,them,their,are,work
P02635,Japan,East Asia,original_10,Hikaru,neutral,25,real estate agent,a,they,them,their,are,work
P02636,Japan,East Asia,original_10,Hikaru,neutral,25,registered nurse,a,they,them,their,are,work
P02637,Japan,East Asia,original_10,Hikaru,neutral,25,social worker,a,they,them,their,are,work
P02638,Japan,East Asia,original_10,Hikaru,neutral,25,truck driver,a,they,them,their,are,work
P02639,Japan,East Asia,original_10,Hikaru,neutral,25,veterinarian,a,they,them,their,are,work
P02640,Japan,East Asia,original_10,Hikaru,neutral,25,waiter,a,they,them,their,are,work
P02641,Japan,East Asia,original_10,Hikaru,neutral,45,accountant,an,they,them,their,are,work
P02642,Japan,East Asia,original_10,Hikaru,neutral,45,administrative assistant,an,they,them,their,are,work
P02643,Japan,East Asia,original_10,Hikaru,neutral,45,architect,an,they,them,their,are,work
P02644,Japan,East Asia,original_10,Hikaru,neutral,45,bank teller,a,they,them,their,are,work
P02645,Japan,East Asia,original_10,Hikaru,neutral,45,business manager,a,they,them,their,are,work
P02646,Japan,East Asia,original_10,Hikaru,neutral,45,cashier,a,they,them,their,are,work
P02647,Japan,East Asia,original_10,Hikaru,neutral,45,chef,a,they,them,their,are,work
P02648,Japan,East Asia,original_10,Hikaru,neutral,45,civil engineer,a,they,them,their,are,work
P02649,Japan,East Asia,original_10,Hikaru,neutral,45,computer programmer,a,they,them,their,are,work
P02650,Japan,East Asia,original_10,Hikaru,neutral,45,construction worker,a,they,them,their,are,work
P02651,Japan,East Asia,original_10,Hikaru,neutral,45,doctor,a,they,them,their,are,work
P02652,Japan,East Asia,original_10,Hikaru,neutral,45,electrician,an,they,them,their,are,work
P02653,Japan,East Asia,original_10,Hikaru,neutral,45,elementary school teacher,an,they,them,their,are,work
P02654,Japan,East Asia,original_10,Hikaru,neutral,45,farmer,a,they,them,their,are,work
P02655,Japan,East Asia,original_10,Hikaru,neutral,45,flight attendant,a,they,them,their,are,work
P02656,Japan,East Asia,original_10,Hikaru,neutral,45,hairdresser,a,they,them,their,are,work
P02657,Japan,East Asia,original_10,Hikaru,neutral,45,janitor,a,they,them,their,are,work
P02658,Japan,East Asia,original_10,Hikaru,neutral,45,journalist,a,they,them,their,are,work
P02659,Japan,East Asia,original_10,Hikaru,neutral,45,lawyer,a,they,them,their,are,work
P02660,Japan,East Asia,original_10,Hikaru,neutral,45,mechanic,a,they,them,their,are,work
P02661,Japan,East Asia,original_10,Hikaru,neutral,45,paramedic,a,they,them,their,are,work
P02662,Japan,East Asia,original_10,Hikaru,neutral,45,pharmacist,a,they,them,their,are,work
P02663,Japan,East Asia,original_10,Hikaru,neutral,45,plumber,a,they,them,their,are,work
P02664,Japan,East Asia,original_10,Hikaru,neutral,45,police officer,a,they,them,their,are,work
P02665,Japan,East Asia,original_10,Hikaru,neutral,45,real estate agent,a,they,them,their,are,work
P02666,Japan,East Asia,original_10,Hikaru,neutral,45,registered nurse,a,they,them,their,are,work
P02667,Japan,East Asia,original_10,Hikaru,neutral,45,social worker,a,they,them,their,are,work
P02668,Japan,East Asia,original_10,Hikaru,neutral,45,truck driver,a,they,them,their,are,work
P02669,Japan,East Asia,original_10,Hikaru,neutral,45,veterinarian,a,they,them,their,are,work
P02670,Japan,East Asia,original_10,Hikaru,neutral,45,waiter,a,they,them,their,are,work
P02671,Japan,East Asia,original_10,Hikaru,neutral,65,accountant,an,they,them,their,are,work
P02672,Japan,East Asia,original_10,Hikaru,neutral,65,administrative assistant,an,they,them,their,are,work
P02673,Japan,East Asia,original_10,Hikaru,neutral,65,architect,an,they,them,their,are,work
P02674,Japan,East Asia,original_10,Hikaru,neutral,65,bank teller,a,they,them,their,are,work
P02675,Japan,East Asia,original_10,Hikaru,neutral,65,business manager,a,they,them,their,are,work
P02676,Japan,East Asia,original_10,Hikaru,neutral,65,cashier,a,they,them,their,are,work
P02677,Japan,East Asia,original_10,Hikaru,neutral,65,chef,a,they,them,their,are,work
P02678,Japan,East Asia,original_10,Hikaru,neutral,65,civil engineer,a,they,them,their,are,work
P02679,Japan,East Asia,original_10,Hikaru,neutral,65,computer programmer,a,they,them,their,are,work
P02680,Japan,East Asia,original_10,Hikaru,neutral,65,construction worker,a,they,them,their,are,work
P02681,Japan,East Asia,original_10,Hikaru,neutral,65,doctor,a,they,them,their,are,work
P02682,Japan,East Asia,original_10,Hikaru,neutral,65,electrician,an,they,them,their,are,work
P02683,Japan,East Asia,original_10,Hikaru,neutral,65,elementary school teacher,an,they,them,their,are,work
P02684,Japan,East Asia,original_10,Hikaru,neutral,65,farmer,a,they,them,their,are,work
P02685,Japan,East Asia,original_10,Hikaru,neutral,65,flight attendant,a,they,them,their,are,work
P02686,Japan,East Asia,original_10,Hikaru,neutral,65,hairdresser,a,they,them,their,are,work
P02687,Japan,East Asia,original_10,Hikaru,neutral,65,janitor,a,they,them,their,are,work
P02688,Japan,East Asia,original_10,Hikaru,neutral,65,journalist,a,they,them,their,are,work
P02689,Japan,East Asia,original_10,Hikaru,neutral,65,lawyer,a,they,them,their,are,work
P02690,Japan,East Asia,original_10,Hikaru,neutral,65,mechanic,a,they,them,their,are,work
P02691,Japan,East Asia,original_10,Hikaru,neutral,65,paramedic,a,they,them,their,are,work
P02692,Japan,East Asia,original_10,Hikaru,neutral,65,pharmacist,a,they,them,their,are,work
P02693,Japan,East Asia,original_10,Hikaru,neutral,65,plumber,a,they,them,their,are,work
P02694,Japan,East Asia,original_10,Hikaru,neutral,65,police officer,a,they,them,their,are,work
P02695,Japan,East Asia,original_10,Hikaru,neutral,65,real estate agent,a,they,them,their,are,work
P02696,Japan,East Asia,original_10,Hikaru,neutral,65,registered nurse,a,they,them,their,are,work
P02697,Japan,East Asia,original_10,Hikaru,neutral,65,social worker,a,they,them,their,are,work
P02698,Japan,East Asia,original_10,Hikaru,neutral,65,truck driver,a,they,them,their,are,work
P02699,Japan,East Asia,original_10,Hikaru,neutral,65,veterinarian,a,they,them,their,are,work
P02700,Japan,East Asia,original_10,Hikaru,neutral,65,waiter,a,they,them,their,are,work
P02701,Kenya,Africa,original_10,James,male,25,accountant,an,he,him,his,is,works
P02702,Kenya,Africa,original_10,James,male,25,administrative assistant,an,he,him,his,is,works
P02703,Kenya,Africa,original_10,James,male,25,architect,an,he,him,his,is,works
P02704,Kenya,Africa,original_10,James,male,25,bank teller,a,he,him,his,is,works
P02705,Kenya,Africa,original_10,James,male,25,business manager,a,he,him,his,is,works
P02706,Kenya,Africa,original_10,James,male,25,cashier,a,he,him,his,is,works
P02707,Kenya,Africa,original_10,James,male,25,chef,a,he,him,his,is,works
P02708,Kenya,Africa,original_10,James,male,25,civil engineer,a,he,him,his,is,works
P02709,Kenya,Africa,original_10,James,male,25,computer programmer,a,he,him,his,is,works
P02710,Kenya,Africa,original_10,James,male,25,construction worker,a,he,him,his,is,works
P02711,Kenya,Africa,original_10,James,male,25,doctor,a,he,him,his,is,works
P02712,Kenya,Africa,original_10,James,male,25,electrician,an,he,him,his,is,works
P02713,Kenya,Africa,original_10,James,male,25,elementary school teacher,an,he,him,his,is,works
P02714,Kenya,Africa,original_10,James,male,25,farmer,a,he,him,his,is,works
P02715,Kenya,Africa,original_10,James,male,25,flight attendant,a,he,him,his,is,works
P02716,Kenya,Africa,original_10,James,male,25,hairdresser,a,he,him,his,is,works
P02717,Kenya,Africa,original_10,James,male,25,janitor,a,he,him,his,is,works
P02718,Kenya,Africa,original_10,James,male,25,journalist,a,he,him,his,is,works
P02719,Kenya,Africa,original_10,James,male,25,lawyer,a,he,him,his,is,works
P02720,Kenya,Africa,original_10,James,male,25,mechanic,a,he,him,his,is,works
P02721,Kenya,Africa,original_10,James,male,25,paramedic,a,he,him,his,is,works
P02722,Kenya,Africa,original_10,James,male,25,pharmacist,a,he,him,his,is,works
P02723,Kenya,Africa,original_10,James,male,25,plumber,a,he,him,his,is,works
P02724,Kenya,Africa,original_10,James,male,25,police officer,a,he,him,his,is,works
P02725,Kenya,Africa,original_10,James,male,25,real estate agent,a,he,him,his,is,works
P02726,Kenya,Africa,original_10,James,male,25,registered nurse,a,he,him,his,is,works
P02727,Kenya,Africa,original_10,James,male,25,social worker,a,he,him,his,is,works
P02728,Kenya,Africa,original_10,James,male,25,truck driver,a,he,him,his,is,works
P02729,Kenya,Africa,original_10,James,male,25,veterinarian,a,he,him,his,is,works
P02730,Kenya,Africa,original_10,James,male,25,waiter,a,he,him,his,is,works
P02731,Kenya,Africa,original_10,James,male,45,accountant,an,he,him,his,is,works
P02732,Kenya,Africa,original_10,James,male,45,administrative assistant,an,he,him,his,is,works
P02733,Kenya,Africa,original_10,James,male,45,architect,an,he,him,his,is,works
P02734,Kenya,Africa,original_10,James,male,45,bank teller,a,he,him,his,is,works
P02735,Kenya,Africa,original_10,James,male,45,business manager,a,he,him,his,is,works
P02736,Kenya,Africa,original_10,James,male,45,cashier,a,he,him,his,is,works
P02737,Kenya,Africa,original_10,James,male,45,chef,a,he,him,his,is,works
P02738,Kenya,Africa,original_10,James,male,45,civil engineer,a,he,him,his,is,works
P02739,Kenya,Africa,original_10,James,male,45,computer programmer,a,he,him,his,is,works
P02740,Kenya,Africa,original_10,James,male,45,construction worker,a,he,him,his,is,works
P02741,Kenya,Africa,original_10,James,male,45,doctor,a,he,him,his,is,works
P02742,Kenya,Africa,original_10,James,male,45,electrician,an,he,him,his,is,works
P02743,Kenya,Africa,original_10,James,male,45,elementary school teacher,an,he,him,his,is,works
P02744,Kenya,Africa,original_10,James,male,45,farmer,a,he,him,his,is,works
P02745,Kenya,Africa,original_10,James,male,45,flight attendant,a,he,him,his,is,works
P02746,Kenya,Africa,original_10,James,male,45,hairdresser,a,he,him,his,is,works
P02747,Kenya,Africa,original_10,James,male,45,janitor,a,he,him,his,is,works
P02748,Kenya,Africa,original_10,James,male,45,journalist,a,he,him,his,is,works
P02749,Kenya,Africa,original_10,James,male,45,lawyer,a,he,him,his,is,works
P02750,Kenya,Africa,original_10,James,male,45,mechanic,a,he,him,his,is,works
P02751,Kenya,Africa,original_10,James,male,45,paramedic,a,he,him,his,is,works
P02752,Kenya,Africa,original_10,James,male,45,pharmacist,a,he,him,his,is,works
P02753,Kenya,Africa,original_10,James,male,45,plumber,a,he,him,his,is,works
P02754,Kenya,Africa,original_10,James,male,45,police officer,a,he,him,his,is,works
P02755,Kenya,Africa,original_10,James,male,45,real estate agent,a,he,him,his,is,works
P02756,Kenya,Africa,original_10,James,male,45,registered nurse,a,he,him,his,is,works
P02757,Kenya,Africa,original_10,James,male,45,social worker,a,he,him,his,is,works
P02758,Kenya,Africa,original_10,James,male,45,truck driver,a,he,him,his,is,works
P02759,Kenya,Africa,original_10,James,male,45,veterinarian,a,he,him,his,is,works
P02760,Kenya,Africa,original_10,James,male,45,waiter,a,he,him,his,is,works
P02761,Kenya,Africa,original_10,James,male,65,accountant,an,he,him,his,is,works
P02762,Kenya,Africa,original_10,James,male,65,administrative assistant,an,he,him,his,is,works
P02763,Kenya,Africa,original_10,James,male,65,architect,an,he,him,his,is,works
P02764,Kenya,Africa,original_10,James,male,65,bank teller,a,he,him,his,is,works
P02765,Kenya,Africa,original_10,James,male,65,business manager,a,he,him,his,is,works
P02766,Kenya,Africa,original_10,James,male,65,cashier,a,he,him,his,is,works
P02767,Kenya,Africa,original_10,James,male,65,chef,a,he,him,his,is,works
P02768,Kenya,Africa,original_10,James,male,65,civil engineer,a,he,him,his,is,works
P02769,Kenya,Africa,original_10,James,male,65,computer programmer,a,he,him,his,is,works
P02770,Kenya,Africa,original_10,James,male,65,construction worker,a,he,him,his,is,works
P02771,Kenya,Africa,original_10,James,male,65,doctor,a,he,him,his,is,works
P02772,Kenya,Africa,original_10,James,male,65,electrician,an,he,him,his,is,works
P02773,Kenya,Africa,original_10,James,male,65,elementary school teacher,an,he,him,his,is,works
P02774,Kenya,Africa,original_10,James,male,65,farmer,a,he,him,his,is,works
P02775,Kenya,Africa,original_10,James,male,65,flight attendant,a,he,him,his,is,works
P02776,Kenya,Africa,original_10,James,male,65,hairdresser,a,he,him,his,is,works
P02777,Kenya,Africa,original_10,James,male,65,janitor,a,he,him,his,is,works
P02778,Kenya,Africa,original_10,James,male,65,journalist,a,he,him,his,is,works
P02779,Kenya,Africa,original_10,James,male,65,lawyer,a,he,him,his,is,works
P02780,Kenya,Africa,original_10,James,male,65,mechanic,a,he,him,his,is,works
P02781,Kenya,Africa,original_10,James,male,65,paramedic,a,he,him,his,is,works
P02782,Kenya,Africa,original_10,James,male,65,pharmacist,a,he,him,his,is,works
P02783,Kenya,Africa,original_10,James,male,65,plumber,a,he,him,his,is,works
P02784,Kenya,Africa,original_10,James,male,65,police officer,a,he,him,his,is,works
P02785,Kenya,Africa,original_10,James,male,65,real estate agent,a,he,him,his,is,works
P02786,Kenya,Africa,original_10,James,male,65,registered nurse,a,he,him,his,is,works
P02787,Kenya,Africa,original_10,James,male,65,social worker,a,he,him,his,is,works
P02788,Kenya,Africa,original_10,James,male,65,truck driver,a,he,him,his,is,works
P02789,Kenya,Africa,original_10,James,male,65,veterinarian,a,he,him,his,is,works
P02790,Kenya,Africa,original_10,James,male,65,waiter,a,he,him,his,is,works
P02791,Kenya,Africa,original_10,Aisha,female,25,accountant,an,she,her,her,is,works
P02792,Kenya,Africa,original_10,Aisha,female,25,administrative assistant,an,she,her,her,is,works
P02793,Kenya,Africa,original_10,Aisha,female,25,architect,an,she,her,her,is,works
P02794,Kenya,Africa,original_10,Aisha,female,25,bank teller,a,she,her,her,is,works
P02795,Kenya,Africa,original_10,Aisha,female,25,business manager,a,she,her,her,is,works
P02796,Kenya,Africa,original_10,Aisha,female,25,cashier,a,she,her,her,is,works
P02797,Kenya,Africa,original_10,Aisha,female,25,chef,a,she,her,her,is,works
P02798,Kenya,Africa,original_10,Aisha,female,25,civil engineer,a,she,her,her,is,works
P02799,Kenya,Africa,original_10,Aisha,female,25,computer programmer,a,she,her,her,is,works
P02800,Kenya,Africa,original_10,Aisha,female,25,construction worker,a,she,her,her,is,works
P02801,Kenya,Africa,original_10,Aisha,female,25,doctor,a,she,her,her,is,works
P02802,Kenya,Africa,original_10,Aisha,female,25,electrician,an,she,her,her,is,works
P02803,Kenya,Africa,original_10,Aisha,female,25,elementary school teacher,an,she,her,her,is,works
P02804,Kenya,Africa,original_10,Aisha,female,25,farmer,a,she,her,her,is,works
P02805,Kenya,Africa,original_10,Aisha,female,25,flight attendant,a,she,her,her,is,works
P02806,Kenya,Africa,original_10,Aisha,female,25,hairdresser,a,she,her,her,is,works
P02807,Kenya,Africa,original_10,Aisha,female,25,janitor,a,she,her,her,is,works
P02808,Kenya,Africa,original_10,Aisha,female,25,journalist,a,she,her,her,is,works
P02809,Kenya,Africa,original_10,Aisha,female,25,lawyer,a,she,her,her,is,works
P02810,Kenya,Africa,original_10,Aisha,female,25,mechanic,a,she,her,her,is,works
P02811,Kenya,Africa,original_10,Aisha,female,25,paramedic,a,she,her,her,is,works
P02812,Kenya,Africa,original_10,Aisha,female,25,pharmacist,a,she,her,her,is,works
P02813,Kenya,Africa,original_10,Aisha,female,25,plumber,a,she,her,her,is,works
P02814,Kenya,Africa,original_10,Aisha,female,25,police officer,a,she,her,her,is,works
P02815,Kenya,Africa,original_10,Aisha,female,25,real estate agent,a,she,her,her,is,works
P02816,Kenya,Africa,original_10,Aisha,female,25,registered nurse,a,she,her,her,is,works
P02817,Kenya,Africa,original_10,Aisha,female,25,social worker,a,she,her,her,is,works
P02818,Kenya,Africa,original_10,Aisha,female,25,truck driver,a,she,her,her,is,works
P02819,Kenya,Africa,original_10,Aisha,female,25,veterinarian,a,she,her,her,is,works
P02820,Kenya,Africa,original_10,Aisha,female,25,waiter,a,she,her,her,is,works
P02821,Kenya,Africa,original_10,Aisha,female,45,accountant,an,she,her,her,is,works
P02822,Kenya,Africa,original_10,Aisha,female,45,administrative assistant,an,she,her,her,is,works
P02823,Kenya,Africa,original_10,Aisha,female,45,architect,an,she,her,her,is,works
P02824,Kenya,Africa,original_10,Aisha,female,45,bank teller,a,she,her,her,is,works
P02825,Kenya,Africa,original_10,Aisha,female,45,business manager,a,she,her,her,is,works
P02826,Kenya,Africa,original_10,Aisha,female,45,cashier,a,she,her,her,is,works
P02827,Kenya,Africa,original_10,Aisha,female,45,chef,a,she,her,her,is,works
P02828,Kenya,Africa,original_10,Aisha,female,45,civil engineer,a,she,her,her,is,works
P02829,Kenya,Africa,original_10,Aisha,female,45,computer programmer,a,she,her,her,is,works
P02830,Kenya,Africa,original_10,Aisha,female,45,construction worker,a,she,her,her,is,works
P02831,Kenya,Africa,original_10,Aisha,female,45,doctor,a,she,her,her,is,works
P02832,Kenya,Africa,original_10,Aisha,female,45,electrician,an,she,her,her,is,works
P02833,Kenya,Africa,original_10,Aisha,female,45,elementary school teacher,an,she,her,her,is,works
P02834,Kenya,Africa,original_10,Aisha,female,45,farmer,a,she,her,her,is,works
P02835,Kenya,Africa,original_10,Aisha,female,45,flight attendant,a,she,her,her,is,works
P02836,Kenya,Africa,original_10,Aisha,female,45,hairdresser,a,she,her,her,is,works
P02837,Kenya,Africa,original_10,Aisha,female,45,janitor,a,she,her,her,is,works
P02838,Kenya,Africa,original_10,Aisha,female,45,journalist,a,she,her,her,is,works
P02839,Kenya,Africa,original_10,Aisha,female,45,lawyer,a,she,her,her,is,works
P02840,Kenya,Africa,original_10,Aisha,female,45,mechanic,a,she,her,her,is,works
P02841,Kenya,Africa,original_10,Aisha,female,45,paramedic,a,she,her,her,is,works
P02842,Kenya,Africa,original_10,Aisha,female,45,pharmacist,a,she,her,her,is,works
P02843,Kenya,Africa,original_10,Aisha,female,45,plumber,a,she,her,her,is,works
P02844,Kenya,Africa,original_10,Aisha,female,45,police officer,a,she,her,her,is,works
P02845,Kenya,Africa,original_10,Aisha,female,45,real estate agent,a,she,her,her,is,works
P02846,Kenya,Africa,original_10,Aisha,female,45,registered nurse,a,she,her,her,is,works
P02847,Kenya,Africa,original_10,Aisha,female,45,social worker,a,she,her,her,is,works
P02848,Kenya,Africa,original_10,Aisha,female,45,truck driver,a,she,her,her,is,works
P02849,Kenya,Africa,original_10,Aisha,female,45,veterinarian,a,she,her,her,is,works
P02850,Kenya,Africa,original_10,Aisha,female,45,waiter,a,she,her,her,is,works
P02851,Kenya,Africa,original_10,Aisha,female,65,accountant,an,she,her,her,is,works
P02852,Kenya,Africa,original_10,Aisha,female,65,administrative assistant,an,she,her,her,is,works
P02853,Kenya,Africa,original_10,Aisha,female,65,architect,an,she,her,her,is,works
P02854,Kenya,Africa,original_10,Aisha,female,65,bank teller,a,she,her,her,is,works
P02855,Kenya,Africa,original_10,Aisha,female,65,business manager,a,she,her,her,is,works
P02856,Kenya,Africa,original_10,Aisha,female,65,cashier,a,she,her,her,is,works
P02857,Kenya,Africa,original_10,Aisha,female,65,chef,a,she,her,her,is,works
P02858,Kenya,Africa,original_10,Aisha,female,65,civil engineer,a,she,her,her,is,works
P02859,Kenya,Africa,original_10,Aisha,female,65,computer programmer,a,she,her,her,is,works
P02860,Kenya,Africa,original_10,Aisha,female,65,construction worker,a,she,her,her,is,works
P02861,Kenya,Africa,original_10,Aisha,female,65,doctor,a,she,her,her,is,works
P02862,Kenya,Africa,original_10,Aisha,female,65,electrician,an,she,her,her,is,works
P02863,Kenya,Africa,original_10,Aisha,female,65,elementary school teacher,an,she,her,her,is,works
P02864,Kenya,Africa,original_10,Aisha,female,65,farmer,a,she,her,her,is,works
P02865,Kenya,Africa,original_10,Aisha,female,65,flight attendant,a,she,her,her,is,works
P02866,Kenya,Africa,original_10,Aisha,female,65,hairdresser,a,she,her,her,is,works
P02867,Kenya,Africa,original_10,Aisha,female,65,janitor,a,she,her,her,is,works
P02868,Kenya,Africa,original_10,Aisha,female,65,journalist,a,she,her,her,is,works
P02869,Kenya,Africa,original_10,Aisha,female,65,lawyer,a,she,her,her,is,works
P02870,Kenya,Africa,original_10,Aisha,female,65,mechanic,a,she,her,her,is,works
P02871,Kenya,Africa,original_10,Aisha,female,65,paramedic,a,she,her,her,is,works
P02872,Kenya,Africa,original_10,Aisha,female,65,pharmacist,a,she,her,her,is,works
P02873,Kenya,Africa,original_10,Aisha,female,65,plumber,a,she,her,her,is,works
P02874,Kenya,Africa,original_10,Aisha,female,65,police officer,a,she,her,her,is,works
P02875,Kenya,Africa,original_10,Aisha,female,65,real estate agent,a,she,her,her,is,works
P02876,Kenya,Africa,original_10,Aisha,female,65,registered nurse,a,she,her,her,is,works
P02877,Kenya,Africa,original_10,Aisha,female,65,social worker,a,she,her,her,is,works
P02878,Kenya,Africa,original_10,Aisha,female,65,truck driver,a,she,her,her,is,works
P02879,Kenya,Africa,original_10,Aisha,female,65,veterinarian,a,she,her,her,is,works
P02880,Kenya,Africa,original_10,Aisha,female,65,waiter,a,she,her,her,is,works
P02881,Kenya,Africa,original_10,Amani,neutral,25,accountant,an,they,them,their,are,work
P02882,Kenya,Africa,original_10,Amani,neutral,25,administrative assistant,an,they,them,their,are,work
P02883,Kenya,Africa,original_10,Amani,neutral,25,architect,an,they,them,their,are,work
P02884,Kenya,Africa,original_10,Amani,neutral,25,bank teller,a,they,them,their,are,work
P02885,Kenya,Africa,original_10,Amani,neutral,25,business manager,a,they,them,their,are,work
P02886,Kenya,Africa,original_10,Amani,neutral,25,cashier,a,they,them,their,are,work
P02887,Kenya,Africa,original_10,Amani,neutral,25,chef,a,they,them,their,are,work
P02888,Kenya,Africa,original_10,Amani,neutral,25,civil engineer,a,they,them,their,are,work
P02889,Kenya,Africa,original_10,Amani,neutral,25,computer programmer,a,they,them,their,are,work
P02890,Kenya,Africa,original_10,Amani,neutral,25,construction worker,a,they,them,their,are,work
P02891,Kenya,Africa,original_10,Amani,neutral,25,doctor,a,they,them,their,are,work
P02892,Kenya,Africa,original_10,Amani,neutral,25,electrician,an,they,them,their,are,work
P02893,Kenya,Africa,original_10,Amani,neutral,25,elementary school teacher,an,they,them,their,are,work
P02894,Kenya,Africa,original_10,Amani,neutral,25,farmer,a,they,them,their,are,work
P02895,Kenya,Africa,original_10,Amani,neutral,25,flight attendant,a,they,them,their,are,work
P02896,Kenya,Africa,original_10,Amani,neutral,25,hairdresser,a,they,them,their,are,work
P02897,Kenya,Africa,original_10,Amani,neutral,25,janitor,a,they,them,their,are,work
P02898,Kenya,Africa,original_10,Amani,neutral,25,journalist,a,they,them,their,are,work
P02899,Kenya,Africa,original_10,Amani,neutral,25,lawyer,a,they,them,their,are,work
P02900,Kenya,Africa,original_10,Amani,neutral,25,mechanic,a,they,them,their,are,work
P02901,Kenya,Africa,original_10,Amani,neutral,25,paramedic,a,they,them,their,are,work
P02902,Kenya,Africa,original_10,Amani,neutral,25,pharmacist,a,they,them,their,are,work
P02903,Kenya,Africa,original_10,Amani,neutral,25,plumber,a,they,them,their,are,work
P02904,Kenya,Africa,original_10,Amani,neutral,25,police officer,a,they,them,their,are,work
P02905,Kenya,Africa,original_10,Amani,neutral,25,real estate agent,a,they,them,their,are,work
P02906,Kenya,Africa,original_10,Amani,neutral,25,registered nurse,a,they,them,their,are,work
P02907,Kenya,Africa,original_10,Amani,neutral,25,social worker,a,they,them,their,are,work
P02908,Kenya,Africa,original_10,Amani,neutral,25,truck driver,a,they,them,their,are,work
P02909,Kenya,Africa,original_10,Amani,neutral,25,veterinarian,a,they,them,their,are,work
P02910,Kenya,Africa,original_10,Amani,neutral,25,waiter,a,they,them,their,are,work
P02911,Kenya,Africa,original_10,Amani,neutral,45,accountant,an,they,them,their,are,work
P02912,Kenya,Africa,original_10,Amani,neutral,45,administrative assistant,an,they,them,their,are,work
P02913,Kenya,Africa,original_10,Amani,neutral,45,architect,an,they,them,their,are,work
P02914,Kenya,Africa,original_10,Amani,neutral,45,bank teller,a,they,them,their,are,work
P02915,Kenya,Africa,original_10,Amani,neutral,45,business manager,a,they,them,their,are,work
P02916,Kenya,Africa,original_10,Amani,neutral,45,cashier,a,they,them,their,are,work
P02917,Kenya,Africa,original_10,Amani,neutral,45,chef,a,they,them,their,are,work
P02918,Kenya,Africa,original_10,Amani,neutral,45,civil engineer,a,they,them,their,are,work
P02919,Kenya,Africa,original_10,Amani,neutral,45,computer programmer,a,they,them,their,are,work
P02920,Kenya,Africa,original_10,Amani,neutral,45,construction worker,a,they,them,their,are,work
P02921,Kenya,Africa,original_10,Amani,neutral,45,doctor,a,they,them,their,are,work
P02922,Kenya,Africa,original_10,Amani,neutral,45,electrician,an,they,them,their,are,work
P02923,Kenya,Africa,original_10,Amani,neutral,45,elementary school teacher,an,they,them,their,are,work
P02924,Kenya,Africa,original_10,Amani,neutral,45,farmer,a,they,them,their,are,work
P02925,Kenya,Africa,original_10,Amani,neutral,45,flight attendant,a,they,them,their,are,work
P02926,Kenya,Africa,original_10,Amani,neutral,45,hairdresser,a,they,them,their,are,work
P02927,Kenya,Africa,original_10,Amani,neutral,45,janitor,a,they,them,their,are,work
P02928,Kenya,Africa,original_10,Amani,neutral,45,journalist,a,they,them,their,are,work
P02929,Kenya,Africa,original_10,Amani,neutral,45,lawyer,a,they,them,their,are,work
P02930,Kenya,Africa,original_10,Amani,neutral,45,mechanic,a,they,them,their,are,work
P02931,Kenya,Africa,original_10,Amani,neutral,45,paramedic,a,they,them,their,are,work
P02932,Kenya,Africa,original_10,Amani,neutral,45,pharmacist,a,they,them,their,are,work
P02933,Kenya,Africa,original_10,Amani,neutral,45,plumber,a,they,them,their,are,work
P02934,Kenya,Africa,original_10,Amani,neutral,45,police officer,a,they,them,their,are,work
P02935,Kenya,Africa,original_10,Amani,neutral,45,real estate agent,a,they,them,their,are,work
P02936,Kenya,Africa,original_10,Amani,neutral,45,registered nurse,a,they,them,their,are,work
P02937,Kenya,Africa,original_10,Amani,neutral,45,social worker,a,they,them,their,are,work
P02938,Kenya,Africa,original_10,Amani,neutral,45,truck driver,a,they,them,their,are,work
P02939,Kenya,Africa,original_10,Amani,neutral,45,veterinarian,a,they,them,their,are,work
P02940,Kenya,Africa,original_10,Amani,neutral,45,waiter,a,they,them,their,are,work
P02941,Kenya,Africa,original_10,Amani,neutral,65,accountant,an,they,them,their,are,work
P02942,Kenya,Africa,original_10,Amani,neutral,65,administrative assistant,an,they,them,their,are,work
P02943,Kenya,Africa,original_10,Amani,neutral,65,architect,an,they,them,their,are,work
P02944,Kenya,Africa,original_10,Amani,neutral,65,bank teller,a,they,them,their,are,work
P02945,Kenya,Africa,original_10,Amani,neutral,65,business manager,a,they,them,their,are,work
P02946,Kenya,Africa,original_10,Amani,neutral,65,cashier,a,they,them,their,are,work
P02947,Kenya,Africa,original_10,Amani,neutral,65,chef,a,they,them,their,are,work
P02948,Kenya,Africa,original_10,Amani,neutral,65,civil engineer,a,they,them,their,are,work
P02949,Kenya,Africa,original_10,Amani,neutral,65,computer programmer,a,they,them,their,are,work
P02950,Kenya,Africa,original_10,Amani,neutral,65,construction worker,a,they,them,their,are,work
P02951,Kenya,Africa,original_10,Amani,neutral,65,doctor,a,they,them,their,are,work
P02952,Kenya,Africa,original_10,Amani,neutral,65,electrician,an,they,them,their,are,work
P02953,Kenya,Africa,original_10,Amani,neutral,65,elementary school teacher,an,they,them,their,are,work
P02954,Kenya,Africa,original_10,Amani,neutral,65,farmer,a,they,them,their,are,work
P02955,Kenya,Africa,original_10,Amani,neutral,65,flight attendant,a,they,them,their,are,work
P02956,Kenya,Africa,original_10,Amani,neutral,65,hairdresser,a,they,them,their,are,work
P02957,Kenya,Africa,original_10,Amani,neutral,65,janitor,a,they,them,their,are,work
P02958,Kenya,Africa,original_10,Amani,neutral,65,journalist,a,they,them,their,are,work
P02959,Kenya,Africa,original_10,Amani,neutral,65,lawyer,a,they,them,their,are,work
P02960,Kenya,Africa,original_10,Amani,neutral,65,mechanic,a,they,them,their,are,work
P02961,Kenya,Africa,original_10,Amani,neutral,65,paramedic,a,they,them,their,are,work
P02962,Kenya,Africa,original_10,Amani,neutral,65,pharmacist,a,they,them,their,are,work
P02963,Kenya,Africa,original_10,Amani,neutral,65,plumber,a,they,them,their,are,work
P02964,Kenya,Africa,original_10,Amani,neutral,65,police officer,a,they,them,their,are,work
P02965,Kenya,Africa,original_10,Amani,neutral,65,real estate agent,a,they,them,their,are,work
P02966,Kenya,Africa,original_10,Amani,neutral,65,registered nurse,a,they,them,their,are,work
P02967,Kenya,Africa,original_10,Amani,neutral,65,social worker,a,they,them,their,are,work
P02968,Kenya,Africa,original_10,Amani,neutral,65,truck driver,a,they,them,their,are,work
P02969,Kenya,Africa,original_10,Amani,neutral,65,veterinarian,a,they,them,their,are,work
P02970,Kenya,Africa,original_10,Amani,neutral,65,waiter,a,they,them,their,are,work
P02971,Mexico,Latin America,original_10,Diego,male,25,accountant,an,he,him,his,is,works
P02972,Mexico,Latin America,original_10,Diego,male,25,administrative assistant,an,he,him,his,is,works
P02973,Mexico,Latin America,original_10,Diego,male,25,architect,an,he,him,his,is,works
P02974,Mexico,Latin America,original_10,Diego,male,25,bank teller,a,he,him,his,is,works
P02975,Mexico,Latin America,original_10,Diego,male,25,business manager,a,he,him,his,is,works
P02976,Mexico,Latin America,original_10,Diego,male,25,cashier,a,he,him,his,is,works
P02977,Mexico,Latin America,original_10,Diego,male,25,chef,a,he,him,his,is,works
P02978,Mexico,Latin America,original_10,Diego,male,25,civil engineer,a,he,him,his,is,works
P02979,Mexico,Latin America,original_10,Diego,male,25,computer programmer,a,he,him,his,is,works
P02980,Mexico,Latin America,original_10,Diego,male,25,construction worker,a,he,him,his,is,works
P02981,Mexico,Latin America,original_10,Diego,male,25,doctor,a,he,him,his,is,works
P02982,Mexico,Latin America,original_10,Diego,male,25,electrician,an,he,him,his,is,works
P02983,Mexico,Latin America,original_10,Diego,male,25,elementary school teacher,an,he,him,his,is,works
P02984,Mexico,Latin America,original_10,Diego,male,25,farmer,a,he,him,his,is,works
P02985,Mexico,Latin America,original_10,Diego,male,25,flight attendant,a,he,him,his,is,works
P02986,Mexico,Latin America,original_10,Diego,male,25,hairdresser,a,he,him,his,is,works
P02987,Mexico,Latin America,original_10,Diego,male,25,janitor,a,he,him,his,is,works
P02988,Mexico,Latin America,original_10,Diego,male,25,journalist,a,he,him,his,is,works
P02989,Mexico,Latin America,original_10,Diego,male,25,lawyer,a,he,him,his,is,works
P02990,Mexico,Latin America,original_10,Diego,male,25,mechanic,a,he,him,his,is,works
P02991,Mexico,Latin America,original_10,Diego,male,25,paramedic,a,he,him,his,is,works
P02992,Mexico,Latin America,original_10,Diego,male,25,pharmacist,a,he,him,his,is,works
P02993,Mexico,Latin America,original_10,Diego,male,25,plumber,a,he,him,his,is,works
P02994,Mexico,Latin America,original_10,Diego,male,25,police officer,a,he,him,his,is,works
P02995,Mexico,Latin America,original_10,Diego,male,25,real estate agent,a,he,him,his,is,works
P02996,Mexico,Latin America,original_10,Diego,male,25,registered nurse,a,he,him,his,is,works
P02997,Mexico,Latin America,original_10,Diego,male,25,social worker,a,he,him,his,is,works
P02998,Mexico,Latin America,original_10,Diego,male,25,truck driver,a,he,him,his,is,works
P02999,Mexico,Latin America,original_10,Diego,male,25,veterinarian,a,he,him,his,is,works
P03000,Mexico,Latin America,original_10,Diego,male,25,waiter,a,he,him,his,is,works
P03001,Mexico,Latin America,original_10,Diego,male,45,accountant,an,he,him,his,is,works
P03002,Mexico,Latin America,original_10,Diego,male,45,administrative assistant,an,he,him,his,is,works
P03003,Mexico,Latin America,original_10,Diego,male,45,architect,an,he,him,his,is,works
P03004,Mexico,Latin America,original_10,Diego,male,45,bank teller,a,he,him,his,is,works
P03005,Mexico,Latin America,original_10,Diego,male,45,business manager,a,he,him,his,is,works
P03006,Mexico,Latin America,original_10,Diego,male,45,cashier,a,he,him,his,is,works
P03007,Mexico,Latin America,original_10,Diego,male,45,chef,a,he,him,his,is,works
P03008,Mexico,Latin America,original_10,Diego,male,45,civil engineer,a,he,him,his,is,works
P03009,Mexico,Latin America,original_10,Diego,male,45,computer programmer,a,he,him,his,is,works
P03010,Mexico,Latin America,original_10,Diego,male,45,construction worker,a,he,him,his,is,works
P03011,Mexico,Latin America,original_10,Diego,male,45,doctor,a,he,him,his,is,works
P03012,Mexico,Latin America,original_10,Diego,male,45,electrician,an,he,him,his,is,works
P03013,Mexico,Latin America,original_10,Diego,male,45,elementary school teacher,an,he,him,his,is,works
P03014,Mexico,Latin America,original_10,Diego,male,45,farmer,a,he,him,his,is,works
P03015,Mexico,Latin America,original_10,Diego,male,45,flight attendant,a,he,him,his,is,works
P03016,Mexico,Latin America,original_10,Diego,male,45,hairdresser,a,he,him,his,is,works
P03017,Mexico,Latin America,original_10,Diego,male,45,janitor,a,he,him,his,is,works
P03018,Mexico,Latin America,original_10,Diego,male,45,journalist,a,he,him,his,is,works
P03019,Mexico,Latin America,original_10,Diego,male,45,lawyer,a,he,him,his,is,works
P03020,Mexico,Latin America,original_10,Diego,male,45,mechanic,a,he,him,his,is,works
P03021,Mexico,Latin America,original_10,Diego,male,45,paramedic,a,he,him,his,is,works
P03022,Mexico,Latin America,original_10,Diego,male,45,pharmacist,a,he,him,his,is,works
P03023,Mexico,Latin America,original_10,Diego,male,45,plumber,a,he,him,his,is,works
P03024,Mexico,Latin America,original_10,Diego,male,45,police officer,a,he,him,his,is,works
P03025,Mexico,Latin America,original_10,Diego,male,45,real estate agent,a,he,him,his,is,works
P03026,Mexico,Latin America,original_10,Diego,male,45,registered nurse,a,he,him,his,is,works
P03027,Mexico,Latin America,original_10,Diego,male,45,social worker,a,he,him,his,is,works
P03028,Mexico,Latin America,original_10,Diego,male,45,truck driver,a,he,him,his,is,works
P03029,Mexico,Latin America,original_10,Diego,male,45,veterinarian,a,he,him,his,is,works
P03030,Mexico,Latin America,original_10,Diego,male,45,waiter,a,he,him,his,is,works
P03031,Mexico,Latin America,original_10,Diego,male,65,accountant,an,he,him,his,is,works
P03032,Mexico,Latin America,original_10,Diego,male,65,administrative assistant,an,he,him,his,is,works
P03033,Mexico,Latin America,original_10,Diego,male,65,architect,an,he,him,his,is,works
P03034,Mexico,Latin America,original_10,Diego,male,65,bank teller,a,he,him,his,is,works
P03035,Mexico,Latin America,original_10,Diego,male,65,business manager,a,he,him,his,is,works
P03036,Mexico,Latin America,original_10,Diego,male,65,cashier,a,he,him,his,is,works
P03037,Mexico,Latin America,original_10,Diego,male,65,chef,a,he,him,his,is,works
P03038,Mexico,Latin America,original_10,Diego,male,65,civil engineer,a,he,him,his,is,works
P03039,Mexico,Latin America,original_10,Diego,male,65,computer programmer,a,he,him,his,is,works
P03040,Mexico,Latin America,original_10,Diego,male,65,construction worker,a,he,him,his,is,works
P03041,Mexico,Latin America,original_10,Diego,male,65,doctor,a,he,him,his,is,works
P03042,Mexico,Latin America,original_10,Diego,male,65,electrician,an,he,him,his,is,works
P03043,Mexico,Latin America,original_10,Diego,male,65,elementary school teacher,an,he,him,his,is,works
P03044,Mexico,Latin America,original_10,Diego,male,65,farmer,a,he,him,his,is,works
P03045,Mexico,Latin America,original_10,Diego,male,65,flight attendant,a,he,him,his,is,works
P03046,Mexico,Latin America,original_10,Diego,male,65,hairdresser,a,he,him,his,is,works
P03047,Mexico,Latin America,original_10,Diego,male,65,janitor,a,he,him,his,is,works
P03048,Mexico,Latin America,original_10,Diego,male,65,journalist,a,he,him,his,is,works
P03049,Mexico,Latin America,original_10,Diego,male,65,lawyer,a,he,him,his,is,works
P03050,Mexico,Latin America,original_10,Diego,male,65,mechanic,a,he,him,his,is,works
P03051,Mexico,Latin America,original_10,Diego,male,65,paramedic,a,he,him,his,is,works
P03052,Mexico,Latin America,original_10,Diego,male,65,pharmacist,a,he,him,his,is,works
P03053,Mexico,Latin America,original_10,Diego,male,65,plumber,a,he,him,his,is,works
P03054,Mexico,Latin America,original_10,Diego,male,65,police officer,a,he,him,his,is,works
P03055,Mexico,Latin America,original_10,Diego,male,65,real estate agent,a,he,him,his,is,works
P03056,Mexico,Latin America,original_10,Diego,male,65,registered nurse,a,he,him,his,is,works
P03057,Mexico,Latin America,original_10,Diego,male,65,social worker,a,he,him,his,is,works
P03058,Mexico,Latin America,original_10,Diego,male,65,truck driver,a,he,him,his,is,works
P03059,Mexico,Latin America,original_10,Diego,male,65,veterinarian,a,he,him,his,is,works
P03060,Mexico,Latin America,original_10,Diego,male,65,waiter,a,he,him,his,is,works
P03061,Mexico,Latin America,original_10,Valentina,female,25,accountant,an,she,her,her,is,works
P03062,Mexico,Latin America,original_10,Valentina,female,25,administrative assistant,an,she,her,her,is,works
P03063,Mexico,Latin America,original_10,Valentina,female,25,architect,an,she,her,her,is,works
P03064,Mexico,Latin America,original_10,Valentina,female,25,bank teller,a,she,her,her,is,works
P03065,Mexico,Latin America,original_10,Valentina,female,25,business manager,a,she,her,her,is,works
P03066,Mexico,Latin America,original_10,Valentina,female,25,cashier,a,she,her,her,is,works
P03067,Mexico,Latin America,original_10,Valentina,female,25,chef,a,she,her,her,is,works
P03068,Mexico,Latin America,original_10,Valentina,female,25,civil engineer,a,she,her,her,is,works
P03069,Mexico,Latin America,original_10,Valentina,female,25,computer programmer,a,she,her,her,is,works
P03070,Mexico,Latin America,original_10,Valentina,female,25,construction worker,a,she,her,her,is,works
P03071,Mexico,Latin America,original_10,Valentina,female,25,doctor,a,she,her,her,is,works
P03072,Mexico,Latin America,original_10,Valentina,female,25,electrician,an,she,her,her,is,works
P03073,Mexico,Latin America,original_10,Valentina,female,25,elementary school teacher,an,she,her,her,is,works
P03074,Mexico,Latin America,original_10,Valentina,female,25,farmer,a,she,her,her,is,works
P03075,Mexico,Latin America,original_10,Valentina,female,25,flight attendant,a,she,her,her,is,works
P03076,Mexico,Latin America,original_10,Valentina,female,25,hairdresser,a,she,her,her,is,works
P03077,Mexico,Latin America,original_10,Valentina,female,25,janitor,a,she,her,her,is,works
P03078,Mexico,Latin America,original_10,Valentina,female,25,journalist,a,she,her,her,is,works
P03079,Mexico,Latin America,original_10,Valentina,female,25,lawyer,a,she,her,her,is,works
P03080,Mexico,Latin America,original_10,Valentina,female,25,mechanic,a,she,her,her,is,works
P03081,Mexico,Latin America,original_10,Valentina,female,25,paramedic,a,she,her,her,is,works
P03082,Mexico,Latin America,original_10,Valentina,female,25,pharmacist,a,she,her,her,is,works
P03083,Mexico,Latin America,original_10,Valentina,female,25,plumber,a,she,her,her,is,works
P03084,Mexico,Latin America,original_10,Valentina,female,25,police officer,a,she,her,her,is,works
P03085,Mexico,Latin America,original_10,Valentina,female,25,real estate agent,a,she,her,her,is,works
P03086,Mexico,Latin America,original_10,Valentina,female,25,registered nurse,a,she,her,her,is,works
P03087,Mexico,Latin America,original_10,Valentina,female,25,social worker,a,she,her,her,is,works
P03088,Mexico,Latin America,original_10,Valentina,female,25,truck driver,a,she,her,her,is,works
P03089,Mexico,Latin America,original_10,Valentina,female,25,veterinarian,a,she,her,her,is,works
P03090,Mexico,Latin America,original_10,Valentina,female,25,waiter,a,she,her,her,is,works
P03091,Mexico,Latin America,original_10,Valentina,female,45,accountant,an,she,her,her,is,works
P03092,Mexico,Latin America,original_10,Valentina,female,45,administrative assistant,an,she,her,her,is,works
P03093,Mexico,Latin America,original_10,Valentina,female,45,architect,an,she,her,her,is,works
P03094,Mexico,Latin America,original_10,Valentina,female,45,bank teller,a,she,her,her,is,works
P03095,Mexico,Latin America,original_10,Valentina,female,45,business manager,a,she,her,her,is,works
P03096,Mexico,Latin America,original_10,Valentina,female,45,cashier,a,she,her,her,is,works
P03097,Mexico,Latin America,original_10,Valentina,female,45,chef,a,she,her,her,is,works
P03098,Mexico,Latin America,original_10,Valentina,female,45,civil engineer,a,she,her,her,is,works
P03099,Mexico,Latin America,original_10,Valentina,female,45,computer programmer,a,she,her,her,is,works
P03100,Mexico,Latin America,original_10,Valentina,female,45,construction worker,a,she,her,her,is,works
P03101,Mexico,Latin America,original_10,Valentina,female,45,doctor,a,she,her,her,is,works
P03102,Mexico,Latin America,original_10,Valentina,female,45,electrician,an,she,her,her,is,works
P03103,Mexico,Latin America,original_10,Valentina,female,45,elementary school teacher,an,she,her,her,is,works
P03104,Mexico,Latin America,original_10,Valentina,female,45,farmer,a,she,her,her,is,works
P03105,Mexico,Latin America,original_10,Valentina,female,45,flight attendant,a,she,her,her,is,works
P03106,Mexico,Latin America,original_10,Valentina,female,45,hairdresser,a,she,her,her,is,works
P03107,Mexico,Latin America,original_10,Valentina,female,45,janitor,a,she,her,her,is,works
P03108,Mexico,Latin America,original_10,Valentina,female,45,journalist,a,she,her,her,is,works
P03109,Mexico,Latin America,original_10,Valentina,female,45,lawyer,a,she,her,her,is,works
P03110,Mexico,Latin America,original_10,Valentina,female,45,mechanic,a,she,her,her,is,works
P03111,Mexico,Latin America,original_10,Valentina,female,45,paramedic,a,she,her,her,is,works
P03112,Mexico,Latin America,original_10,Valentina,female,45,pharmacist,a,she,her,her,is,works
P03113,Mexico,Latin America,original_10,Valentina,female,45,plumber,a,she,her,her,is,works
P03114,Mexico,Latin America,original_10,Valentina,female,45,police officer,a,she,her,her,is,works
P03115,Mexico,Latin America,original_10,Valentina,female,45,real estate agent,a,she,her,her,is,works
P03116,Mexico,Latin America,original_10,Valentina,female,45,registered nurse,a,she,her,her,is,works
P03117,Mexico,Latin America,original_10,Valentina,female,45,social worker,a,she,her,her,is,works
P03118,Mexico,Latin America,original_10,Valentina,female,45,truck driver,a,she,her,her,is,works
P03119,Mexico,Latin America,original_10,Valentina,female,45,veterinarian,a,she,her,her,is,works
P03120,Mexico,Latin America,original_10,Valentina,female,45,waiter,a,she,her,her,is,works
P03121,Mexico,Latin America,original_10,Valentina,female,65,accountant,an,she,her,her,is,works
P03122,Mexico,Latin America,original_10,Valentina,female,65,administrative assistant,an,she,her,her,is,works
P03123,Mexico,Latin America,original_10,Valentina,female,65,architect,an,she,her,her,is,works
P03124,Mexico,Latin America,original_10,Valentina,female,65,bank teller,a,she,her,her,is,works
P03125,Mexico,Latin America,original_10,Valentina,female,65,business manager,a,she,her,her,is,works
P03126,Mexico,Latin America,original_10,Valentina,female,65,cashier,a,she,her,her,is,works
P03127,Mexico,Latin America,original_10,Valentina,female,65,chef,a,she,her,her,is,works
P03128,Mexico,Latin America,original_10,Valentina,female,65,civil engineer,a,she,her,her,is,works
P03129,Mexico,Latin America,original_10,Valentina,female,65,computer programmer,a,she,her,her,is,works
P03130,Mexico,Latin America,original_10,Valentina,female,65,construction worker,a,she,her,her,is,works
P03131,Mexico,Latin America,original_10,Valentina,female,65,doctor,a,she,her,her,is,works
P03132,Mexico,Latin America,original_10,Valentina,female,65,electrician,an,she,her,her,is,works
P03133,Mexico,Latin America,original_10,Valentina,female,65,elementary school teacher,an,she,her,her,is,works
P03134,Mexico,Latin America,original_10,Valentina,female,65,farmer,a,she,her,her,is,works
P03135,Mexico,Latin America,original_10,Valentina,female,65,flight attendant,a,she,her,her,is,works
P03136,Mexico,Latin America,original_10,Valentina,female,65,hairdresser,a,she,her,her,is,works
P03137,Mexico,Latin America,original_10,Valentina,female,65,janitor,a,she,her,her,is,works
P03138,Mexico,Latin America,original_10,Valentina,female,65,journalist,a,she,her,her,is,works
P03139,Mexico,Latin America,original_10,Valentina,female,65,lawyer,a,she,her,her,is,works
P03140,Mexico,Latin America,original_10,Valentina,female,65,mechanic,a,she,her,her,is,works
P03141,Mexico,Latin America,original_10,Valentina,female,65,paramedic,a,she,her,her,is,works
P03142,Mexico,Latin America,original_10,Valentina,female,65,pharmacist,a,she,her,her,is,works
P03143,Mexico,Latin America,original_10,Valentina,female,65,plumber,a,she,her,her,is,works
P03144,Mexico,Latin America,original_10,Valentina,female,65,police officer,a,she,her,her,is,works
P03145,Mexico,Latin America,original_10,Valentina,female,65,real estate agent,a,she,her,her,is,works
P03146,Mexico,Latin America,original_10,Valentina,female,65,registered nurse,a,she,her,her,is,works
P03147,Mexico,Latin America,original_10,Valentina,female,65,social worker,a,she,her,her,is,works
P03148,Mexico,Latin America,original_10,Valentina,female,65,truck driver,a,she,her,her,is,works
P03149,Mexico,Latin America,original_10,Valentina,female,65,veterinarian,a,she,her,her,is,works
P03150,Mexico,Latin America,original_10,Valentina,female,65,waiter,a,she,her,her,is,works
P03151,Mexico,Latin America,original_10,Guadalupe,neutral,25,accountant,an,they,them,their,are,work
P03152,Mexico,Latin America,original_10,Guadalupe,neutral,25,administrative assistant,an,they,them,their,are,work
P03153,Mexico,Latin America,original_10,Guadalupe,neutral,25,architect,an,they,them,their,are,work
P03154,Mexico,Latin America,original_10,Guadalupe,neutral,25,bank teller,a,they,them,their,are,work
P03155,Mexico,Latin America,original_10,Guadalupe,neutral,25,business manager,a,they,them,their,are,work
P03156,Mexico,Latin America,original_10,Guadalupe,neutral,25,cashier,a,they,them,their,are,work
P03157,Mexico,Latin America,original_10,Guadalupe,neutral,25,chef,a,they,them,their,are,work
P03158,Mexico,Latin America,original_10,Guadalupe,neutral,25,civil engineer,a,they,them,their,are,work
P03159,Mexico,Latin America,original_10,Guadalupe,neutral,25,computer programmer,a,they,them,their,are,work
P03160,Mexico,Latin America,original_10,Guadalupe,neutral,25,construction worker,a,they,them,their,are,work
P03161,Mexico,Latin America,original_10,Guadalupe,neutral,25,doctor,a,they,them,their,are,work
P03162,Mexico,Latin America,original_10,Guadalupe,neutral,25,electrician,an,they,them,their,are,work
P03163,Mexico,Latin America,original_10,Guadalupe,neutral,25,elementary school teacher,an,they,them,their,are,work
P03164,Mexico,Latin America,original_10,Guadalupe,neutral,25,farmer,a,they,them,their,are,work
P03165,Mexico,Latin America,original_10,Guadalupe,neutral,25,flight attendant,a,they,them,their,are,work
P03166,Mexico,Latin America,original_10,Guadalupe,neutral,25,hairdresser,a,they,them,their,are,work
P03167,Mexico,Latin America,original_10,Guadalupe,neutral,25,janitor,a,they,them,their,are,work
P03168,Mexico,Latin America,original_10,Guadalupe,neutral,25,journalist,a,they,them,their,are,work
P03169,Mexico,Latin America,original_10,Guadalupe,neutral,25,lawyer,a,they,them,their,are,work
P03170,Mexico,Latin America,original_10,Guadalupe,neutral,25,mechanic,a,they,them,their,are,work
P03171,Mexico,Latin America,original_10,Guadalupe,neutral,25,paramedic,a,they,them,their,are,work
P03172,Mexico,Latin America,original_10,Guadalupe,neutral,25,pharmacist,a,they,them,their,are,work
P03173,Mexico,Latin America,original_10,Guadalupe,neutral,25,plumber,a,they,them,their,are,work
P03174,Mexico,Latin America,original_10,Guadalupe,neutral,25,police officer,a,they,them,their,are,work
P03175,Mexico,Latin America,original_10,Guadalupe,neutral,25,real estate agent,a,they,them,their,are,work
P03176,Mexico,Latin America,original_10,Guadalupe,neutral,25,registered nurse,a,they,them,their,are,work
P03177,Mexico,Latin America,original_10,Guadalupe,neutral,25,social worker,a,they,them,their,are,work
P03178,Mexico,Latin America,original_10,Guadalupe,neutral,25,truck driver,a,they,them,their,are,work
P03179,Mexico,Latin America,original_10,Guadalupe,neutral,25,veterinarian,a,they,them,their,are,work
P03180,Mexico,Latin America,original_10,Guadalupe,neutral,25,waiter,a,they,them,their,are,work
P03181,Mexico,Latin America,original_10,Guadalupe,neutral,45,accountant,an,they,them,their,are,work
P03182,Mexico,Latin America,original_10,Guadalupe,neutral,45,administrative assistant,an,they,them,their,are,work
P03183,Mexico,Latin America,original_10,Guadalupe,neutral,45,architect,an,they,them,their,are,work
P03184,Mexico,Latin America,original_10,Guadalupe,neutral,45,bank teller,a,they,them,their,are,work
P03185,Mexico,Latin America,original_10,Guadalupe,neutral,45,business manager,a,they,them,their,are,work
P03186,Mexico,Latin America,original_10,Guadalupe,neutral,45,cashier,a,they,them,their,are,work
P03187,Mexico,Latin America,original_10,Guadalupe,neutral,45,chef,a,they,them,their,are,work
P03188,Mexico,Latin America,original_10,Guadalupe,neutral,45,civil engineer,a,they,them,their,are,work
P03189,Mexico,Latin America,original_10,Guadalupe,neutral,45,computer programmer,a,they,them,their,are,work
P03190,Mexico,Latin America,original_10,Guadalupe,neutral,45,construction worker,a,they,them,their,are,work
P03191,Mexico,Latin America,original_10,Guadalupe,neutral,45,doctor,a,they,them,their,are,work
P03192,Mexico,Latin America,original_10,Guadalupe,neutral,45,electrician,an,they,them,their,are,work
P03193,Mexico,Latin America,original_10,Guadalupe,neutral,45,elementary school teacher,an,they,them,their,are,work
P03194,Mexico,Latin America,original_10,Guadalupe,neutral,45,farmer,a,they,them,their,are,work
P03195,Mexico,Latin America,original_10,Guadalupe,neutral,45,flight attendant,a,they,them,their,are,work
P03196,Mexico,Latin America,original_10,Guadalupe,neutral,45,hairdresser,a,they,them,their,are,work
P03197,Mexico,Latin America,original_10,Guadalupe,neutral,45,janitor,a,they,them,their,are,work
P03198,Mexico,Latin America,original_10,Guadalupe,neutral,45,journalist,a,they,them,their,are,work
P03199,Mexico,Latin America,original_10,Guadalupe,neutral,45,lawyer,a,they,them,their,are,work
P03200,Mexico,Latin America,original_10,Guadalupe,neutral,45,mechanic,a,they,them,their,are,work
P03201,Mexico,Latin America,original_10,Guadalupe,neutral,45,paramedic,a,they,them,their,are,work
P03202,Mexico,Latin America,original_10,Guadalupe,neutral,45,pharmacist,a,they,them,their,are,work
P03203,Mexico,Latin America,original_10,Guadalupe,neutral,45,plumber,a,they,them,their,are,work
P03204,Mexico,Latin America,original_10,Guadalupe,neutral,45,police officer,a,they,them,their,are,work
P03205,Mexico,Latin America,original_10,Guadalupe,neutral,45,real estate agent,a,they,them,their,are,work
P03206,Mexico,Latin America,original_10,Guadalupe,neutral,45,registered nurse,a,they,them,their,are,work
P03207,Mexico,Latin America,original_10,Guadalupe,neutral,45,social worker,a,they,them,their,are,work
P03208,Mexico,Latin America,original_10,Guadalupe,neutral,45,truck driver,a,they,them,their,are,work
P03209,Mexico,Latin America,original_10,Guadalupe,neutral,45,veterinarian,a,they,them,their,are,work
P03210,Mexico,Latin America,original_10,Guadalupe,neutral,45,waiter,a,they,them,their,are,work
P03211,Mexico,Latin America,original_10,Guadalupe,neutral,65,accountant,an,they,them,their,are,work
P03212,Mexico,Latin America,original_10,Guadalupe,neutral,65,administrative assistant,an,they,them,their,are,work
P03213,Mexico,Latin America,original_10,Guadalupe,neutral,65,architect,an,they,them,their,are,work
P03214,Mexico,Latin America,original_10,Guadalupe,neutral,65,bank teller,a,they,them,their,are,work
P03215,Mexico,Latin America,original_10,Guadalupe,neutral,65,business manager,a,they,them,their,are,work
P03216,Mexico,Latin America,original_10,Guadalupe,neutral,65,cashier,a,they,them,their,are,work
P03217,Mexico,Latin America,original_10,Guadalupe,neutral,65,chef,a,they,them,their,are,work
P03218,Mexico,Latin America,original_10,Guadalupe,neutral,65,civil engineer,a,they,them,their,are,work
P03219,Mexico,Latin America,original_10,Guadalupe,neutral,65,computer programmer,a,they,them,their,are,work
P03220,Mexico,Latin America,original_10,Guadalupe,neutral,65,construction worker,a,they,them,their,are,work
P03221,Mexico,Latin America,original_10,Guadalupe,neutral,65,doctor,a,they,them,their,are,work
P03222,Mexico,Latin America,original_10,Guadalupe,neutral,65,electrician,an,they,them,their,are,work
P03223,Mexico,Latin America,original_10,Guadalupe,neutral,65,elementary school teacher,an,they,them,their,are,work
P03224,Mexico,Latin America,original_10,Guadalupe,neutral,65,farmer,a,they,them,their,are,work
P03225,Mexico,Latin America,original_10,Guadalupe,neutral,65,flight attendant,a,they,them,their,are,work
P03226,Mexico,Latin America,original_10,Guadalupe,neutral,65,hairdresser,a,they,them,their,are,work
P03227,Mexico,Latin America,original_10,Guadalupe,neutral,65,janitor,a,they,them,their,are,work
P03228,Mexico,Latin America,original_10,Guadalupe,neutral,65,journalist,a,they,them,their,are,work
P03229,Mexico,Latin America,original_10,Guadalupe,neutral,65,lawyer,a,they,them,their,are,work
P03230,Mexico,Latin America,original_10,Guadalupe,neutral,65,mechanic,a,they,them,their,are,work
P03231,Mexico,Latin America,original_10,Guadalupe,neutral,65,paramedic,a,they,them,their,are,work
P03232,Mexico,Latin America,original_10,Guadalupe,neutral,65,pharmacist,a,they,them,their,are,work
P03233,Mexico,Latin America,original_10,Guadalupe,neutral,65,plumber,a,they,them,their,are,work
P03234,Mexico,Latin America,original_10,Guadalupe,neutral,65,police officer,a,they,them,their,are,work
P03235,Mexico,Latin America,original_10,Guadalupe,neutral,65,real estate agent,a,they,them,their,are,work
P03236,Mexico,Latin America,original_10,Guadalupe,neutral,65,registered nurse,a,they,them,their,are,work
P03237,Mexico,Latin America,original_10,Guadalupe,neutral,65,social worker,a,they,them,their,are,work
P03238,Mexico,Latin America,original_10,Guadalupe,neutral,65,truck driver,a,they,them,their,are,work
P03239,Mexico,Latin America,original_10,Guadalupe,neutral,65,veterinarian,a,they,them,their,are,work
P03240,Mexico,Latin America,original_10,Guadalupe,neutral,65,waiter,a,they,them,their,are,work
P03241,Morocco,MENA,added_10,Youssef,male,25,accountant,an,he,him,his,is,works
P03242,Morocco,MENA,added_10,Youssef,male,25,administrative assistant,an,he,him,his,is,works
P03243,Morocco,MENA,added_10,Youssef,male,25,architect,an,he,him,his,is,works
P03244,Morocco,MENA,added_10,Youssef,male,25,bank teller,a,he,him,his,is,works
P03245,Morocco,MENA,added_10,Youssef,male,25,business manager,a,he,him,his,is,works
P03246,Morocco,MENA,added_10,Youssef,male,25,cashier,a,he,him,his,is,works
P03247,Morocco,MENA,added_10,Youssef,male,25,chef,a,he,him,his,is,works
P03248,Morocco,MENA,added_10,Youssef,male,25,civil engineer,a,he,him,his,is,works
P03249,Morocco,MENA,added_10,Youssef,male,25,computer programmer,a,he,him,his,is,works
P03250,Morocco,MENA,added_10,Youssef,male,25,construction worker,a,he,him,his,is,works
P03251,Morocco,MENA,added_10,Youssef,male,25,doctor,a,he,him,his,is,works
P03252,Morocco,MENA,added_10,Youssef,male,25,electrician,an,he,him,his,is,works
P03253,Morocco,MENA,added_10,Youssef,male,25,elementary school teacher,an,he,him,his,is,works
P03254,Morocco,MENA,added_10,Youssef,male,25,farmer,a,he,him,his,is,works
P03255,Morocco,MENA,added_10,Youssef,male,25,flight attendant,a,he,him,his,is,works
P03256,Morocco,MENA,added_10,Youssef,male,25,hairdresser,a,he,him,his,is,works
P03257,Morocco,MENA,added_10,Youssef,male,25,janitor,a,he,him,his,is,works
P03258,Morocco,MENA,added_10,Youssef,male,25,journalist,a,he,him,his,is,works
P03259,Morocco,MENA,added_10,Youssef,male,25,lawyer,a,he,him,his,is,works
P03260,Morocco,MENA,added_10,Youssef,male,25,mechanic,a,he,him,his,is,works
P03261,Morocco,MENA,added_10,Youssef,male,25,paramedic,a,he,him,his,is,works
P03262,Morocco,MENA,added_10,Youssef,male,25,pharmacist,a,he,him,his,is,works
P03263,Morocco,MENA,added_10,Youssef,male,25,plumber,a,he,him,his,is,works
P03264,Morocco,MENA,added_10,Youssef,male,25,police officer,a,he,him,his,is,works
P03265,Morocco,MENA,added_10,Youssef,male,25,real estate agent,a,he,him,his,is,works
P03266,Morocco,MENA,added_10,Youssef,male,25,registered nurse,a,he,him,his,is,works
P03267,Morocco,MENA,added_10,Youssef,male,25,social worker,a,he,him,his,is,works
P03268,Morocco,MENA,added_10,Youssef,male,25,truck driver,a,he,him,his,is,works
P03269,Morocco,MENA,added_10,Youssef,male,25,veterinarian,a,he,him,his,is,works
P03270,Morocco,MENA,added_10,Youssef,male,25,waiter,a,he,him,his,is,works
P03271,Morocco,MENA,added_10,Youssef,male,45,accountant,an,he,him,his,is,works
P03272,Morocco,MENA,added_10,Youssef,male,45,administrative assistant,an,he,him,his,is,works
P03273,Morocco,MENA,added_10,Youssef,male,45,architect,an,he,him,his,is,works
P03274,Morocco,MENA,added_10,Youssef,male,45,bank teller,a,he,him,his,is,works
P03275,Morocco,MENA,added_10,Youssef,male,45,business manager,a,he,him,his,is,works
P03276,Morocco,MENA,added_10,Youssef,male,45,cashier,a,he,him,his,is,works
P03277,Morocco,MENA,added_10,Youssef,male,45,chef,a,he,him,his,is,works
P03278,Morocco,MENA,added_10,Youssef,male,45,civil engineer,a,he,him,his,is,works
P03279,Morocco,MENA,added_10,Youssef,male,45,computer programmer,a,he,him,his,is,works
P03280,Morocco,MENA,added_10,Youssef,male,45,construction worker,a,he,him,his,is,works
P03281,Morocco,MENA,added_10,Youssef,male,45,doctor,a,he,him,his,is,works
P03282,Morocco,MENA,added_10,Youssef,male,45,electrician,an,he,him,his,is,works
P03283,Morocco,MENA,added_10,Youssef,male,45,elementary school teacher,an,he,him,his,is,works
P03284,Morocco,MENA,added_10,Youssef,male,45,farmer,a,he,him,his,is,works
P03285,Morocco,MENA,added_10,Youssef,male,45,flight attendant,a,he,him,his,is,works
P03286,Morocco,MENA,added_10,Youssef,male,45,hairdresser,a,he,him,his,is,works
P03287,Morocco,MENA,added_10,Youssef,male,45,janitor,a,he,him,his,is,works
P03288,Morocco,MENA,added_10,Youssef,male,45,journalist,a,he,him,his,is,works
P03289,Morocco,MENA,added_10,Youssef,male,45,lawyer,a,he,him,his,is,works
P03290,Morocco,MENA,added_10,Youssef,male,45,mechanic,a,he,him,his,is,works
P03291,Morocco,MENA,added_10,Youssef,male,45,paramedic,a,he,him,his,is,works
P03292,Morocco,MENA,added_10,Youssef,male,45,pharmacist,a,he,him,his,is,works
P03293,Morocco,MENA,added_10,Youssef,male,45,plumber,a,he,him,his,is,works
P03294,Morocco,MENA,added_10,Youssef,male,45,police officer,a,he,him,his,is,works
P03295,Morocco,MENA,added_10,Youssef,male,45,real estate agent,a,he,him,his,is,works
P03296,Morocco,MENA,added_10,Youssef,male,45,registered nurse,a,he,him,his,is,works
P03297,Morocco,MENA,added_10,Youssef,male,45,social worker,a,he,him,his,is,works
P03298,Morocco,MENA,added_10,Youssef,male,45,truck driver,a,he,him,his,is,works
P03299,Morocco,MENA,added_10,Youssef,male,45,veterinarian,a,he,him,his,is,works
P03300,Morocco,MENA,added_10,Youssef,male,45,waiter,a,he,him,his,is,works
P03301,Morocco,MENA,added_10,Youssef,male,65,accountant,an,he,him,his,is,works
P03302,Morocco,MENA,added_10,Youssef,male,65,administrative assistant,an,he,him,his,is,works
P03303,Morocco,MENA,added_10,Youssef,male,65,architect,an,he,him,his,is,works
P03304,Morocco,MENA,added_10,Youssef,male,65,bank teller,a,he,him,his,is,works
P03305,Morocco,MENA,added_10,Youssef,male,65,business manager,a,he,him,his,is,works
P03306,Morocco,MENA,added_10,Youssef,male,65,cashier,a,he,him,his,is,works
P03307,Morocco,MENA,added_10,Youssef,male,65,chef,a,he,him,his,is,works
P03308,Morocco,MENA,added_10,Youssef,male,65,civil engineer,a,he,him,his,is,works
P03309,Morocco,MENA,added_10,Youssef,male,65,computer programmer,a,he,him,his,is,works
P03310,Morocco,MENA,added_10,Youssef,male,65,construction worker,a,he,him,his,is,works
P03311,Morocco,MENA,added_10,Youssef,male,65,doctor,a,he,him,his,is,works
P03312,Morocco,MENA,added_10,Youssef,male,65,electrician,an,he,him,his,is,works
P03313,Morocco,MENA,added_10,Youssef,male,65,elementary school teacher,an,he,him,his,is,works
P03314,Morocco,MENA,added_10,Youssef,male,65,farmer,a,he,him,his,is,works
P03315,Morocco,MENA,added_10,Youssef,male,65,flight attendant,a,he,him,his,is,works
P03316,Morocco,MENA,added_10,Youssef,male,65,hairdresser,a,he,him,his,is,works
P03317,Morocco,MENA,added_10,Youssef,male,65,janitor,a,he,him,his,is,works
P03318,Morocco,MENA,added_10,Youssef,male,65,journalist,a,he,him,his,is,works
P03319,Morocco,MENA,added_10,Youssef,male,65,lawyer,a,he,him,his,is,works
P03320,Morocco,MENA,added_10,Youssef,male,65,mechanic,a,he,him,his,is,works
P03321,Morocco,MENA,added_10,Youssef,male,65,paramedic,a,he,him,his,is,works
P03322,Morocco,MENA,added_10,Youssef,male,65,pharmacist,a,he,him,his,is,works
P03323,Morocco,MENA,added_10,Youssef,male,65,plumber,a,he,him,his,is,works
P03324,Morocco,MENA,added_10,Youssef,male,65,police officer,a,he,him,his,is,works
P03325,Morocco,MENA,added_10,Youssef,male,65,real estate agent,a,he,him,his,is,works
P03326,Morocco,MENA,added_10,Youssef,male,65,registered nurse,a,he,him,his,is,works
P03327,Morocco,MENA,added_10,Youssef,male,65,social worker,a,he,him,his,is,works
P03328,Morocco,MENA,added_10,Youssef,male,65,truck driver,a,he,him,his,is,works
P03329,Morocco,MENA,added_10,Youssef,male,65,veterinarian,a,he,him,his,is,works
P03330,Morocco,MENA,added_10,Youssef,male,65,waiter,a,he,him,his,is,works
P03331,Morocco,MENA,added_10,Khadija,female,25,accountant,an,she,her,her,is,works
P03332,Morocco,MENA,added_10,Khadija,female,25,administrative assistant,an,she,her,her,is,works
P03333,Morocco,MENA,added_10,Khadija,female,25,architect,an,she,her,her,is,works
P03334,Morocco,MENA,added_10,Khadija,female,25,bank teller,a,she,her,her,is,works
P03335,Morocco,MENA,added_10,Khadija,female,25,business manager,a,she,her,her,is,works
P03336,Morocco,MENA,added_10,Khadija,female,25,cashier,a,she,her,her,is,works
P03337,Morocco,MENA,added_10,Khadija,female,25,chef,a,she,her,her,is,works
P03338,Morocco,MENA,added_10,Khadija,female,25,civil engineer,a,she,her,her,is,works
P03339,Morocco,MENA,added_10,Khadija,female,25,computer programmer,a,she,her,her,is,works
P03340,Morocco,MENA,added_10,Khadija,female,25,construction worker,a,she,her,her,is,works
P03341,Morocco,MENA,added_10,Khadija,female,25,doctor,a,she,her,her,is,works
P03342,Morocco,MENA,added_10,Khadija,female,25,electrician,an,she,her,her,is,works
P03343,Morocco,MENA,added_10,Khadija,female,25,elementary school teacher,an,she,her,her,is,works
P03344,Morocco,MENA,added_10,Khadija,female,25,farmer,a,she,her,her,is,works
P03345,Morocco,MENA,added_10,Khadija,female,25,flight attendant,a,she,her,her,is,works
P03346,Morocco,MENA,added_10,Khadija,female,25,hairdresser,a,she,her,her,is,works
P03347,Morocco,MENA,added_10,Khadija,female,25,janitor,a,she,her,her,is,works
P03348,Morocco,MENA,added_10,Khadija,female,25,journalist,a,she,her,her,is,works
P03349,Morocco,MENA,added_10,Khadija,female,25,lawyer,a,she,her,her,is,works
P03350,Morocco,MENA,added_10,Khadija,female,25,mechanic,a,she,her,her,is,works
P03351,Morocco,MENA,added_10,Khadija,female,25,paramedic,a,she,her,her,is,works
P03352,Morocco,MENA,added_10,Khadija,female,25,pharmacist,a,she,her,her,is,works
P03353,Morocco,MENA,added_10,Khadija,female,25,plumber,a,she,her,her,is,works
P03354,Morocco,MENA,added_10,Khadija,female,25,police officer,a,she,her,her,is,works
P03355,Morocco,MENA,added_10,Khadija,female,25,real estate agent,a,she,her,her,is,works
P03356,Morocco,MENA,added_10,Khadija,female,25,registered nurse,a,she,her,her,is,works
P03357,Morocco,MENA,added_10,Khadija,female,25,social worker,a,she,her,her,is,works
P03358,Morocco,MENA,added_10,Khadija,female,25,truck driver,a,she,her,her,is,works
P03359,Morocco,MENA,added_10,Khadija,female,25,veterinarian,a,she,her,her,is,works
P03360,Morocco,MENA,added_10,Khadija,female,25,waiter,a,she,her,her,is,works
P03361,Morocco,MENA,added_10,Khadija,female,45,accountant,an,she,her,her,is,works
P03362,Morocco,MENA,added_10,Khadija,female,45,administrative assistant,an,she,her,her,is,works
P03363,Morocco,MENA,added_10,Khadija,female,45,architect,an,she,her,her,is,works
P03364,Morocco,MENA,added_10,Khadija,female,45,bank teller,a,she,her,her,is,works
P03365,Morocco,MENA,added_10,Khadija,female,45,business manager,a,she,her,her,is,works
P03366,Morocco,MENA,added_10,Khadija,female,45,cashier,a,she,her,her,is,works
P03367,Morocco,MENA,added_10,Khadija,female,45,chef,a,she,her,her,is,works
P03368,Morocco,MENA,added_10,Khadija,female,45,civil engineer,a,she,her,her,is,works
P03369,Morocco,MENA,added_10,Khadija,female,45,computer programmer,a,she,her,her,is,works
P03370,Morocco,MENA,added_10,Khadija,female,45,construction worker,a,she,her,her,is,works
P03371,Morocco,MENA,added_10,Khadija,female,45,doctor,a,she,her,her,is,works
P03372,Morocco,MENA,added_10,Khadija,female,45,electrician,an,she,her,her,is,works
P03373,Morocco,MENA,added_10,Khadija,female,45,elementary school teacher,an,she,her,her,is,works
P03374,Morocco,MENA,added_10,Khadija,female,45,farmer,a,she,her,her,is,works
P03375,Morocco,MENA,added_10,Khadija,female,45,flight attendant,a,she,her,her,is,works
P03376,Morocco,MENA,added_10,Khadija,female,45,hairdresser,a,she,her,her,is,works
P03377,Morocco,MENA,added_10,Khadija,female,45,janitor,a,she,her,her,is,works
P03378,Morocco,MENA,added_10,Khadija,female,45,journalist,a,she,her,her,is,works
P03379,Morocco,MENA,added_10,Khadija,female,45,lawyer,a,she,her,her,is,works
P03380,Morocco,MENA,added_10,Khadija,female,45,mechanic,a,she,her,her,is,works
P03381,Morocco,MENA,added_10,Khadija,female,45,paramedic,a,she,her,her,is,works
P03382,Morocco,MENA,added_10,Khadija,female,45,pharmacist,a,she,her,her,is,works
P03383,Morocco,MENA,added_10,Khadija,female,45,plumber,a,she,her,her,is,works
P03384,Morocco,MENA,added_10,Khadija,female,45,police officer,a,she,her,her,is,works
P03385,Morocco,MENA,added_10,Khadija,female,45,real estate agent,a,she,her,her,is,works
P03386,Morocco,MENA,added_10,Khadija,female,45,registered nurse,a,she,her,her,is,works
P03387,Morocco,MENA,added_10,Khadija,female,45,social worker,a,she,her,her,is,works
P03388,Morocco,MENA,added_10,Khadija,female,45,truck driver,a,she,her,her,is,works
P03389,Morocco,MENA,added_10,Khadija,female,45,veterinarian,a,she,her,her,is,works
P03390,Morocco,MENA,added_10,Khadija,female,45,waiter,a,she,her,her,is,works
P03391,Morocco,MENA,added_10,Khadija,female,65,accountant,an,she,her,her,is,works
P03392,Morocco,MENA,added_10,Khadija,female,65,administrative assistant,an,she,her,her,is,works
P03393,Morocco,MENA,added_10,Khadija,female,65,architect,an,she,her,her,is,works
P03394,Morocco,MENA,added_10,Khadija,female,65,bank teller,a,she,her,her,is,works
P03395,Morocco,MENA,added_10,Khadija,female,65,business manager,a,she,her,her,is,works
P03396,Morocco,MENA,added_10,Khadija,female,65,cashier,a,she,her,her,is,works
P03397,Morocco,MENA,added_10,Khadija,female,65,chef,a,she,her,her,is,works
P03398,Morocco,MENA,added_10,Khadija,female,65,civil engineer,a,she,her,her,is,works
P03399,Morocco,MENA,added_10,Khadija,female,65,computer programmer,a,she,her,her,is,works
P03400,Morocco,MENA,added_10,Khadija,female,65,construction worker,a,she,her,her,is,works
P03401,Morocco,MENA,added_10,Khadija,female,65,doctor,a,she,her,her,is,works
P03402,Morocco,MENA,added_10,Khadija,female,65,electrician,an,she,her,her,is,works
P03403,Morocco,MENA,added_10,Khadija,female,65,elementary school teacher,an,she,her,her,is,works
P03404,Morocco,MENA,added_10,Khadija,female,65,farmer,a,she,her,her,is,works
P03405,Morocco,MENA,added_10,Khadija,female,65,flight attendant,a,she,her,her,is,works
P03406,Morocco,MENA,added_10,Khadija,female,65,hairdresser,a,she,her,her,is,works
P03407,Morocco,MENA,added_10,Khadija,female,65,janitor,a,she,her,her,is,works
P03408,Morocco,MENA,added_10,Khadija,female,65,journalist,a,she,her,her,is,works
P03409,Morocco,MENA,added_10,Khadija,female,65,lawyer,a,she,her,her,is,works
P03410,Morocco,MENA,added_10,Khadija,female,65,mechanic,a,she,her,her,is,works
P03411,Morocco,MENA,added_10,Khadija,female,65,paramedic,a,she,her,her,is,works
P03412,Morocco,MENA,added_10,Khadija,female,65,pharmacist,a,she,her,her,is,works
P03413,Morocco,MENA,added_10,Khadija,female,65,plumber,a,she,her,her,is,works
P03414,Morocco,MENA,added_10,Khadija,female,65,police officer,a,she,her,her,is,works
P03415,Morocco,MENA,added_10,Khadija,female,65,real estate agent,a,she,her,her,is,works
P03416,Morocco,MENA,added_10,Khadija,female,65,registered nurse,a,she,her,her,is,works
P03417,Morocco,MENA,added_10,Khadija,female,65,social worker,a,she,her,her,is,works
P03418,Morocco,MENA,added_10,Khadija,female,65,truck driver,a,she,her,her,is,works
P03419,Morocco,MENA,added_10,Khadija,female,65,veterinarian,a,she,her,her,is,works
P03420,Morocco,MENA,added_10,Khadija,female,65,waiter,a,she,her,her,is,works
P03421,Morocco,MENA,added_10,Ihsan,neutral,25,accountant,an,they,them,their,are,work
P03422,Morocco,MENA,added_10,Ihsan,neutral,25,administrative assistant,an,they,them,their,are,work
P03423,Morocco,MENA,added_10,Ihsan,neutral,25,architect,an,they,them,their,are,work
P03424,Morocco,MENA,added_10,Ihsan,neutral,25,bank teller,a,they,them,their,are,work
P03425,Morocco,MENA,added_10,Ihsan,neutral,25,business manager,a,they,them,their,are,work
P03426,Morocco,MENA,added_10,Ihsan,neutral,25,cashier,a,they,them,their,are,work
P03427,Morocco,MENA,added_10,Ihsan,neutral,25,chef,a,they,them,their,are,work
P03428,Morocco,MENA,added_10,Ihsan,neutral,25,civil engineer,a,they,them,their,are,work
P03429,Morocco,MENA,added_10,Ihsan,neutral,25,computer programmer,a,they,them,their,are,work
P03430,Morocco,MENA,added_10,Ihsan,neutral,25,construction worker,a,they,them,their,are,work
P03431,Morocco,MENA,added_10,Ihsan,neutral,25,doctor,a,they,them,their,are,work
P03432,Morocco,MENA,added_10,Ihsan,neutral,25,electrician,an,they,them,their,are,work
P03433,Morocco,MENA,added_10,Ihsan,neutral,25,elementary school teacher,an,they,them,their,are,work
P03434,Morocco,MENA,added_10,Ihsan,neutral,25,farmer,a,they,them,their,are,work
P03435,Morocco,MENA,added_10,Ihsan,neutral,25,flight attendant,a,they,them,their,are,work
P03436,Morocco,MENA,added_10,Ihsan,neutral,25,hairdresser,a,they,them,their,are,work
P03437,Morocco,MENA,added_10,Ihsan,neutral,25,janitor,a,they,them,their,are,work
P03438,Morocco,MENA,added_10,Ihsan,neutral,25,journalist,a,they,them,their,are,work
P03439,Morocco,MENA,added_10,Ihsan,neutral,25,lawyer,a,they,them,their,are,work
P03440,Morocco,MENA,added_10,Ihsan,neutral,25,mechanic,a,they,them,their,are,work
P03441,Morocco,MENA,added_10,Ihsan,neutral,25,paramedic,a,they,them,their,are,work
P03442,Morocco,MENA,added_10,Ihsan,neutral,25,pharmacist,a,they,them,their,are,work
P03443,Morocco,MENA,added_10,Ihsan,neutral,25,plumber,a,they,them,their,are,work
P03444,Morocco,MENA,added_10,Ihsan,neutral,25,police officer,a,they,them,their,are,work
P03445,Morocco,MENA,added_10,Ihsan,neutral,25,real estate agent,a,they,them,their,are,work
P03446,Morocco,MENA,added_10,Ihsan,neutral,25,registered nurse,a,they,them,their,are,work
P03447,Morocco,MENA,added_10,Ihsan,neutral,25,social worker,a,they,them,their,are,work
P03448,Morocco,MENA,added_10,Ihsan,neutral,25,truck driver,a,they,them,their,are,work
P03449,Morocco,MENA,added_10,Ihsan,neutral,25,veterinarian,a,they,them,their,are,work
P03450,Morocco,MENA,added_10,Ihsan,neutral,25,waiter,a,they,them,their,are,work
P03451,Morocco,MENA,added_10,Ihsan,neutral,45,accountant,an,they,them,their,are,work
P03452,Morocco,MENA,added_10,Ihsan,neutral,45,administrative assistant,an,they,them,their,are,work
P03453,Morocco,MENA,added_10,Ihsan,neutral,45,architect,an,they,them,their,are,work
P03454,Morocco,MENA,added_10,Ihsan,neutral,45,bank teller,a,they,them,their,are,work
P03455,Morocco,MENA,added_10,Ihsan,neutral,45,business manager,a,they,them,their,are,work
P03456,Morocco,MENA,added_10,Ihsan,neutral,45,cashier,a,they,them,their,are,work
P03457,Morocco,MENA,added_10,Ihsan,neutral,45,chef,a,they,them,their,are,work
P03458,Morocco,MENA,added_10,Ihsan,neutral,45,civil engineer,a,they,them,their,are,work
P03459,Morocco,MENA,added_10,Ihsan,neutral,45,computer programmer,a,they,them,their,are,work
P03460,Morocco,MENA,added_10,Ihsan,neutral,45,construction worker,a,they,them,their,are,work
P03461,Morocco,MENA,added_10,Ihsan,neutral,45,doctor,a,they,them,their,are,work
P03462,Morocco,MENA,added_10,Ihsan,neutral,45,electrician,an,they,them,their,are,work
P03463,Morocco,MENA,added_10,Ihsan,neutral,45,elementary school teacher,an,they,them,their,are,work
P03464,Morocco,MENA,added_10,Ihsan,neutral,45,farmer,a,they,them,their,are,work
P03465,Morocco,MENA,added_10,Ihsan,neutral,45,flight attendant,a,they,them,their,are,work
P03466,Morocco,MENA,added_10,Ihsan,neutral,45,hairdresser,a,they,them,their,are,work
P03467,Morocco,MENA,added_10,Ihsan,neutral,45,janitor,a,they,them,their,are,work
P03468,Morocco,MENA,added_10,Ihsan,neutral,45,journalist,a,they,them,their,are,work
P03469,Morocco,MENA,added_10,Ihsan,neutral,45,lawyer,a,they,them,their,are,work
P03470,Morocco,MENA,added_10,Ihsan,neutral,45,mechanic,a,they,them,their,are,work
P03471,Morocco,MENA,added_10,Ihsan,neutral,45,paramedic,a,they,them,their,are,work
P03472,Morocco,MENA,added_10,Ihsan,neutral,45,pharmacist,a,they,them,their,are,work
P03473,Morocco,MENA,added_10,Ihsan,neutral,45,plumber,a,they,them,their,are,work
P03474,Morocco,MENA,added_10,Ihsan,neutral,45,police officer,a,they,them,their,are,work
P03475,Morocco,MENA,added_10,Ihsan,neutral,45,real estate agent,a,they,them,their,are,work
P03476,Morocco,MENA,added_10,Ihsan,neutral,45,registered nurse,a,they,them,their,are,work
P03477,Morocco,MENA,added_10,Ihsan,neutral,45,social worker,a,they,them,their,are,work
P03478,Morocco,MENA,added_10,Ihsan,neutral,45,truck driver,a,they,them,their,are,work
P03479,Morocco,MENA,added_10,Ihsan,neutral,45,veterinarian,a,they,them,their,are,work
P03480,Morocco,MENA,added_10,Ihsan,neutral,45,waiter,a,they,them,their,are,work
P03481,Morocco,MENA,added_10,Ihsan,neutral,65,accountant,an,they,them,their,are,work
P03482,Morocco,MENA,added_10,Ihsan,neutral,65,administrative assistant,an,they,them,their,are,work
P03483,Morocco,MENA,added_10,Ihsan,neutral,65,architect,an,they,them,their,are,work
P03484,Morocco,MENA,added_10,Ihsan,neutral,65,bank teller,a,they,them,their,are,work
P03485,Morocco,MENA,added_10,Ihsan,neutral,65,business manager,a,they,them,their,are,work
P03486,Morocco,MENA,added_10,Ihsan,neutral,65,cashier,a,they,them,their,are,work
P03487,Morocco,MENA,added_10,Ihsan,neutral,65,chef,a,they,them,their,are,work
P03488,Morocco,MENA,added_10,Ihsan,neutral,65,civil engineer,a,they,them,their,are,work
P03489,Morocco,MENA,added_10,Ihsan,neutral,65,computer programmer,a,they,them,their,are,work
P03490,Morocco,MENA,added_10,Ihsan,neutral,65,construction worker,a,they,them,their,are,work
P03491,Morocco,MENA,added_10,Ihsan,neutral,65,doctor,a,they,them,their,are,work
P03492,Morocco,MENA,added_10,Ihsan,neutral,65,electrician,an,they,them,their,are,work
P03493,Morocco,MENA,added_10,Ihsan,neutral,65,elementary school teacher,an,they,them,their,are,work
P03494,Morocco,MENA,added_10,Ihsan,neutral,65,farmer,a,they,them,their,are,work
P03495,Morocco,MENA,added_10,Ihsan,neutral,65,flight attendant,a,they,them,their,are,work
P03496,Morocco,MENA,added_10,Ihsan,neutral,65,hairdresser,a,they,them,their,are,work
P03497,Morocco,MENA,added_10,Ihsan,neutral,65,janitor,a,they,them,their,are,work
P03498,Morocco,MENA,added_10,Ihsan,neutral,65,journalist,a,they,them,their,are,work
P03499,Morocco,MENA,added_10,Ihsan,neutral,65,lawyer,a,they,them,their,are,work
P03500,Morocco,MENA,added_10,Ihsan,neutral,65,mechanic,a,they,them,their,are,work
P03501,Morocco,MENA,added_10,Ihsan,neutral,65,paramedic,a,they,them,their,are,work
P03502,Morocco,MENA,added_10,Ihsan,neutral,65,pharmacist,a,they,them,their,are,work
P03503,Morocco,MENA,added_10,Ihsan,neutral,65,plumber,a,they,them,their,are,work
P03504,Morocco,MENA,added_10,Ihsan,neutral,65,police officer,a,they,them,their,are,work
P03505,Morocco,MENA,added_10,Ihsan,neutral,65,real estate agent,a,they,them,their,are,work
P03506,Morocco,MENA,added_10,Ihsan,neutral,65,registered nurse,a,they,them,their,are,work
P03507,Morocco,MENA,added_10,Ihsan,neutral,65,social worker,a,they,them,their,are,work
P03508,Morocco,MENA,added_10,Ihsan,neutral,65,truck driver,a,they,them,their,are,work
P03509,Morocco,MENA,added_10,Ihsan,neutral,65,veterinarian,a,they,them,their,are,work
P03510,Morocco,MENA,added_10,Ihsan,neutral,65,waiter,a,they,them,their,are,work
P03511,Nigeria,Africa,added_10,Adebayo,male,25,accountant,an,he,him,his,is,works
P03512,Nigeria,Africa,added_10,Adebayo,male,25,administrative assistant,an,he,him,his,is,works
P03513,Nigeria,Africa,added_10,Adebayo,male,25,architect,an,he,him,his,is,works
P03514,Nigeria,Africa,added_10,Adebayo,male,25,bank teller,a,he,him,his,is,works
P03515,Nigeria,Africa,added_10,Adebayo,male,25,business manager,a,he,him,his,is,works
P03516,Nigeria,Africa,added_10,Adebayo,male,25,cashier,a,he,him,his,is,works
P03517,Nigeria,Africa,added_10,Adebayo,male,25,chef,a,he,him,his,is,works
P03518,Nigeria,Africa,added_10,Adebayo,male,25,civil engineer,a,he,him,his,is,works
P03519,Nigeria,Africa,added_10,Adebayo,male,25,computer programmer,a,he,him,his,is,works
P03520,Nigeria,Africa,added_10,Adebayo,male,25,construction worker,a,he,him,his,is,works
P03521,Nigeria,Africa,added_10,Adebayo,male,25,doctor,a,he,him,his,is,works
P03522,Nigeria,Africa,added_10,Adebayo,male,25,electrician,an,he,him,his,is,works
P03523,Nigeria,Africa,added_10,Adebayo,male,25,elementary school teacher,an,he,him,his,is,works
P03524,Nigeria,Africa,added_10,Adebayo,male,25,farmer,a,he,him,his,is,works
P03525,Nigeria,Africa,added_10,Adebayo,male,25,flight attendant,a,he,him,his,is,works
P03526,Nigeria,Africa,added_10,Adebayo,male,25,hairdresser,a,he,him,his,is,works
P03527,Nigeria,Africa,added_10,Adebayo,male,25,janitor,a,he,him,his,is,works
P03528,Nigeria,Africa,added_10,Adebayo,male,25,journalist,a,he,him,his,is,works
P03529,Nigeria,Africa,added_10,Adebayo,male,25,lawyer,a,he,him,his,is,works
P03530,Nigeria,Africa,added_10,Adebayo,male,25,mechanic,a,he,him,his,is,works
P03531,Nigeria,Africa,added_10,Adebayo,male,25,paramedic,a,he,him,his,is,works
P03532,Nigeria,Africa,added_10,Adebayo,male,25,pharmacist,a,he,him,his,is,works
P03533,Nigeria,Africa,added_10,Adebayo,male,25,plumber,a,he,him,his,is,works
P03534,Nigeria,Africa,added_10,Adebayo,male,25,police officer,a,he,him,his,is,works
P03535,Nigeria,Africa,added_10,Adebayo,male,25,real estate agent,a,he,him,his,is,works
P03536,Nigeria,Africa,added_10,Adebayo,male,25,registered nurse,a,he,him,his,is,works
P03537,Nigeria,Africa,added_10,Adebayo,male,25,social worker,a,he,him,his,is,works
P03538,Nigeria,Africa,added_10,Adebayo,male,25,truck driver,a,he,him,his,is,works
P03539,Nigeria,Africa,added_10,Adebayo,male,25,veterinarian,a,he,him,his,is,works
P03540,Nigeria,Africa,added_10,Adebayo,male,25,waiter,a,he,him,his,is,works
P03541,Nigeria,Africa,added_10,Adebayo,male,45,accountant,an,he,him,his,is,works
P03542,Nigeria,Africa,added_10,Adebayo,male,45,administrative assistant,an,he,him,his,is,works
P03543,Nigeria,Africa,added_10,Adebayo,male,45,architect,an,he,him,his,is,works
P03544,Nigeria,Africa,added_10,Adebayo,male,45,bank teller,a,he,him,his,is,works
P03545,Nigeria,Africa,added_10,Adebayo,male,45,business manager,a,he,him,his,is,works
P03546,Nigeria,Africa,added_10,Adebayo,male,45,cashier,a,he,him,his,is,works
P03547,Nigeria,Africa,added_10,Adebayo,male,45,chef,a,he,him,his,is,works
P03548,Nigeria,Africa,added_10,Adebayo,male,45,civil engineer,a,he,him,his,is,works
P03549,Nigeria,Africa,added_10,Adebayo,male,45,computer programmer,a,he,him,his,is,works
P03550,Nigeria,Africa,added_10,Adebayo,male,45,construction worker,a,he,him,his,is,works
P03551,Nigeria,Africa,added_10,Adebayo,male,45,doctor,a,he,him,his,is,works
P03552,Nigeria,Africa,added_10,Adebayo,male,45,electrician,an,he,him,his,is,works
P03553,Nigeria,Africa,added_10,Adebayo,male,45,elementary school teacher,an,he,him,his,is,works
P03554,Nigeria,Africa,added_10,Adebayo,male,45,farmer,a,he,him,his,is,works
P03555,Nigeria,Africa,added_10,Adebayo,male,45,flight attendant,a,he,him,his,is,works
P03556,Nigeria,Africa,added_10,Adebayo,male,45,hairdresser,a,he,him,his,is,works
P03557,Nigeria,Africa,added_10,Adebayo,male,45,janitor,a,he,him,his,is,works
P03558,Nigeria,Africa,added_10,Adebayo,male,45,journalist,a,he,him,his,is,works
P03559,Nigeria,Africa,added_10,Adebayo,male,45,lawyer,a,he,him,his,is,works
P03560,Nigeria,Africa,added_10,Adebayo,male,45,mechanic,a,he,him,his,is,works
P03561,Nigeria,Africa,added_10,Adebayo,male,45,paramedic,a,he,him,his,is,works
P03562,Nigeria,Africa,added_10,Adebayo,male,45,pharmacist,a,he,him,his,is,works
P03563,Nigeria,Africa,added_10,Adebayo,male,45,plumber,a,he,him,his,is,works
P03564,Nigeria,Africa,added_10,Adebayo,male,45,police officer,a,he,him,his,is,works
P03565,Nigeria,Africa,added_10,Adebayo,male,45,real estate agent,a,he,him,his,is,works
P03566,Nigeria,Africa,added_10,Adebayo,male,45,registered nurse,a,he,him,his,is,works
P03567,Nigeria,Africa,added_10,Adebayo,male,45,social worker,a,he,him,his,is,works
P03568,Nigeria,Africa,added_10,Adebayo,male,45,truck driver,a,he,him,his,is,works
P03569,Nigeria,Africa,added_10,Adebayo,male,45,veterinarian,a,he,him,his,is,works
P03570,Nigeria,Africa,added_10,Adebayo,male,45,waiter,a,he,him,his,is,works
P03571,Nigeria,Africa,added_10,Adebayo,male,65,accountant,an,he,him,his,is,works
P03572,Nigeria,Africa,added_10,Adebayo,male,65,administrative assistant,an,he,him,his,is,works
P03573,Nigeria,Africa,added_10,Adebayo,male,65,architect,an,he,him,his,is,works
P03574,Nigeria,Africa,added_10,Adebayo,male,65,bank teller,a,he,him,his,is,works
P03575,Nigeria,Africa,added_10,Adebayo,male,65,business manager,a,he,him,his,is,works
P03576,Nigeria,Africa,added_10,Adebayo,male,65,cashier,a,he,him,his,is,works
P03577,Nigeria,Africa,added_10,Adebayo,male,65,chef,a,he,him,his,is,works
P03578,Nigeria,Africa,added_10,Adebayo,male,65,civil engineer,a,he,him,his,is,works
P03579,Nigeria,Africa,added_10,Adebayo,male,65,computer programmer,a,he,him,his,is,works
P03580,Nigeria,Africa,added_10,Adebayo,male,65,construction worker,a,he,him,his,is,works
P03581,Nigeria,Africa,added_10,Adebayo,male,65,doctor,a,he,him,his,is,works
P03582,Nigeria,Africa,added_10,Adebayo,male,65,electrician,an,he,him,his,is,works
P03583,Nigeria,Africa,added_10,Adebayo,male,65,elementary school teacher,an,he,him,his,is,works
P03584,Nigeria,Africa,added_10,Adebayo,male,65,farmer,a,he,him,his,is,works
P03585,Nigeria,Africa,added_10,Adebayo,male,65,flight attendant,a,he,him,his,is,works
P03586,Nigeria,Africa,added_10,Adebayo,male,65,hairdresser,a,he,him,his,is,works
P03587,Nigeria,Africa,added_10,Adebayo,male,65,janitor,a,he,him,his,is,works
P03588,Nigeria,Africa,added_10,Adebayo,male,65,journalist,a,he,him,his,is,works
P03589,Nigeria,Africa,added_10,Adebayo,male,65,lawyer,a,he,him,his,is,works
P03590,Nigeria,Africa,added_10,Adebayo,male,65,mechanic,a,he,him,his,is,works
P03591,Nigeria,Africa,added_10,Adebayo,male,65,paramedic,a,he,him,his,is,works
P03592,Nigeria,Africa,added_10,Adebayo,male,65,pharmacist,a,he,him,his,is,works
P03593,Nigeria,Africa,added_10,Adebayo,male,65,plumber,a,he,him,his,is,works
P03594,Nigeria,Africa,added_10,Adebayo,male,65,police officer,a,he,him,his,is,works
P03595,Nigeria,Africa,added_10,Adebayo,male,65,real estate agent,a,he,him,his,is,works
P03596,Nigeria,Africa,added_10,Adebayo,male,65,registered nurse,a,he,him,his,is,works
P03597,Nigeria,Africa,added_10,Adebayo,male,65,social worker,a,he,him,his,is,works
P03598,Nigeria,Africa,added_10,Adebayo,male,65,truck driver,a,he,him,his,is,works
P03599,Nigeria,Africa,added_10,Adebayo,male,65,veterinarian,a,he,him,his,is,works
P03600,Nigeria,Africa,added_10,Adebayo,male,65,waiter,a,he,him,his,is,works
P03601,Nigeria,Africa,added_10,Folake,female,25,accountant,an,she,her,her,is,works
P03602,Nigeria,Africa,added_10,Folake,female,25,administrative assistant,an,she,her,her,is,works
P03603,Nigeria,Africa,added_10,Folake,female,25,architect,an,she,her,her,is,works
P03604,Nigeria,Africa,added_10,Folake,female,25,bank teller,a,she,her,her,is,works
P03605,Nigeria,Africa,added_10,Folake,female,25,business manager,a,she,her,her,is,works
P03606,Nigeria,Africa,added_10,Folake,female,25,cashier,a,she,her,her,is,works
P03607,Nigeria,Africa,added_10,Folake,female,25,chef,a,she,her,her,is,works
P03608,Nigeria,Africa,added_10,Folake,female,25,civil engineer,a,she,her,her,is,works
P03609,Nigeria,Africa,added_10,Folake,female,25,computer programmer,a,she,her,her,is,works
P03610,Nigeria,Africa,added_10,Folake,female,25,construction worker,a,she,her,her,is,works
P03611,Nigeria,Africa,added_10,Folake,female,25,doctor,a,she,her,her,is,works
P03612,Nigeria,Africa,added_10,Folake,female,25,electrician,an,she,her,her,is,works
P03613,Nigeria,Africa,added_10,Folake,female,25,elementary school teacher,an,she,her,her,is,works
P03614,Nigeria,Africa,added_10,Folake,female,25,farmer,a,she,her,her,is,works
P03615,Nigeria,Africa,added_10,Folake,female,25,flight attendant,a,she,her,her,is,works
P03616,Nigeria,Africa,added_10,Folake,female,25,hairdresser,a,she,her,her,is,works
P03617,Nigeria,Africa,added_10,Folake,female,25,janitor,a,she,her,her,is,works
P03618,Nigeria,Africa,added_10,Folake,female,25,journalist,a,she,her,her,is,works
P03619,Nigeria,Africa,added_10,Folake,female,25,lawyer,a,she,her,her,is,works
P03620,Nigeria,Africa,added_10,Folake,female,25,mechanic,a,she,her,her,is,works
P03621,Nigeria,Africa,added_10,Folake,female,25,paramedic,a,she,her,her,is,works
P03622,Nigeria,Africa,added_10,Folake,female,25,pharmacist,a,she,her,her,is,works
P03623,Nigeria,Africa,added_10,Folake,female,25,plumber,a,she,her,her,is,works
P03624,Nigeria,Africa,added_10,Folake,female,25,police officer,a,she,her,her,is,works
P03625,Nigeria,Africa,added_10,Folake,female,25,real estate agent,a,she,her,her,is,works
P03626,Nigeria,Africa,added_10,Folake,female,25,registered nurse,a,she,her,her,is,works
P03627,Nigeria,Africa,added_10,Folake,female,25,social worker,a,she,her,her,is,works
P03628,Nigeria,Africa,added_10,Folake,female,25,truck driver,a,she,her,her,is,works
P03629,Nigeria,Africa,added_10,Folake,female,25,veterinarian,a,she,her,her,is,works
P03630,Nigeria,Africa,added_10,Folake,female,25,waiter,a,she,her,her,is,works
P03631,Nigeria,Africa,added_10,Folake,female,45,accountant,an,she,her,her,is,works
P03632,Nigeria,Africa,added_10,Folake,female,45,administrative assistant,an,she,her,her,is,works
P03633,Nigeria,Africa,added_10,Folake,female,45,architect,an,she,her,her,is,works
P03634,Nigeria,Africa,added_10,Folake,female,45,bank teller,a,she,her,her,is,works
P03635,Nigeria,Africa,added_10,Folake,female,45,business manager,a,she,her,her,is,works
P03636,Nigeria,Africa,added_10,Folake,female,45,cashier,a,she,her,her,is,works
P03637,Nigeria,Africa,added_10,Folake,female,45,chef,a,she,her,her,is,works
P03638,Nigeria,Africa,added_10,Folake,female,45,civil engineer,a,she,her,her,is,works
P03639,Nigeria,Africa,added_10,Folake,female,45,computer programmer,a,she,her,her,is,works
P03640,Nigeria,Africa,added_10,Folake,female,45,construction worker,a,she,her,her,is,works
P03641,Nigeria,Africa,added_10,Folake,female,45,doctor,a,she,her,her,is,works
P03642,Nigeria,Africa,added_10,Folake,female,45,electrician,an,she,her,her,is,works
P03643,Nigeria,Africa,added_10,Folake,female,45,elementary school teacher,an,she,her,her,is,works
P03644,Nigeria,Africa,added_10,Folake,female,45,farmer,a,she,her,her,is,works
P03645,Nigeria,Africa,added_10,Folake,female,45,flight attendant,a,she,her,her,is,works
P03646,Nigeria,Africa,added_10,Folake,female,45,hairdresser,a,she,her,her,is,works
P03647,Nigeria,Africa,added_10,Folake,female,45,janitor,a,she,her,her,is,works
P03648,Nigeria,Africa,added_10,Folake,female,45,journalist,a,she,her,her,is,works
P03649,Nigeria,Africa,added_10,Folake,female,45,lawyer,a,she,her,her,is,works
P03650,Nigeria,Africa,added_10,Folake,female,45,mechanic,a,she,her,her,is,works
P03651,Nigeria,Africa,added_10,Folake,female,45,paramedic,a,she,her,her,is,works
P03652,Nigeria,Africa,added_10,Folake,female,45,pharmacist,a,she,her,her,is,works
P03653,Nigeria,Africa,added_10,Folake,female,45,plumber,a,she,her,her,is,works
P03654,Nigeria,Africa,added_10,Folake,female,45,police officer,a,she,her,her,is,works
P03655,Nigeria,Africa,added_10,Folake,female,45,real estate agent,a,she,her,her,is,works
P03656,Nigeria,Africa,added_10,Folake,female,45,registered nurse,a,she,her,her,is,works
P03657,Nigeria,Africa,added_10,Folake,female,45,social worker,a,she,her,her,is,works
P03658,Nigeria,Africa,added_10,Folake,female,45,truck driver,a,she,her,her,is,works
P03659,Nigeria,Africa,added_10,Folake,female,45,veterinarian,a,she,her,her,is,works
P03660,Nigeria,Africa,added_10,Folake,female,45,waiter,a,she,her,her,is,works
P03661,Nigeria,Africa,added_10,Folake,female,65,accountant,an,she,her,her,is,works
P03662,Nigeria,Africa,added_10,Folake,female,65,administrative assistant,an,she,her,her,is,works
P03663,Nigeria,Africa,added_10,Folake,female,65,architect,an,she,her,her,is,works
P03664,Nigeria,Africa,added_10,Folake,female,65,bank teller,a,she,her,her,is,works
P03665,Nigeria,Africa,added_10,Folake,female,65,business manager,a,she,her,her,is,works
P03666,Nigeria,Africa,added_10,Folake,female,65,cashier,a,she,her,her,is,works
P03667,Nigeria,Africa,added_10,Folake,female,65,chef,a,she,her,her,is,works
P03668,Nigeria,Africa,added_10,Folake,female,65,civil engineer,a,she,her,her,is,works
P03669,Nigeria,Africa,added_10,Folake,female,65,computer programmer,a,she,her,her,is,works
P03670,Nigeria,Africa,added_10,Folake,female,65,construction worker,a,she,her,her,is,works
P03671,Nigeria,Africa,added_10,Folake,female,65,doctor,a,she,her,her,is,works
P03672,Nigeria,Africa,added_10,Folake,female,65,electrician,an,she,her,her,is,works
P03673,Nigeria,Africa,added_10,Folake,female,65,elementary school teacher,an,she,her,her,is,works
P03674,Nigeria,Africa,added_10,Folake,female,65,farmer,a,she,her,her,is,works
P03675,Nigeria,Africa,added_10,Folake,female,65,flight attendant,a,she,her,her,is,works
P03676,Nigeria,Africa,added_10,Folake,female,65,hairdresser,a,she,her,her,is,works
P03677,Nigeria,Africa,added_10,Folake,female,65,janitor,a,she,her,her,is,works
P03678,Nigeria,Africa,added_10,Folake,female,65,journalist,a,she,her,her,is,works
P03679,Nigeria,Africa,added_10,Folake,female,65,lawyer,a,she,her,her,is,works
P03680,Nigeria,Africa,added_10,Folake,female,65,mechanic,a,she,her,her,is,works
P03681,Nigeria,Africa,added_10,Folake,female,65,paramedic,a,she,her,her,is,works
P03682,Nigeria,Africa,added_10,Folake,female,65,pharmacist,a,she,her,her,is,works
P03683,Nigeria,Africa,added_10,Folake,female,65,plumber,a,she,her,her,is,works
P03684,Nigeria,Africa,added_10,Folake,female,65,police officer,a,she,her,her,is,works
P03685,Nigeria,Africa,added_10,Folake,female,65,real estate agent,a,she,her,her,is,works
P03686,Nigeria,Africa,added_10,Folake,female,65,registered nurse,a,she,her,her,is,works
P03687,Nigeria,Africa,added_10,Folake,female,65,social worker,a,she,her,her,is,works
P03688,Nigeria,Africa,added_10,Folake,female,65,truck driver,a,she,her,her,is,works
P03689,Nigeria,Africa,added_10,Folake,female,65,veterinarian,a,she,her,her,is,works
P03690,Nigeria,Africa,added_10,Folake,female,65,waiter,a,she,her,her,is,works
P03691,Nigeria,Africa,added_10,Ayomide,neutral,25,accountant,an,they,them,their,are,work
P03692,Nigeria,Africa,added_10,Ayomide,neutral,25,administrative assistant,an,they,them,their,are,work
P03693,Nigeria,Africa,added_10,Ayomide,neutral,25,architect,an,they,them,their,are,work
P03694,Nigeria,Africa,added_10,Ayomide,neutral,25,bank teller,a,they,them,their,are,work
P03695,Nigeria,Africa,added_10,Ayomide,neutral,25,business manager,a,they,them,their,are,work
P03696,Nigeria,Africa,added_10,Ayomide,neutral,25,cashier,a,they,them,their,are,work
P03697,Nigeria,Africa,added_10,Ayomide,neutral,25,chef,a,they,them,their,are,work
P03698,Nigeria,Africa,added_10,Ayomide,neutral,25,civil engineer,a,they,them,their,are,work
P03699,Nigeria,Africa,added_10,Ayomide,neutral,25,computer programmer,a,they,them,their,are,work
P03700,Nigeria,Africa,added_10,Ayomide,neutral,25,construction worker,a,they,them,their,are,work
P03701,Nigeria,Africa,added_10,Ayomide,neutral,25,doctor,a,they,them,their,are,work
P03702,Nigeria,Africa,added_10,Ayomide,neutral,25,electrician,an,they,them,their,are,work
P03703,Nigeria,Africa,added_10,Ayomide,neutral,25,elementary school teacher,an,they,them,their,are,work
P03704,Nigeria,Africa,added_10,Ayomide,neutral,25,farmer,a,they,them,their,are,work
P03705,Nigeria,Africa,added_10,Ayomide,neutral,25,flight attendant,a,they,them,their,are,work
P03706,Nigeria,Africa,added_10,Ayomide,neutral,25,hairdresser,a,they,them,their,are,work
P03707,Nigeria,Africa,added_10,Ayomide,neutral,25,janitor,a,they,them,their,are,work
P03708,Nigeria,Africa,added_10,Ayomide,neutral,25,journalist,a,they,them,their,are,work
P03709,Nigeria,Africa,added_10,Ayomide,neutral,25,lawyer,a,they,them,their,are,work
P03710,Nigeria,Africa,added_10,Ayomide,neutral,25,mechanic,a,they,them,their,are,work
P03711,Nigeria,Africa,added_10,Ayomide,neutral,25,paramedic,a,they,them,their,are,work
P03712,Nigeria,Africa,added_10,Ayomide,neutral,25,pharmacist,a,they,them,their,are,work
P03713,Nigeria,Africa,added_10,Ayomide,neutral,25,plumber,a,they,them,their,are,work
P03714,Nigeria,Africa,added_10,Ayomide,neutral,25,police officer,a,they,them,their,are,work
P03715,Nigeria,Africa,added_10,Ayomide,neutral,25,real estate agent,a,they,them,their,are,work
P03716,Nigeria,Africa,added_10,Ayomide,neutral,25,registered nurse,a,they,them,their,are,work
P03717,Nigeria,Africa,added_10,Ayomide,neutral,25,social worker,a,they,them,their,are,work
P03718,Nigeria,Africa,added_10,Ayomide,neutral,25,truck driver,a,they,them,their,are,work
P03719,Nigeria,Africa,added_10,Ayomide,neutral,25,veterinarian,a,they,them,their,are,work
P03720,Nigeria,Africa,added_10,Ayomide,neutral,25,waiter,a,they,them,their,are,work
P03721,Nigeria,Africa,added_10,Ayomide,neutral,45,accountant,an,they,them,their,are,work
P03722,Nigeria,Africa,added_10,Ayomide,neutral,45,administrative assistant,an,they,them,their,are,work
P03723,Nigeria,Africa,added_10,Ayomide,neutral,45,architect,an,they,them,their,are,work
P03724,Nigeria,Africa,added_10,Ayomide,neutral,45,bank teller,a,they,them,their,are,work
P03725,Nigeria,Africa,added_10,Ayomide,neutral,45,business manager,a,they,them,their,are,work
P03726,Nigeria,Africa,added_10,Ayomide,neutral,45,cashier,a,they,them,their,are,work
P03727,Nigeria,Africa,added_10,Ayomide,neutral,45,chef,a,they,them,their,are,work
P03728,Nigeria,Africa,added_10,Ayomide,neutral,45,civil engineer,a,they,them,their,are,work
P03729,Nigeria,Africa,added_10,Ayomide,neutral,45,computer programmer,a,they,them,their,are,work
P03730,Nigeria,Africa,added_10,Ayomide,neutral,45,construction worker,a,they,them,their,are,work
P03731,Nigeria,Africa,added_10,Ayomide,neutral,45,doctor,a,they,them,their,are,work
P03732,Nigeria,Africa,added_10,Ayomide,neutral,45,electrician,an,they,them,their,are,work
P03733,Nigeria,Africa,added_10,Ayomide,neutral,45,elementary school teacher,an,they,them,their,are,work
P03734,Nigeria,Africa,added_10,Ayomide,neutral,45,farmer,a,they,them,their,are,work
P03735,Nigeria,Africa,added_10,Ayomide,neutral,45,flight attendant,a,they,them,their,are,work
P03736,Nigeria,Africa,added_10,Ayomide,neutral,45,hairdresser,a,they,them,their,are,work
P03737,Nigeria,Africa,added_10,Ayomide,neutral,45,janitor,a,they,them,their,are,work
P03738,Nigeria,Africa,added_10,Ayomide,neutral,45,journalist,a,they,them,their,are,work
P03739,Nigeria,Africa,added_10,Ayomide,neutral,45,lawyer,a,they,them,their,are,work
P03740,Nigeria,Africa,added_10,Ayomide,neutral,45,mechanic,a,they,them,their,are,work
P03741,Nigeria,Africa,added_10,Ayomide,neutral,45,paramedic,a,they,them,their,are,work
P03742,Nigeria,Africa,added_10,Ayomide,neutral,45,pharmacist,a,they,them,their,are,work
P03743,Nigeria,Africa,added_10,Ayomide,neutral,45,plumber,a,they,them,their,are,work
P03744,Nigeria,Africa,added_10,Ayomide,neutral,45,police officer,a,they,them,their,are,work
P03745,Nigeria,Africa,added_10,Ayomide,neutral,45,real estate agent,a,they,them,their,are,work
P03746,Nigeria,Africa,added_10,Ayomide,neutral,45,registered nurse,a,they,them,their,are,work
P03747,Nigeria,Africa,added_10,Ayomide,neutral,45,social worker,a,they,them,their,are,work
P03748,Nigeria,Africa,added_10,Ayomide,neutral,45,truck driver,a,they,them,their,are,work
P03749,Nigeria,Africa,added_10,Ayomide,neutral,45,veterinarian,a,they,them,their,are,work
P03750,Nigeria,Africa,added_10,Ayomide,neutral,45,waiter,a,they,them,their,are,work
P03751,Nigeria,Africa,added_10,Ayomide,neutral,65,accountant,an,they,them,their,are,work
P03752,Nigeria,Africa,added_10,Ayomide,neutral,65,administrative assistant,an,they,them,their,are,work
P03753,Nigeria,Africa,added_10,Ayomide,neutral,65,architect,an,they,them,their,are,work
P03754,Nigeria,Africa,added_10,Ayomide,neutral,65,bank teller,a,they,them,their,are,work
P03755,Nigeria,Africa,added_10,Ayomide,neutral,65,business manager,a,they,them,their,are,work
P03756,Nigeria,Africa,added_10,Ayomide,neutral,65,cashier,a,they,them,their,are,work
P03757,Nigeria,Africa,added_10,Ayomide,neutral,65,chef,a,they,them,their,are,work
P03758,Nigeria,Africa,added_10,Ayomide,neutral,65,civil engineer,a,they,them,their,are,work
P03759,Nigeria,Africa,added_10,Ayomide,neutral,65,computer programmer,a,they,them,their,are,work
P03760,Nigeria,Africa,added_10,Ayomide,neutral,65,construction worker,a,they,them,their,are,work
P03761,Nigeria,Africa,added_10,Ayomide,neutral,65,doctor,a,they,them,their,are,work
P03762,Nigeria,Africa,added_10,Ayomide,neutral,65,electrician,an,they,them,their,are,work
P03763,Nigeria,Africa,added_10,Ayomide,neutral,65,elementary school teacher,an,they,them,their,are,work
P03764,Nigeria,Africa,added_10,Ayomide,neutral,65,farmer,a,they,them,their,are,work
P03765,Nigeria,Africa,added_10,Ayomide,neutral,65,flight attendant,a,they,them,their,are,work
P03766,Nigeria,Africa,added_10,Ayomide,neutral,65,hairdresser,a,they,them,their,are,work
P03767,Nigeria,Africa,added_10,Ayomide,neutral,65,janitor,a,they,them,their,are,work
P03768,Nigeria,Africa,added_10,Ayomide,neutral,65,journalist,a,they,them,their,are,work
P03769,Nigeria,Africa,added_10,Ayomide,neutral,65,lawyer,a,they,them,their,are,work
P03770,Nigeria,Africa,added_10,Ayomide,neutral,65,mechanic,a,they,them,their,are,work
P03771,Nigeria,Africa,added_10,Ayomide,neutral,65,paramedic,a,they,them,their,are,work
P03772,Nigeria,Africa,added_10,Ayomide,neutral,65,pharmacist,a,they,them,their,are,work
P03773,Nigeria,Africa,added_10,Ayomide,neutral,65,plumber,a,they,them,their,are,work
P03774,Nigeria,Africa,added_10,Ayomide,neutral,65,police officer,a,they,them,their,are,work
P03775,Nigeria,Africa,added_10,Ayomide,neutral,65,real estate agent,a,they,them,their,are,work
P03776,Nigeria,Africa,added_10,Ayomide,neutral,65,registered nurse,a,they,them,their,are,work
P03777,Nigeria,Africa,added_10,Ayomide,neutral,65,social worker,a,they,them,their,are,work
P03778,Nigeria,Africa,added_10,Ayomide,neutral,65,truck driver,a,they,them,their,are,work
P03779,Nigeria,Africa,added_10,Ayomide,neutral,65,veterinarian,a,they,them,their,are,work
P03780,Nigeria,Africa,added_10,Ayomide,neutral,65,waiter,a,they,them,their,are,work
P03781,Pakistan,South Asia,added_10,Ahmed,male,25,accountant,an,he,him,his,is,works
P03782,Pakistan,South Asia,added_10,Ahmed,male,25,administrative assistant,an,he,him,his,is,works
P03783,Pakistan,South Asia,added_10,Ahmed,male,25,architect,an,he,him,his,is,works
P03784,Pakistan,South Asia,added_10,Ahmed,male,25,bank teller,a,he,him,his,is,works
P03785,Pakistan,South Asia,added_10,Ahmed,male,25,business manager,a,he,him,his,is,works
P03786,Pakistan,South Asia,added_10,Ahmed,male,25,cashier,a,he,him,his,is,works
P03787,Pakistan,South Asia,added_10,Ahmed,male,25,chef,a,he,him,his,is,works
P03788,Pakistan,South Asia,added_10,Ahmed,male,25,civil engineer,a,he,him,his,is,works
P03789,Pakistan,South Asia,added_10,Ahmed,male,25,computer programmer,a,he,him,his,is,works
P03790,Pakistan,South Asia,added_10,Ahmed,male,25,construction worker,a,he,him,his,is,works
P03791,Pakistan,South Asia,added_10,Ahmed,male,25,doctor,a,he,him,his,is,works
P03792,Pakistan,South Asia,added_10,Ahmed,male,25,electrician,an,he,him,his,is,works
P03793,Pakistan,South Asia,added_10,Ahmed,male,25,elementary school teacher,an,he,him,his,is,works
P03794,Pakistan,South Asia,added_10,Ahmed,male,25,farmer,a,he,him,his,is,works
P03795,Pakistan,South Asia,added_10,Ahmed,male,25,flight attendant,a,he,him,his,is,works
P03796,Pakistan,South Asia,added_10,Ahmed,male,25,hairdresser,a,he,him,his,is,works
P03797,Pakistan,South Asia,added_10,Ahmed,male,25,janitor,a,he,him,his,is,works
P03798,Pakistan,South Asia,added_10,Ahmed,male,25,journalist,a,he,him,his,is,works
P03799,Pakistan,South Asia,added_10,Ahmed,male,25,lawyer,a,he,him,his,is,works
P03800,Pakistan,South Asia,added_10,Ahmed,male,25,mechanic,a,he,him,his,is,works
P03801,Pakistan,South Asia,added_10,Ahmed,male,25,paramedic,a,he,him,his,is,works
P03802,Pakistan,South Asia,added_10,Ahmed,male,25,pharmacist,a,he,him,his,is,works
P03803,Pakistan,South Asia,added_10,Ahmed,male,25,plumber,a,he,him,his,is,works
P03804,Pakistan,South Asia,added_10,Ahmed,male,25,police officer,a,he,him,his,is,works
P03805,Pakistan,South Asia,added_10,Ahmed,male,25,real estate agent,a,he,him,his,is,works
P03806,Pakistan,South Asia,added_10,Ahmed,male,25,registered nurse,a,he,him,his,is,works
P03807,Pakistan,South Asia,added_10,Ahmed,male,25,social worker,a,he,him,his,is,works
P03808,Pakistan,South Asia,added_10,Ahmed,male,25,truck driver,a,he,him,his,is,works
P03809,Pakistan,South Asia,added_10,Ahmed,male,25,veterinarian,a,he,him,his,is,works
P03810,Pakistan,South Asia,added_10,Ahmed,male,25,waiter,a,he,him,his,is,works
P03811,Pakistan,South Asia,added_10,Ahmed,male,45,accountant,an,he,him,his,is,works
P03812,Pakistan,South Asia,added_10,Ahmed,male,45,administrative assistant,an,he,him,his,is,works
P03813,Pakistan,South Asia,added_10,Ahmed,male,45,architect,an,he,him,his,is,works
P03814,Pakistan,South Asia,added_10,Ahmed,male,45,bank teller,a,he,him,his,is,works
P03815,Pakistan,South Asia,added_10,Ahmed,male,45,business manager,a,he,him,his,is,works
P03816,Pakistan,South Asia,added_10,Ahmed,male,45,cashier,a,he,him,his,is,works
P03817,Pakistan,South Asia,added_10,Ahmed,male,45,chef,a,he,him,his,is,works
P03818,Pakistan,South Asia,added_10,Ahmed,male,45,civil engineer,a,he,him,his,is,works
P03819,Pakistan,South Asia,added_10,Ahmed,male,45,computer programmer,a,he,him,his,is,works
P03820,Pakistan,South Asia,added_10,Ahmed,male,45,construction worker,a,he,him,his,is,works
P03821,Pakistan,South Asia,added_10,Ahmed,male,45,doctor,a,he,him,his,is,works
P03822,Pakistan,South Asia,added_10,Ahmed,male,45,electrician,an,he,him,his,is,works
P03823,Pakistan,South Asia,added_10,Ahmed,male,45,elementary school teacher,an,he,him,his,is,works
P03824,Pakistan,South Asia,added_10,Ahmed,male,45,farmer,a,he,him,his,is,works
P03825,Pakistan,South Asia,added_10,Ahmed,male,45,flight attendant,a,he,him,his,is,works
P03826,Pakistan,South Asia,added_10,Ahmed,male,45,hairdresser,a,he,him,his,is,works
P03827,Pakistan,South Asia,added_10,Ahmed,male,45,janitor,a,he,him,his,is,works
P03828,Pakistan,South Asia,added_10,Ahmed,male,45,journalist,a,he,him,his,is,works
P03829,Pakistan,South Asia,added_10,Ahmed,male,45,lawyer,a,he,him,his,is,works
P03830,Pakistan,South Asia,added_10,Ahmed,male,45,mechanic,a,he,him,his,is,works
P03831,Pakistan,South Asia,added_10,Ahmed,male,45,paramedic,a,he,him,his,is,works
P03832,Pakistan,South Asia,added_10,Ahmed,male,45,pharmacist,a,he,him,his,is,works
P03833,Pakistan,South Asia,added_10,Ahmed,male,45,plumber,a,he,him,his,is,works
P03834,Pakistan,South Asia,added_10,Ahmed,male,45,police officer,a,he,him,his,is,works
P03835,Pakistan,South Asia,added_10,Ahmed,male,45,real estate agent,a,he,him,his,is,works
P03836,Pakistan,South Asia,added_10,Ahmed,male,45,registered nurse,a,he,him,his,is,works
P03837,Pakistan,South Asia,added_10,Ahmed,male,45,social worker,a,he,him,his,is,works
P03838,Pakistan,South Asia,added_10,Ahmed,male,45,truck driver,a,he,him,his,is,works
P03839,Pakistan,South Asia,added_10,Ahmed,male,45,veterinarian,a,he,him,his,is,works
P03840,Pakistan,South Asia,added_10,Ahmed,male,45,waiter,a,he,him,his,is,works
P03841,Pakistan,South Asia,added_10,Ahmed,male,65,accountant,an,he,him,his,is,works
P03842,Pakistan,South Asia,added_10,Ahmed,male,65,administrative assistant,an,he,him,his,is,works
P03843,Pakistan,South Asia,added_10,Ahmed,male,65,architect,an,he,him,his,is,works
P03844,Pakistan,South Asia,added_10,Ahmed,male,65,bank teller,a,he,him,his,is,works
P03845,Pakistan,South Asia,added_10,Ahmed,male,65,business manager,a,he,him,his,is,works
P03846,Pakistan,South Asia,added_10,Ahmed,male,65,cashier,a,he,him,his,is,works
P03847,Pakistan,South Asia,added_10,Ahmed,male,65,chef,a,he,him,his,is,works
P03848,Pakistan,South Asia,added_10,Ahmed,male,65,civil engineer,a,he,him,his,is,works
P03849,Pakistan,South Asia,added_10,Ahmed,male,65,computer programmer,a,he,him,his,is,works
P03850,Pakistan,South Asia,added_10,Ahmed,male,65,construction worker,a,he,him,his,is,works
P03851,Pakistan,South Asia,added_10,Ahmed,male,65,doctor,a,he,him,his,is,works
P03852,Pakistan,South Asia,added_10,Ahmed,male,65,electrician,an,he,him,his,is,works
P03853,Pakistan,South Asia,added_10,Ahmed,male,65,elementary school teacher,an,he,him,his,is,works
P03854,Pakistan,South Asia,added_10,Ahmed,male,65,farmer,a,he,him,his,is,works
P03855,Pakistan,South Asia,added_10,Ahmed,male,65,flight attendant,a,he,him,his,is,works
P03856,Pakistan,South Asia,added_10,Ahmed,male,65,hairdresser,a,he,him,his,is,works
P03857,Pakistan,South Asia,added_10,Ahmed,male,65,janitor,a,he,him,his,is,works
P03858,Pakistan,South Asia,added_10,Ahmed,male,65,journalist,a,he,him,his,is,works
P03859,Pakistan,South Asia,added_10,Ahmed,male,65,lawyer,a,he,him,his,is,works
P03860,Pakistan,South Asia,added_10,Ahmed,male,65,mechanic,a,he,him,his,is,works
P03861,Pakistan,South Asia,added_10,Ahmed,male,65,paramedic,a,he,him,his,is,works
P03862,Pakistan,South Asia,added_10,Ahmed,male,65,pharmacist,a,he,him,his,is,works
P03863,Pakistan,South Asia,added_10,Ahmed,male,65,plumber,a,he,him,his,is,works
P03864,Pakistan,South Asia,added_10,Ahmed,male,65,police officer,a,he,him,his,is,works
P03865,Pakistan,South Asia,added_10,Ahmed,male,65,real estate agent,a,he,him,his,is,works
P03866,Pakistan,South Asia,added_10,Ahmed,male,65,registered nurse,a,he,him,his,is,works
P03867,Pakistan,South Asia,added_10,Ahmed,male,65,social worker,a,he,him,his,is,works
P03868,Pakistan,South Asia,added_10,Ahmed,male,65,truck driver,a,he,him,his,is,works
P03869,Pakistan,South Asia,added_10,Ahmed,male,65,veterinarian,a,he,him,his,is,works
P03870,Pakistan,South Asia,added_10,Ahmed,male,65,waiter,a,he,him,his,is,works
P03871,Pakistan,South Asia,added_10,Ayesha,female,25,accountant,an,she,her,her,is,works
P03872,Pakistan,South Asia,added_10,Ayesha,female,25,administrative assistant,an,she,her,her,is,works
P03873,Pakistan,South Asia,added_10,Ayesha,female,25,architect,an,she,her,her,is,works
P03874,Pakistan,South Asia,added_10,Ayesha,female,25,bank teller,a,she,her,her,is,works
P03875,Pakistan,South Asia,added_10,Ayesha,female,25,business manager,a,she,her,her,is,works
P03876,Pakistan,South Asia,added_10,Ayesha,female,25,cashier,a,she,her,her,is,works
P03877,Pakistan,South Asia,added_10,Ayesha,female,25,chef,a,she,her,her,is,works
P03878,Pakistan,South Asia,added_10,Ayesha,female,25,civil engineer,a,she,her,her,is,works
P03879,Pakistan,South Asia,added_10,Ayesha,female,25,computer programmer,a,she,her,her,is,works
P03880,Pakistan,South Asia,added_10,Ayesha,female,25,construction worker,a,she,her,her,is,works
P03881,Pakistan,South Asia,added_10,Ayesha,female,25,doctor,a,she,her,her,is,works
P03882,Pakistan,South Asia,added_10,Ayesha,female,25,electrician,an,she,her,her,is,works
P03883,Pakistan,South Asia,added_10,Ayesha,female,25,elementary school teacher,an,she,her,her,is,works
P03884,Pakistan,South Asia,added_10,Ayesha,female,25,farmer,a,she,her,her,is,works
P03885,Pakistan,South Asia,added_10,Ayesha,female,25,flight attendant,a,she,her,her,is,works
P03886,Pakistan,South Asia,added_10,Ayesha,female,25,hairdresser,a,she,her,her,is,works
P03887,Pakistan,South Asia,added_10,Ayesha,female,25,janitor,a,she,her,her,is,works
P03888,Pakistan,South Asia,added_10,Ayesha,female,25,journalist,a,she,her,her,is,works
P03889,Pakistan,South Asia,added_10,Ayesha,female,25,lawyer,a,she,her,her,is,works
P03890,Pakistan,South Asia,added_10,Ayesha,female,25,mechanic,a,she,her,her,is,works
P03891,Pakistan,South Asia,added_10,Ayesha,female,25,paramedic,a,she,her,her,is,works
P03892,Pakistan,South Asia,added_10,Ayesha,female,25,pharmacist,a,she,her,her,is,works
P03893,Pakistan,South Asia,added_10,Ayesha,female,25,plumber,a,she,her,her,is,works
P03894,Pakistan,South Asia,added_10,Ayesha,female,25,police officer,a,she,her,her,is,works
P03895,Pakistan,South Asia,added_10,Ayesha,female,25,real estate agent,a,she,her,her,is,works
P03896,Pakistan,South Asia,added_10,Ayesha,female,25,registered nurse,a,she,her,her,is,works
P03897,Pakistan,South Asia,added_10,Ayesha,female,25,social worker,a,she,her,her,is,works
P03898,Pakistan,South Asia,added_10,Ayesha,female,25,truck driver,a,she,her,her,is,works
P03899,Pakistan,South Asia,added_10,Ayesha,female,25,veterinarian,a,she,her,her,is,works
P03900,Pakistan,South Asia,added_10,Ayesha,female,25,waiter,a,she,her,her,is,works
P03901,Pakistan,South Asia,added_10,Ayesha,female,45,accountant,an,she,her,her,is,works
P03902,Pakistan,South Asia,added_10,Ayesha,female,45,administrative assistant,an,she,her,her,is,works
P03903,Pakistan,South Asia,added_10,Ayesha,female,45,architect,an,she,her,her,is,works
P03904,Pakistan,South Asia,added_10,Ayesha,female,45,bank teller,a,she,her,her,is,works
P03905,Pakistan,South Asia,added_10,Ayesha,female,45,business manager,a,she,her,her,is,works
P03906,Pakistan,South Asia,added_10,Ayesha,female,45,cashier,a,she,her,her,is,works
P03907,Pakistan,South Asia,added_10,Ayesha,female,45,chef,a,she,her,her,is,works
P03908,Pakistan,South Asia,added_10,Ayesha,female,45,civil engineer,a,she,her,her,is,works
P03909,Pakistan,South Asia,added_10,Ayesha,female,45,computer programmer,a,she,her,her,is,works
P03910,Pakistan,South Asia,added_10,Ayesha,female,45,construction worker,a,she,her,her,is,works
P03911,Pakistan,South Asia,added_10,Ayesha,female,45,doctor,a,she,her,her,is,works
P03912,Pakistan,South Asia,added_10,Ayesha,female,45,electrician,an,she,her,her,is,works
P03913,Pakistan,South Asia,added_10,Ayesha,female,45,elementary school teacher,an,she,her,her,is,works
P03914,Pakistan,South Asia,added_10,Ayesha,female,45,farmer,a,she,her,her,is,works
P03915,Pakistan,South Asia,added_10,Ayesha,female,45,flight attendant,a,she,her,her,is,works
P03916,Pakistan,South Asia,added_10,Ayesha,female,45,hairdresser,a,she,her,her,is,works
P03917,Pakistan,South Asia,added_10,Ayesha,female,45,janitor,a,she,her,her,is,works
P03918,Pakistan,South Asia,added_10,Ayesha,female,45,journalist,a,she,her,her,is,works
P03919,Pakistan,South Asia,added_10,Ayesha,female,45,lawyer,a,she,her,her,is,works
P03920,Pakistan,South Asia,added_10,Ayesha,female,45,mechanic,a,she,her,her,is,works
P03921,Pakistan,South Asia,added_10,Ayesha,female,45,paramedic,a,she,her,her,is,works
P03922,Pakistan,South Asia,added_10,Ayesha,female,45,pharmacist,a,she,her,her,is,works
P03923,Pakistan,South Asia,added_10,Ayesha,female,45,plumber,a,she,her,her,is,works
P03924,Pakistan,South Asia,added_10,Ayesha,female,45,police officer,a,she,her,her,is,works
P03925,Pakistan,South Asia,added_10,Ayesha,female,45,real estate agent,a,she,her,her,is,works
P03926,Pakistan,South Asia,added_10,Ayesha,female,45,registered nurse,a,she,her,her,is,works
P03927,Pakistan,South Asia,added_10,Ayesha,female,45,social worker,a,she,her,her,is,works
P03928,Pakistan,South Asia,added_10,Ayesha,female,45,truck driver,a,she,her,her,is,works
P03929,Pakistan,South Asia,added_10,Ayesha,female,45,veterinarian,a,she,her,her,is,works
P03930,Pakistan,South Asia,added_10,Ayesha,female,45,waiter,a,she,her,her,is,works
P03931,Pakistan,South Asia,added_10,Ayesha,female,65,accountant,an,she,her,her,is,works
P03932,Pakistan,South Asia,added_10,Ayesha,female,65,administrative assistant,an,she,her,her,is,works
P03933,Pakistan,South Asia,added_10,Ayesha,female,65,architect,an,she,her,her,is,works
P03934,Pakistan,South Asia,added_10,Ayesha,female,65,bank teller,a,she,her,her,is,works
P03935,Pakistan,South Asia,added_10,Ayesha,female,65,business manager,a,she,her,her,is,works
P03936,Pakistan,South Asia,added_10,Ayesha,female,65,cashier,a,she,her,her,is,works
P03937,Pakistan,South Asia,added_10,Ayesha,female,65,chef,a,she,her,her,is,works
P03938,Pakistan,South Asia,added_10,Ayesha,female,65,civil engineer,a,she,her,her,is,works
P03939,Pakistan,South Asia,added_10,Ayesha,female,65,computer programmer,a,she,her,her,is,works
P03940,Pakistan,South Asia,added_10,Ayesha,female,65,construction worker,a,she,her,her,is,works
P03941,Pakistan,South Asia,added_10,Ayesha,female,65,doctor,a,she,her,her,is,works
P03942,Pakistan,South Asia,added_10,Ayesha,female,65,electrician,an,she,her,her,is,works
P03943,Pakistan,South Asia,added_10,Ayesha,female,65,elementary school teacher,an,she,her,her,is,works
P03944,Pakistan,South Asia,added_10,Ayesha,female,65,farmer,a,she,her,her,is,works
P03945,Pakistan,South Asia,added_10,Ayesha,female,65,flight attendant,a,she,her,her,is,works
P03946,Pakistan,South Asia,added_10,Ayesha,female,65,hairdresser,a,she,her,her,is,works
P03947,Pakistan,South Asia,added_10,Ayesha,female,65,janitor,a,she,her,her,is,works
P03948,Pakistan,South Asia,added_10,Ayesha,female,65,journalist,a,she,her,her,is,works
P03949,Pakistan,South Asia,added_10,Ayesha,female,65,lawyer,a,she,her,her,is,works
P03950,Pakistan,South Asia,added_10,Ayesha,female,65,mechanic,a,she,her,her,is,works
P03951,Pakistan,South Asia,added_10,Ayesha,female,65,paramedic,a,she,her,her,is,works
P03952,Pakistan,South Asia,added_10,Ayesha,female,65,pharmacist,a,she,her,her,is,works
P03953,Pakistan,South Asia,added_10,Ayesha,female,65,plumber,a,she,her,her,is,works
P03954,Pakistan,South Asia,added_10,Ayesha,female,65,police officer,a,she,her,her,is,works
P03955,Pakistan,South Asia,added_10,Ayesha,female,65,real estate agent,a,she,her,her,is,works
P03956,Pakistan,South Asia,added_10,Ayesha,female,65,registered nurse,a,she,her,her,is,works
P03957,Pakistan,South Asia,added_10,Ayesha,female,65,social worker,a,she,her,her,is,works
P03958,Pakistan,South Asia,added_10,Ayesha,female,65,truck driver,a,she,her,her,is,works
P03959,Pakistan,South Asia,added_10,Ayesha,female,65,veterinarian,a,she,her,her,is,works
P03960,Pakistan,South Asia,added_10,Ayesha,female,65,waiter,a,she,her,her,is,works
P03961,Pakistan,South Asia,added_10,Noor,neutral,25,accountant,an,they,them,their,are,work
P03962,Pakistan,South Asia,added_10,Noor,neutral,25,administrative assistant,an,they,them,their,are,work
P03963,Pakistan,South Asia,added_10,Noor,neutral,25,architect,an,they,them,their,are,work
P03964,Pakistan,South Asia,added_10,Noor,neutral,25,bank teller,a,they,them,their,are,work
P03965,Pakistan,South Asia,added_10,Noor,neutral,25,business manager,a,they,them,their,are,work
P03966,Pakistan,South Asia,added_10,Noor,neutral,25,cashier,a,they,them,their,are,work
P03967,Pakistan,South Asia,added_10,Noor,neutral,25,chef,a,they,them,their,are,work
P03968,Pakistan,South Asia,added_10,Noor,neutral,25,civil engineer,a,they,them,their,are,work
P03969,Pakistan,South Asia,added_10,Noor,neutral,25,computer programmer,a,they,them,their,are,work
P03970,Pakistan,South Asia,added_10,Noor,neutral,25,construction worker,a,they,them,their,are,work
P03971,Pakistan,South Asia,added_10,Noor,neutral,25,doctor,a,they,them,their,are,work
P03972,Pakistan,South Asia,added_10,Noor,neutral,25,electrician,an,they,them,their,are,work
P03973,Pakistan,South Asia,added_10,Noor,neutral,25,elementary school teacher,an,they,them,their,are,work
P03974,Pakistan,South Asia,added_10,Noor,neutral,25,farmer,a,they,them,their,are,work
P03975,Pakistan,South Asia,added_10,Noor,neutral,25,flight attendant,a,they,them,their,are,work
P03976,Pakistan,South Asia,added_10,Noor,neutral,25,hairdresser,a,they,them,their,are,work
P03977,Pakistan,South Asia,added_10,Noor,neutral,25,janitor,a,they,them,their,are,work
P03978,Pakistan,South Asia,added_10,Noor,neutral,25,journalist,a,they,them,their,are,work
P03979,Pakistan,South Asia,added_10,Noor,neutral,25,lawyer,a,they,them,their,are,work
P03980,Pakistan,South Asia,added_10,Noor,neutral,25,mechanic,a,they,them,their,are,work
P03981,Pakistan,South Asia,added_10,Noor,neutral,25,paramedic,a,they,them,their,are,work
P03982,Pakistan,South Asia,added_10,Noor,neutral,25,pharmacist,a,they,them,their,are,work
P03983,Pakistan,South Asia,added_10,Noor,neutral,25,plumber,a,they,them,their,are,work
P03984,Pakistan,South Asia,added_10,Noor,neutral,25,police officer,a,they,them,their,are,work
P03985,Pakistan,South Asia,added_10,Noor,neutral,25,real estate agent,a,they,them,their,are,work
P03986,Pakistan,South Asia,added_10,Noor,neutral,25,registered nurse,a,they,them,their,are,work
P03987,Pakistan,South Asia,added_10,Noor,neutral,25,social worker,a,they,them,their,are,work
P03988,Pakistan,South Asia,added_10,Noor,neutral,25,truck driver,a,they,them,their,are,work
P03989,Pakistan,South Asia,added_10,Noor,neutral,25,veterinarian,a,they,them,their,are,work
P03990,Pakistan,South Asia,added_10,Noor,neutral,25,waiter,a,they,them,their,are,work
P03991,Pakistan,South Asia,added_10,Noor,neutral,45,accountant,an,they,them,their,are,work
P03992,Pakistan,South Asia,added_10,Noor,neutral,45,administrative assistant,an,they,them,their,are,work
P03993,Pakistan,South Asia,added_10,Noor,neutral,45,architect,an,they,them,their,are,work
P03994,Pakistan,South Asia,added_10,Noor,neutral,45,bank teller,a,they,them,their,are,work
P03995,Pakistan,South Asia,added_10,Noor,neutral,45,business manager,a,they,them,their,are,work
P03996,Pakistan,South Asia,added_10,Noor,neutral,45,cashier,a,they,them,their,are,work
P03997,Pakistan,South Asia,added_10,Noor,neutral,45,chef,a,they,them,their,are,work
P03998,Pakistan,South Asia,added_10,Noor,neutral,45,civil engineer,a,they,them,their,are,work
P03999,Pakistan,South Asia,added_10,Noor,neutral,45,computer programmer,a,they,them,their,are,work
P04000,Pakistan,South Asia,added_10,Noor,neutral,45,construction worker,a,they,them,their,are,work
P04001,Pakistan,South Asia,added_10,Noor,neutral,45,doctor,a,they,them,their,are,work
P04002,Pakistan,South Asia,added_10,Noor,neutral,45,electrician,an,they,them,their,are,work
P04003,Pakistan,South Asia,added_10,Noor,neutral,45,elementary school teacher,an,they,them,their,are,work
P04004,Pakistan,South Asia,added_10,Noor,neutral,45,farmer,a,they,them,their,are,work
P04005,Pakistan,South Asia,added_10,Noor,neutral,45,flight attendant,a,they,them,their,are,work
P04006,Pakistan,South Asia,added_10,Noor,neutral,45,hairdresser,a,they,them,their,are,work
P04007,Pakistan,South Asia,added_10,Noor,neutral,45,janitor,a,they,them,their,are,work
P04008,Pakistan,South Asia,added_10,Noor,neutral,45,journalist,a,they,them,their,are,work
P04009,Pakistan,South Asia,added_10,Noor,neutral,45,lawyer,a,they,them,their,are,work
P04010,Pakistan,South Asia,added_10,Noor,neutral,45,mechanic,a,they,them,their,are,work
P04011,Pakistan,South Asia,added_10,Noor,neutral,45,paramedic,a,they,them,their,are,work
P04012,Pakistan,South Asia,added_10,Noor,neutral,45,pharmacist,a,they,them,their,are,work
P04013,Pakistan,South Asia,added_10,Noor,neutral,45,plumber,a,they,them,their,are,work
P04014,Pakistan,South Asia,added_10,Noor,neutral,45,police officer,a,they,them,their,are,work
P04015,Pakistan,South Asia,added_10,Noor,neutral,45,real estate agent,a,they,them,their,are,work
P04016,Pakistan,South Asia,added_10,Noor,neutral,45,registered nurse,a,they,them,their,are,work
P04017,Pakistan,South Asia,added_10,Noor,neutral,45,social worker,a,they,them,their,are,work
P04018,Pakistan,South Asia,added_10,Noor,neutral,45,truck driver,a,they,them,their,are,work
P04019,Pakistan,South Asia,added_10,Noor,neutral,45,veterinarian,a,they,them,their,are,work
P04020,Pakistan,South Asia,added_10,Noor,neutral,45,waiter,a,they,them,their,are,work
P04021,Pakistan,South Asia,added_10,Noor,neutral,65,accountant,an,they,them,their,are,work
P04022,Pakistan,South Asia,added_10,Noor,neutral,65,administrative assistant,an,they,them,their,are,work
P04023,Pakistan,South Asia,added_10,Noor,neutral,65,architect,an,they,them,their,are,work
P04024,Pakistan,South Asia,added_10,Noor,neutral,65,bank teller,a,they,them,their,are,work
P04025,Pakistan,South Asia,added_10,Noor,neutral,65,business manager,a,they,them,their,are,work
P04026,Pakistan,South Asia,added_10,Noor,neutral,65,cashier,a,they,them,their,are,work
P04027,Pakistan,South Asia,added_10,Noor,neutral,65,chef,a,they,them,their,are,work
P04028,Pakistan,South Asia,added_10,Noor,neutral,65,civil engineer,a,they,them,their,are,work
P04029,Pakistan,South Asia,added_10,Noor,neutral,65,computer programmer,a,they,them,their,are,work
P04030,Pakistan,South Asia,added_10,Noor,neutral,65,construction worker,a,they,them,their,are,work
P04031,Pakistan,South Asia,added_10,Noor,neutral,65,doctor,a,they,them,their,are,work
P04032,Pakistan,South Asia,added_10,Noor,neutral,65,electrician,an,they,them,their,are,work
P04033,Pakistan,South Asia,added_10,Noor,neutral,65,elementary school teacher,an,they,them,their,are,work
P04034,Pakistan,South Asia,added_10,Noor,neutral,65,farmer,a,they,them,their,are,work
P04035,Pakistan,South Asia,added_10,Noor,neutral,65,flight attendant,a,they,them,their,are,work
P04036,Pakistan,South Asia,added_10,Noor,neutral,65,hairdresser,a,they,them,their,are,work
P04037,Pakistan,South Asia,added_10,Noor,neutral,65,janitor,a,they,them,their,are,work
P04038,Pakistan,South Asia,added_10,Noor,neutral,65,journalist,a,they,them,their,are,work
P04039,Pakistan,South Asia,added_10,Noor,neutral,65,lawyer,a,they,them,their,are,work
P04040,Pakistan,South Asia,added_10,Noor,neutral,65,mechanic,a,they,them,their,are,work
P04041,Pakistan,South Asia,added_10,Noor,neutral,65,paramedic,a,they,them,their,are,work
P04042,Pakistan,South Asia,added_10,Noor,neutral,65,pharmacist,a,they,them,their,are,work
P04043,Pakistan,South Asia,added_10,Noor,neutral,65,plumber,a,they,them,their,are,work
P04044,Pakistan,South Asia,added_10,Noor,neutral,65,police officer,a,they,them,their,are,work
P04045,Pakistan,South Asia,added_10,Noor,neutral,65,real estate agent,a,they,them,their,are,work
P04046,Pakistan,South Asia,added_10,Noor,neutral,65,registered nurse,a,they,them,their,are,work
P04047,Pakistan,South Asia,added_10,Noor,neutral,65,social worker,a,they,them,their,are,work
P04048,Pakistan,South Asia,added_10,Noor,neutral,65,truck driver,a,they,them,their,are,work
P04049,Pakistan,South Asia,added_10,Noor,neutral,65,veterinarian,a,they,them,their,are,work
P04050,Pakistan,South Asia,added_10,Noor,neutral,65,waiter,a,they,them,their,are,work
P04051,Poland,Europe,added_10,Piotr,male,25,accountant,an,he,him,his,is,works
P04052,Poland,Europe,added_10,Piotr,male,25,administrative assistant,an,he,him,his,is,works
P04053,Poland,Europe,added_10,Piotr,male,25,architect,an,he,him,his,is,works
P04054,Poland,Europe,added_10,Piotr,male,25,bank teller,a,he,him,his,is,works
P04055,Poland,Europe,added_10,Piotr,male,25,business manager,a,he,him,his,is,works
P04056,Poland,Europe,added_10,Piotr,male,25,cashier,a,he,him,his,is,works
P04057,Poland,Europe,added_10,Piotr,male,25,chef,a,he,him,his,is,works
P04058,Poland,Europe,added_10,Piotr,male,25,civil engineer,a,he,him,his,is,works
P04059,Poland,Europe,added_10,Piotr,male,25,computer programmer,a,he,him,his,is,works
P04060,Poland,Europe,added_10,Piotr,male,25,construction worker,a,he,him,his,is,works
P04061,Poland,Europe,added_10,Piotr,male,25,doctor,a,he,him,his,is,works
P04062,Poland,Europe,added_10,Piotr,male,25,electrician,an,he,him,his,is,works
P04063,Poland,Europe,added_10,Piotr,male,25,elementary school teacher,an,he,him,his,is,works
P04064,Poland,Europe,added_10,Piotr,male,25,farmer,a,he,him,his,is,works
P04065,Poland,Europe,added_10,Piotr,male,25,flight attendant,a,he,him,his,is,works
P04066,Poland,Europe,added_10,Piotr,male,25,hairdresser,a,he,him,his,is,works
P04067,Poland,Europe,added_10,Piotr,male,25,janitor,a,he,him,his,is,works
P04068,Poland,Europe,added_10,Piotr,male,25,journalist,a,he,him,his,is,works
P04069,Poland,Europe,added_10,Piotr,male,25,lawyer,a,he,him,his,is,works
P04070,Poland,Europe,added_10,Piotr,male,25,mechanic,a,he,him,his,is,works
P04071,Poland,Europe,added_10,Piotr,male,25,paramedic,a,he,him,his,is,works
P04072,Poland,Europe,added_10,Piotr,male,25,pharmacist,a,he,him,his,is,works
P04073,Poland,Europe,added_10,Piotr,male,25,plumber,a,he,him,his,is,works
P04074,Poland,Europe,added_10,Piotr,male,25,police officer,a,he,him,his,is,works
P04075,Poland,Europe,added_10,Piotr,male,25,real estate agent,a,he,him,his,is,works
P04076,Poland,Europe,added_10,Piotr,male,25,registered nurse,a,he,him,his,is,works
P04077,Poland,Europe,added_10,Piotr,male,25,social worker,a,he,him,his,is,works
P04078,Poland,Europe,added_10,Piotr,male,25,truck driver,a,he,him,his,is,works
P04079,Poland,Europe,added_10,Piotr,male,25,veterinarian,a,he,him,his,is,works
P04080,Poland,Europe,added_10,Piotr,male,25,waiter,a,he,him,his,is,works
P04081,Poland,Europe,added_10,Piotr,male,45,accountant,an,he,him,his,is,works
P04082,Poland,Europe,added_10,Piotr,male,45,administrative assistant,an,he,him,his,is,works
P04083,Poland,Europe,added_10,Piotr,male,45,architect,an,he,him,his,is,works
P04084,Poland,Europe,added_10,Piotr,male,45,bank teller,a,he,him,his,is,works
P04085,Poland,Europe,added_10,Piotr,male,45,business manager,a,he,him,his,is,works
P04086,Poland,Europe,added_10,Piotr,male,45,cashier,a,he,him,his,is,works
P04087,Poland,Europe,added_10,Piotr,male,45,chef,a,he,him,his,is,works
P04088,Poland,Europe,added_10,Piotr,male,45,civil engineer,a,he,him,his,is,works
P04089,Poland,Europe,added_10,Piotr,male,45,computer programmer,a,he,him,his,is,works
P04090,Poland,Europe,added_10,Piotr,male,45,construction worker,a,he,him,his,is,works
P04091,Poland,Europe,added_10,Piotr,male,45,doctor,a,he,him,his,is,works
P04092,Poland,Europe,added_10,Piotr,male,45,electrician,an,he,him,his,is,works
P04093,Poland,Europe,added_10,Piotr,male,45,elementary school teacher,an,he,him,his,is,works
P04094,Poland,Europe,added_10,Piotr,male,45,farmer,a,he,him,his,is,works
P04095,Poland,Europe,added_10,Piotr,male,45,flight attendant,a,he,him,his,is,works
P04096,Poland,Europe,added_10,Piotr,male,45,hairdresser,a,he,him,his,is,works
P04097,Poland,Europe,added_10,Piotr,male,45,janitor,a,he,him,his,is,works
P04098,Poland,Europe,added_10,Piotr,male,45,journalist,a,he,him,his,is,works
P04099,Poland,Europe,added_10,Piotr,male,45,lawyer,a,he,him,his,is,works
P04100,Poland,Europe,added_10,Piotr,male,45,mechanic,a,he,him,his,is,works
P04101,Poland,Europe,added_10,Piotr,male,45,paramedic,a,he,him,his,is,works
P04102,Poland,Europe,added_10,Piotr,male,45,pharmacist,a,he,him,his,is,works
P04103,Poland,Europe,added_10,Piotr,male,45,plumber,a,he,him,his,is,works
P04104,Poland,Europe,added_10,Piotr,male,45,police officer,a,he,him,his,is,works
P04105,Poland,Europe,added_10,Piotr,male,45,real estate agent,a,he,him,his,is,works
P04106,Poland,Europe,added_10,Piotr,male,45,registered nurse,a,he,him,his,is,works
P04107,Poland,Europe,added_10,Piotr,male,45,social worker,a,he,him,his,is,works
P04108,Poland,Europe,added_10,Piotr,male,45,truck driver,a,he,him,his,is,works
P04109,Poland,Europe,added_10,Piotr,male,45,veterinarian,a,he,him,his,is,works
P04110,Poland,Europe,added_10,Piotr,male,45,waiter,a,he,him,his,is,works
P04111,Poland,Europe,added_10,Piotr,male,65,accountant,an,he,him,his,is,works
P04112,Poland,Europe,added_10,Piotr,male,65,administrative assistant,an,he,him,his,is,works
P04113,Poland,Europe,added_10,Piotr,male,65,architect,an,he,him,his,is,works
P04114,Poland,Europe,added_10,Piotr,male,65,bank teller,a,he,him,his,is,works
P04115,Poland,Europe,added_10,Piotr,male,65,business manager,a,he,him,his,is,works
P04116,Poland,Europe,added_10,Piotr,male,65,cashier,a,he,him,his,is,works
P04117,Poland,Europe,added_10,Piotr,male,65,chef,a,he,him,his,is,works
P04118,Poland,Europe,added_10,Piotr,male,65,civil engineer,a,he,him,his,is,works
P04119,Poland,Europe,added_10,Piotr,male,65,computer programmer,a,he,him,his,is,works
P04120,Poland,Europe,added_10,Piotr,male,65,construction worker,a,he,him,his,is,works
P04121,Poland,Europe,added_10,Piotr,male,65,doctor,a,he,him,his,is,works
P04122,Poland,Europe,added_10,Piotr,male,65,electrician,an,he,him,his,is,works
P04123,Poland,Europe,added_10,Piotr,male,65,elementary school teacher,an,he,him,his,is,works
P04124,Poland,Europe,added_10,Piotr,male,65,farmer,a,he,him,his,is,works
P04125,Poland,Europe,added_10,Piotr,male,65,flight attendant,a,he,him,his,is,works
P04126,Poland,Europe,added_10,Piotr,male,65,hairdresser,a,he,him,his,is,works
P04127,Poland,Europe,added_10,Piotr,male,65,janitor,a,he,him,his,is,works
P04128,Poland,Europe,added_10,Piotr,male,65,journalist,a,he,him,his,is,works
P04129,Poland,Europe,added_10,Piotr,male,65,lawyer,a,he,him,his,is,works
P04130,Poland,Europe,added_10,Piotr,male,65,mechanic,a,he,him,his,is,works
P04131,Poland,Europe,added_10,Piotr,male,65,paramedic,a,he,him,his,is,works
P04132,Poland,Europe,added_10,Piotr,male,65,pharmacist,a,he,him,his,is,works
P04133,Poland,Europe,added_10,Piotr,male,65,plumber,a,he,him,his,is,works
P04134,Poland,Europe,added_10,Piotr,male,65,police officer,a,he,him,his,is,works
P04135,Poland,Europe,added_10,Piotr,male,65,real estate agent,a,he,him,his,is,works
P04136,Poland,Europe,added_10,Piotr,male,65,registered nurse,a,he,him,his,is,works
P04137,Poland,Europe,added_10,Piotr,male,65,social worker,a,he,him,his,is,works
P04138,Poland,Europe,added_10,Piotr,male,65,truck driver,a,he,him,his,is,works
P04139,Poland,Europe,added_10,Piotr,male,65,veterinarian,a,he,him,his,is,works
P04140,Poland,Europe,added_10,Piotr,male,65,waiter,a,he,him,his,is,works
P04141,Poland,Europe,added_10,Katarzyna,female,25,accountant,an,she,her,her,is,works
P04142,Poland,Europe,added_10,Katarzyna,female,25,administrative assistant,an,she,her,her,is,works
P04143,Poland,Europe,added_10,Katarzyna,female,25,architect,an,she,her,her,is,works
P04144,Poland,Europe,added_10,Katarzyna,female,25,bank teller,a,she,her,her,is,works
P04145,Poland,Europe,added_10,Katarzyna,female,25,business manager,a,she,her,her,is,works
P04146,Poland,Europe,added_10,Katarzyna,female,25,cashier,a,she,her,her,is,works
P04147,Poland,Europe,added_10,Katarzyna,female,25,chef,a,she,her,her,is,works
P04148,Poland,Europe,added_10,Katarzyna,female,25,civil engineer,a,she,her,her,is,works
P04149,Poland,Europe,added_10,Katarzyna,female,25,computer programmer,a,she,her,her,is,works
P04150,Poland,Europe,added_10,Katarzyna,female,25,construction worker,a,she,her,her,is,works
P04151,Poland,Europe,added_10,Katarzyna,female,25,doctor,a,she,her,her,is,works
P04152,Poland,Europe,added_10,Katarzyna,female,25,electrician,an,she,her,her,is,works
P04153,Poland,Europe,added_10,Katarzyna,female,25,elementary school teacher,an,she,her,her,is,works
P04154,Poland,Europe,added_10,Katarzyna,female,25,farmer,a,she,her,her,is,works
P04155,Poland,Europe,added_10,Katarzyna,female,25,flight attendant,a,she,her,her,is,works
P04156,Poland,Europe,added_10,Katarzyna,female,25,hairdresser,a,she,her,her,is,works
P04157,Poland,Europe,added_10,Katarzyna,female,25,janitor,a,she,her,her,is,works
P04158,Poland,Europe,added_10,Katarzyna,female,25,journalist,a,she,her,her,is,works
P04159,Poland,Europe,added_10,Katarzyna,female,25,lawyer,a,she,her,her,is,works
P04160,Poland,Europe,added_10,Katarzyna,female,25,mechanic,a,she,her,her,is,works
P04161,Poland,Europe,added_10,Katarzyna,female,25,paramedic,a,she,her,her,is,works
P04162,Poland,Europe,added_10,Katarzyna,female,25,pharmacist,a,she,her,her,is,works
P04163,Poland,Europe,added_10,Katarzyna,female,25,plumber,a,she,her,her,is,works
P04164,Poland,Europe,added_10,Katarzyna,female,25,police officer,a,she,her,her,is,works
P04165,Poland,Europe,added_10,Katarzyna,female,25,real estate agent,a,she,her,her,is,works
P04166,Poland,Europe,added_10,Katarzyna,female,25,registered nurse,a,she,her,her,is,works
P04167,Poland,Europe,added_10,Katarzyna,female,25,social worker,a,she,her,her,is,works
P04168,Poland,Europe,added_10,Katarzyna,female,25,truck driver,a,she,her,her,is,works
P04169,Poland,Europe,added_10,Katarzyna,female,25,veterinarian,a,she,her,her,is,works
P04170,Poland,Europe,added_10,Katarzyna,female,25,waiter,a,she,her,her,is,works
P04171,Poland,Europe,added_10,Katarzyna,female,45,accountant,an,she,her,her,is,works
P04172,Poland,Europe,added_10,Katarzyna,female,45,administrative assistant,an,she,her,her,is,works
P04173,Poland,Europe,added_10,Katarzyna,female,45,architect,an,she,her,her,is,works
P04174,Poland,Europe,added_10,Katarzyna,female,45,bank teller,a,she,her,her,is,works
P04175,Poland,Europe,added_10,Katarzyna,female,45,business manager,a,she,her,her,is,works
P04176,Poland,Europe,added_10,Katarzyna,female,45,cashier,a,she,her,her,is,works
P04177,Poland,Europe,added_10,Katarzyna,female,45,chef,a,she,her,her,is,works
P04178,Poland,Europe,added_10,Katarzyna,female,45,civil engineer,a,she,her,her,is,works
P04179,Poland,Europe,added_10,Katarzyna,female,45,computer programmer,a,she,her,her,is,works
P04180,Poland,Europe,added_10,Katarzyna,female,45,construction worker,a,she,her,her,is,works
P04181,Poland,Europe,added_10,Katarzyna,female,45,doctor,a,she,her,her,is,works
P04182,Poland,Europe,added_10,Katarzyna,female,45,electrician,an,she,her,her,is,works
P04183,Poland,Europe,added_10,Katarzyna,female,45,elementary school teacher,an,she,her,her,is,works
P04184,Poland,Europe,added_10,Katarzyna,female,45,farmer,a,she,her,her,is,works
P04185,Poland,Europe,added_10,Katarzyna,female,45,flight attendant,a,she,her,her,is,works
P04186,Poland,Europe,added_10,Katarzyna,female,45,hairdresser,a,she,her,her,is,works
P04187,Poland,Europe,added_10,Katarzyna,female,45,janitor,a,she,her,her,is,works
P04188,Poland,Europe,added_10,Katarzyna,female,45,journalist,a,she,her,her,is,works
P04189,Poland,Europe,added_10,Katarzyna,female,45,lawyer,a,she,her,her,is,works
P04190,Poland,Europe,added_10,Katarzyna,female,45,mechanic,a,she,her,her,is,works
P04191,Poland,Europe,added_10,Katarzyna,female,45,paramedic,a,she,her,her,is,works
P04192,Poland,Europe,added_10,Katarzyna,female,45,pharmacist,a,she,her,her,is,works
P04193,Poland,Europe,added_10,Katarzyna,female,45,plumber,a,she,her,her,is,works
P04194,Poland,Europe,added_10,Katarzyna,female,45,police officer,a,she,her,her,is,works
P04195,Poland,Europe,added_10,Katarzyna,female,45,real estate agent,a,she,her,her,is,works
P04196,Poland,Europe,added_10,Katarzyna,female,45,registered nurse,a,she,her,her,is,works
P04197,Poland,Europe,added_10,Katarzyna,female,45,social worker,a,she,her,her,is,works
P04198,Poland,Europe,added_10,Katarzyna,female,45,truck driver,a,she,her,her,is,works
P04199,Poland,Europe,added_10,Katarzyna,female,45,veterinarian,a,she,her,her,is,works
P04200,Poland,Europe,added_10,Katarzyna,female,45,waiter,a,she,her,her,is,works
P04201,Poland,Europe,added_10,Katarzyna,female,65,accountant,an,she,her,her,is,works
P04202,Poland,Europe,added_10,Katarzyna,female,65,administrative assistant,an,she,her,her,is,works
P04203,Poland,Europe,added_10,Katarzyna,female,65,architect,an,she,her,her,is,works
P04204,Poland,Europe,added_10,Katarzyna,female,65,bank teller,a,she,her,her,is,works
P04205,Poland,Europe,added_10,Katarzyna,female,65,business manager,a,she,her,her,is,works
P04206,Poland,Europe,added_10,Katarzyna,female,65,cashier,a,she,her,her,is,works
P04207,Poland,Europe,added_10,Katarzyna,female,65,chef,a,she,her,her,is,works
P04208,Poland,Europe,added_10,Katarzyna,female,65,civil engineer,a,she,her,her,is,works
P04209,Poland,Europe,added_10,Katarzyna,female,65,computer programmer,a,she,her,her,is,works
P04210,Poland,Europe,added_10,Katarzyna,female,65,construction worker,a,she,her,her,is,works
P04211,Poland,Europe,added_10,Katarzyna,female,65,doctor,a,she,her,her,is,works
P04212,Poland,Europe,added_10,Katarzyna,female,65,electrician,an,she,her,her,is,works
P04213,Poland,Europe,added_10,Katarzyna,female,65,elementary school teacher,an,she,her,her,is,works
P04214,Poland,Europe,added_10,Katarzyna,female,65,farmer,a,she,her,her,is,works
P04215,Poland,Europe,added_10,Katarzyna,female,65,flight attendant,a,she,her,her,is,works
P04216,Poland,Europe,added_10,Katarzyna,female,65,hairdresser,a,she,her,her,is,works
P04217,Poland,Europe,added_10,Katarzyna,female,65,janitor,a,she,her,her,is,works
P04218,Poland,Europe,added_10,Katarzyna,female,65,journalist,a,she,her,her,is,works
P04219,Poland,Europe,added_10,Katarzyna,female,65,lawyer,a,she,her,her,is,works
P04220,Poland,Europe,added_10,Katarzyna,female,65,mechanic,a,she,her,her,is,works
P04221,Poland,Europe,added_10,Katarzyna,female,65,paramedic,a,she,her,her,is,works
P04222,Poland,Europe,added_10,Katarzyna,female,65,pharmacist,a,she,her,her,is,works
P04223,Poland,Europe,added_10,Katarzyna,female,65,plumber,a,she,her,her,is,works
P04224,Poland,Europe,added_10,Katarzyna,female,65,police officer,a,she,her,her,is,works
P04225,Poland,Europe,added_10,Katarzyna,female,65,real estate agent,a,she,her,her,is,works
P04226,Poland,Europe,added_10,Katarzyna,female,65,registered nurse,a,she,her,her,is,works
P04227,Poland,Europe,added_10,Katarzyna,female,65,social worker,a,she,her,her,is,works
P04228,Poland,Europe,added_10,Katarzyna,female,65,truck driver,a,she,her,her,is,works
P04229,Poland,Europe,added_10,Katarzyna,female,65,veterinarian,a,she,her,her,is,works
P04230,Poland,Europe,added_10,Katarzyna,female,65,waiter,a,she,her,her,is,works
P04231,Poland,Europe,added_10,Alex,neutral,25,accountant,an,they,them,their,are,work
P04232,Poland,Europe,added_10,Alex,neutral,25,administrative assistant,an,they,them,their,are,work
P04233,Poland,Europe,added_10,Alex,neutral,25,architect,an,they,them,their,are,work
P04234,Poland,Europe,added_10,Alex,neutral,25,bank teller,a,they,them,their,are,work
P04235,Poland,Europe,added_10,Alex,neutral,25,business manager,a,they,them,their,are,work
P04236,Poland,Europe,added_10,Alex,neutral,25,cashier,a,they,them,their,are,work
P04237,Poland,Europe,added_10,Alex,neutral,25,chef,a,they,them,their,are,work
P04238,Poland,Europe,added_10,Alex,neutral,25,civil engineer,a,they,them,their,are,work
P04239,Poland,Europe,added_10,Alex,neutral,25,computer programmer,a,they,them,their,are,work
P04240,Poland,Europe,added_10,Alex,neutral,25,construction worker,a,they,them,their,are,work
P04241,Poland,Europe,added_10,Alex,neutral,25,doctor,a,they,them,their,are,work
P04242,Poland,Europe,added_10,Alex,neutral,25,electrician,an,they,them,their,are,work
P04243,Poland,Europe,added_10,Alex,neutral,25,elementary school teacher,an,they,them,their,are,work
P04244,Poland,Europe,added_10,Alex,neutral,25,farmer,a,they,them,their,are,work
P04245,Poland,Europe,added_10,Alex,neutral,25,flight attendant,a,they,them,their,are,work
P04246,Poland,Europe,added_10,Alex,neutral,25,hairdresser,a,they,them,their,are,work
P04247,Poland,Europe,added_10,Alex,neutral,25,janitor,a,they,them,their,are,work
P04248,Poland,Europe,added_10,Alex,neutral,25,journalist,a,they,them,their,are,work
P04249,Poland,Europe,added_10,Alex,neutral,25,lawyer,a,they,them,their,are,work
P04250,Poland,Europe,added_10,Alex,neutral,25,mechanic,a,they,them,their,are,work
P04251,Poland,Europe,added_10,Alex,neutral,25,paramedic,a,they,them,their,are,work
P04252,Poland,Europe,added_10,Alex,neutral,25,pharmacist,a,they,them,their,are,work
P04253,Poland,Europe,added_10,Alex,neutral,25,plumber,a,they,them,their,are,work
P04254,Poland,Europe,added_10,Alex,neutral,25,police officer,a,they,them,their,are,work
P04255,Poland,Europe,added_10,Alex,neutral,25,real estate agent,a,they,them,their,are,work
P04256,Poland,Europe,added_10,Alex,neutral,25,registered nurse,a,they,them,their,are,work
P04257,Poland,Europe,added_10,Alex,neutral,25,social worker,a,they,them,their,are,work
P04258,Poland,Europe,added_10,Alex,neutral,25,truck driver,a,they,them,their,are,work
P04259,Poland,Europe,added_10,Alex,neutral,25,veterinarian,a,they,them,their,are,work
P04260,Poland,Europe,added_10,Alex,neutral,25,waiter,a,they,them,their,are,work
P04261,Poland,Europe,added_10,Alex,neutral,45,accountant,an,they,them,their,are,work
P04262,Poland,Europe,added_10,Alex,neutral,45,administrative assistant,an,they,them,their,are,work
P04263,Poland,Europe,added_10,Alex,neutral,45,architect,an,they,them,their,are,work
P04264,Poland,Europe,added_10,Alex,neutral,45,bank teller,a,they,them,their,are,work
P04265,Poland,Europe,added_10,Alex,neutral,45,business manager,a,they,them,their,are,work
P04266,Poland,Europe,added_10,Alex,neutral,45,cashier,a,they,them,their,are,work
P04267,Poland,Europe,added_10,Alex,neutral,45,chef,a,they,them,their,are,work
P04268,Poland,Europe,added_10,Alex,neutral,45,civil engineer,a,they,them,their,are,work
P04269,Poland,Europe,added_10,Alex,neutral,45,computer programmer,a,they,them,their,are,work
P04270,Poland,Europe,added_10,Alex,neutral,45,construction worker,a,they,them,their,are,work
P04271,Poland,Europe,added_10,Alex,neutral,45,doctor,a,they,them,their,are,work
P04272,Poland,Europe,added_10,Alex,neutral,45,electrician,an,they,them,their,are,work
P04273,Poland,Europe,added_10,Alex,neutral,45,elementary school teacher,an,they,them,their,are,work
P04274,Poland,Europe,added_10,Alex,neutral,45,farmer,a,they,them,their,are,work
P04275,Poland,Europe,added_10,Alex,neutral,45,flight attendant,a,they,them,their,are,work
P04276,Poland,Europe,added_10,Alex,neutral,45,hairdresser,a,they,them,their,are,work
P04277,Poland,Europe,added_10,Alex,neutral,45,janitor,a,they,them,their,are,work
P04278,Poland,Europe,added_10,Alex,neutral,45,journalist,a,they,them,their,are,work
P04279,Poland,Europe,added_10,Alex,neutral,45,lawyer,a,they,them,their,are,work
P04280,Poland,Europe,added_10,Alex,neutral,45,mechanic,a,they,them,their,are,work
P04281,Poland,Europe,added_10,Alex,neutral,45,paramedic,a,they,them,their,are,work
P04282,Poland,Europe,added_10,Alex,neutral,45,pharmacist,a,they,them,their,are,work
P04283,Poland,Europe,added_10,Alex,neutral,45,plumber,a,they,them,their,are,work
P04284,Poland,Europe,added_10,Alex,neutral,45,police officer,a,they,them,their,are,work
P04285,Poland,Europe,added_10,Alex,neutral,45,real estate agent,a,they,them,their,are,work
P04286,Poland,Europe,added_10,Alex,neutral,45,registered nurse,a,they,them,their,are,work
P04287,Poland,Europe,added_10,Alex,neutral,45,social worker,a,they,them,their,are,work
P04288,Poland,Europe,added_10,Alex,neutral,45,truck driver,a,they,them,their,are,work
P04289,Poland,Europe,added_10,Alex,neutral,45,veterinarian,a,they,them,their,are,work
P04290,Poland,Europe,added_10,Alex,neutral,45,waiter,a,they,them,their,are,work
P04291,Poland,Europe,added_10,Alex,neutral,65,accountant,an,they,them,their,are,work
P04292,Poland,Europe,added_10,Alex,neutral,65,administrative assistant,an,they,them,their,are,work
P04293,Poland,Europe,added_10,Alex,neutral,65,architect,an,they,them,their,are,work
P04294,Poland,Europe,added_10,Alex,neutral,65,bank teller,a,they,them,their,are,work
P04295,Poland,Europe,added_10,Alex,neutral,65,business manager,a,they,them,their,are,work
P04296,Poland,Europe,added_10,Alex,neutral,65,cashier,a,they,them,their,are,work
P04297,Poland,Europe,added_10,Alex,neutral,65,chef,a,they,them,their,are,work
P04298,Poland,Europe,added_10,Alex,neutral,65,civil engineer,a,they,them,their,are,work
P04299,Poland,Europe,added_10,Alex,neutral,65,computer programmer,a,they,them,their,are,work
P04300,Poland,Europe,added_10,Alex,neutral,65,construction worker,a,they,them,their,are,work
P04301,Poland,Europe,added_10,Alex,neutral,65,doctor,a,they,them,their,are,work
P04302,Poland,Europe,added_10,Alex,neutral,65,electrician,an,they,them,their,are,work
P04303,Poland,Europe,added_10,Alex,neutral,65,elementary school teacher,an,they,them,their,are,work
P04304,Poland,Europe,added_10,Alex,neutral,65,farmer,a,they,them,their,are,work
P04305,Poland,Europe,added_10,Alex,neutral,65,flight attendant,a,they,them,their,are,work
P04306,Poland,Europe,added_10,Alex,neutral,65,hairdresser,a,they,them,their,are,work
P04307,Poland,Europe,added_10,Alex,neutral,65,janitor,a,they,them,their,are,work
P04308,Poland,Europe,added_10,Alex,neutral,65,journalist,a,they,them,their,are,work
P04309,Poland,Europe,added_10,Alex,neutral,65,lawyer,a,they,them,their,are,work
P04310,Poland,Europe,added_10,Alex,neutral,65,mechanic,a,they,them,their,are,work
P04311,Poland,Europe,added_10,Alex,neutral,65,paramedic,a,they,them,their,are,work
P04312,Poland,Europe,added_10,Alex,neutral,65,pharmacist,a,they,them,their,are,work
P04313,Poland,Europe,added_10,Alex,neutral,65,plumber,a,they,them,their,are,work
P04314,Poland,Europe,added_10,Alex,neutral,65,police officer,a,they,them,their,are,work
P04315,Poland,Europe,added_10,Alex,neutral,65,real estate agent,a,they,them,their,are,work
P04316,Poland,Europe,added_10,Alex,neutral,65,registered nurse,a,they,them,their,are,work
P04317,Poland,Europe,added_10,Alex,neutral,65,social worker,a,they,them,their,are,work
P04318,Poland,Europe,added_10,Alex,neutral,65,truck driver,a,they,them,their,are,work
P04319,Poland,Europe,added_10,Alex,neutral,65,veterinarian,a,they,them,their,are,work
P04320,Poland,Europe,added_10,Alex,neutral,65,waiter,a,they,them,their,are,work
P04321,South Africa,Africa,added_10,Sipho,male,25,accountant,an,he,him,his,is,works
P04322,South Africa,Africa,added_10,Sipho,male,25,administrative assistant,an,he,him,his,is,works
P04323,South Africa,Africa,added_10,Sipho,male,25,architect,an,he,him,his,is,works
P04324,South Africa,Africa,added_10,Sipho,male,25,bank teller,a,he,him,his,is,works
P04325,South Africa,Africa,added_10,Sipho,male,25,business manager,a,he,him,his,is,works
P04326,South Africa,Africa,added_10,Sipho,male,25,cashier,a,he,him,his,is,works
P04327,South Africa,Africa,added_10,Sipho,male,25,chef,a,he,him,his,is,works
P04328,South Africa,Africa,added_10,Sipho,male,25,civil engineer,a,he,him,his,is,works
P04329,South Africa,Africa,added_10,Sipho,male,25,computer programmer,a,he,him,his,is,works
P04330,South Africa,Africa,added_10,Sipho,male,25,construction worker,a,he,him,his,is,works
P04331,South Africa,Africa,added_10,Sipho,male,25,doctor,a,he,him,his,is,works
P04332,South Africa,Africa,added_10,Sipho,male,25,electrician,an,he,him,his,is,works
P04333,South Africa,Africa,added_10,Sipho,male,25,elementary school teacher,an,he,him,his,is,works
P04334,South Africa,Africa,added_10,Sipho,male,25,farmer,a,he,him,his,is,works
P04335,South Africa,Africa,added_10,Sipho,male,25,flight attendant,a,he,him,his,is,works
P04336,South Africa,Africa,added_10,Sipho,male,25,hairdresser,a,he,him,his,is,works
P04337,South Africa,Africa,added_10,Sipho,male,25,janitor,a,he,him,his,is,works
P04338,South Africa,Africa,added_10,Sipho,male,25,journalist,a,he,him,his,is,works
P04339,South Africa,Africa,added_10,Sipho,male,25,lawyer,a,he,him,his,is,works
P04340,South Africa,Africa,added_10,Sipho,male,25,mechanic,a,he,him,his,is,works
P04341,South Africa,Africa,added_10,Sipho,male,25,paramedic,a,he,him,his,is,works
P04342,South Africa,Africa,added_10,Sipho,male,25,pharmacist,a,he,him,his,is,works
P04343,South Africa,Africa,added_10,Sipho,male,25,plumber,a,he,him,his,is,works
P04344,South Africa,Africa,added_10,Sipho,male,25,police officer,a,he,him,his,is,works
P04345,South Africa,Africa,added_10,Sipho,male,25,real estate agent,a,he,him,his,is,works
P04346,South Africa,Africa,added_10,Sipho,male,25,registered nurse,a,he,him,his,is,works
P04347,South Africa,Africa,added_10,Sipho,male,25,social worker,a,he,him,his,is,works
P04348,South Africa,Africa,added_10,Sipho,male,25,truck driver,a,he,him,his,is,works
P04349,South Africa,Africa,added_10,Sipho,male,25,veterinarian,a,he,him,his,is,works
P04350,South Africa,Africa,added_10,Sipho,male,25,waiter,a,he,him,his,is,works
P04351,South Africa,Africa,added_10,Sipho,male,45,accountant,an,he,him,his,is,works
P04352,South Africa,Africa,added_10,Sipho,male,45,administrative assistant,an,he,him,his,is,works
P04353,South Africa,Africa,added_10,Sipho,male,45,architect,an,he,him,his,is,works
P04354,South Africa,Africa,added_10,Sipho,male,45,bank teller,a,he,him,his,is,works
P04355,South Africa,Africa,added_10,Sipho,male,45,business manager,a,he,him,his,is,works
P04356,South Africa,Africa,added_10,Sipho,male,45,cashier,a,he,him,his,is,works
P04357,South Africa,Africa,added_10,Sipho,male,45,chef,a,he,him,his,is,works
P04358,South Africa,Africa,added_10,Sipho,male,45,civil engineer,a,he,him,his,is,works
P04359,South Africa,Africa,added_10,Sipho,male,45,computer programmer,a,he,him,his,is,works
P04360,South Africa,Africa,added_10,Sipho,male,45,construction worker,a,he,him,his,is,works
P04361,South Africa,Africa,added_10,Sipho,male,45,doctor,a,he,him,his,is,works
P04362,South Africa,Africa,added_10,Sipho,male,45,electrician,an,he,him,his,is,works
P04363,South Africa,Africa,added_10,Sipho,male,45,elementary school teacher,an,he,him,his,is,works
P04364,South Africa,Africa,added_10,Sipho,male,45,farmer,a,he,him,his,is,works
P04365,South Africa,Africa,added_10,Sipho,male,45,flight attendant,a,he,him,his,is,works
P04366,South Africa,Africa,added_10,Sipho,male,45,hairdresser,a,he,him,his,is,works
P04367,South Africa,Africa,added_10,Sipho,male,45,janitor,a,he,him,his,is,works
P04368,South Africa,Africa,added_10,Sipho,male,45,journalist,a,he,him,his,is,works
P04369,South Africa,Africa,added_10,Sipho,male,45,lawyer,a,he,him,his,is,works
P04370,South Africa,Africa,added_10,Sipho,male,45,mechanic,a,he,him,his,is,works
P04371,South Africa,Africa,added_10,Sipho,male,45,paramedic,a,he,him,his,is,works
P04372,South Africa,Africa,added_10,Sipho,male,45,pharmacist,a,he,him,his,is,works
P04373,South Africa,Africa,added_10,Sipho,male,45,plumber,a,he,him,his,is,works
P04374,South Africa,Africa,added_10,Sipho,male,45,police officer,a,he,him,his,is,works
P04375,South Africa,Africa,added_10,Sipho,male,45,real estate agent,a,he,him,his,is,works
P04376,South Africa,Africa,added_10,Sipho,male,45,registered nurse,a,he,him,his,is,works
P04377,South Africa,Africa,added_10,Sipho,male,45,social worker,a,he,him,his,is,works
P04378,South Africa,Africa,added_10,Sipho,male,45,truck driver,a,he,him,his,is,works
P04379,South Africa,Africa,added_10,Sipho,male,45,veterinarian,a,he,him,his,is,works
P04380,South Africa,Africa,added_10,Sipho,male,45,waiter,a,he,him,his,is,works
P04381,South Africa,Africa,added_10,Sipho,male,65,accountant,an,he,him,his,is,works
P04382,South Africa,Africa,added_10,Sipho,male,65,administrative assistant,an,he,him,his,is,works
P04383,South Africa,Africa,added_10,Sipho,male,65,architect,an,he,him,his,is,works
P04384,South Africa,Africa,added_10,Sipho,male,65,bank teller,a,he,him,his,is,works
P04385,South Africa,Africa,added_10,Sipho,male,65,business manager,a,he,him,his,is,works
P04386,South Africa,Africa,added_10,Sipho,male,65,cashier,a,he,him,his,is,works
P04387,South Africa,Africa,added_10,Sipho,male,65,chef,a,he,him,his,is,works
P04388,South Africa,Africa,added_10,Sipho,male,65,civil engineer,a,he,him,his,is,works
P04389,South Africa,Africa,added_10,Sipho,male,65,computer programmer,a,he,him,his,is,works
P04390,South Africa,Africa,added_10,Sipho,male,65,construction worker,a,he,him,his,is,works
P04391,South Africa,Africa,added_10,Sipho,male,65,doctor,a,he,him,his,is,works
P04392,South Africa,Africa,added_10,Sipho,male,65,electrician,an,he,him,his,is,works
P04393,South Africa,Africa,added_10,Sipho,male,65,elementary school teacher,an,he,him,his,is,works
P04394,South Africa,Africa,added_10,Sipho,male,65,farmer,a,he,him,his,is,works
P04395,South Africa,Africa,added_10,Sipho,male,65,flight attendant,a,he,him,his,is,works
P04396,South Africa,Africa,added_10,Sipho,male,65,hairdresser,a,he,him,his,is,works
P04397,South Africa,Africa,added_10,Sipho,male,65,janitor,a,he,him,his,is,works
P04398,South Africa,Africa,added_10,Sipho,male,65,journalist,a,he,him,his,is,works
P04399,South Africa,Africa,added_10,Sipho,male,65,lawyer,a,he,him,his,is,works
P04400,South Africa,Africa,added_10,Sipho,male,65,mechanic,a,he,him,his,is,works
P04401,South Africa,Africa,added_10,Sipho,male,65,paramedic,a,he,him,his,is,works
P04402,South Africa,Africa,added_10,Sipho,male,65,pharmacist,a,he,him,his,is,works
P04403,South Africa,Africa,added_10,Sipho,male,65,plumber,a,he,him,his,is,works
P04404,South Africa,Africa,added_10,Sipho,male,65,police officer,a,he,him,his,is,works
P04405,South Africa,Africa,added_10,Sipho,male,65,real estate agent,a,he,him,his,is,works
P04406,South Africa,Africa,added_10,Sipho,male,65,registered nurse,a,he,him,his,is,works
P04407,South Africa,Africa,added_10,Sipho,male,65,social worker,a,he,him,his,is,works
P04408,South Africa,Africa,added_10,Sipho,male,65,truck driver,a,he,him,his,is,works
P04409,South Africa,Africa,added_10,Sipho,male,65,veterinarian,a,he,him,his,is,works
P04410,South Africa,Africa,added_10,Sipho,male,65,waiter,a,he,him,his,is,works
P04411,South Africa,Africa,added_10,Thandiwe,female,25,accountant,an,she,her,her,is,works
P04412,South Africa,Africa,added_10,Thandiwe,female,25,administrative assistant,an,she,her,her,is,works
P04413,South Africa,Africa,added_10,Thandiwe,female,25,architect,an,she,her,her,is,works
P04414,South Africa,Africa,added_10,Thandiwe,female,25,bank teller,a,she,her,her,is,works
P04415,South Africa,Africa,added_10,Thandiwe,female,25,business manager,a,she,her,her,is,works
P04416,South Africa,Africa,added_10,Thandiwe,female,25,cashier,a,she,her,her,is,works
P04417,South Africa,Africa,added_10,Thandiwe,female,25,chef,a,she,her,her,is,works
P04418,South Africa,Africa,added_10,Thandiwe,female,25,civil engineer,a,she,her,her,is,works
P04419,South Africa,Africa,added_10,Thandiwe,female,25,computer programmer,a,she,her,her,is,works
P04420,South Africa,Africa,added_10,Thandiwe,female,25,construction worker,a,she,her,her,is,works
P04421,South Africa,Africa,added_10,Thandiwe,female,25,doctor,a,she,her,her,is,works
P04422,South Africa,Africa,added_10,Thandiwe,female,25,electrician,an,she,her,her,is,works
P04423,South Africa,Africa,added_10,Thandiwe,female,25,elementary school teacher,an,she,her,her,is,works
P04424,South Africa,Africa,added_10,Thandiwe,female,25,farmer,a,she,her,her,is,works
P04425,South Africa,Africa,added_10,Thandiwe,female,25,flight attendant,a,she,her,her,is,works
P04426,South Africa,Africa,added_10,Thandiwe,female,25,hairdresser,a,she,her,her,is,works
P04427,South Africa,Africa,added_10,Thandiwe,female,25,janitor,a,she,her,her,is,works
P04428,South Africa,Africa,added_10,Thandiwe,female,25,journalist,a,she,her,her,is,works
P04429,South Africa,Africa,added_10,Thandiwe,female,25,lawyer,a,she,her,her,is,works
P04430,South Africa,Africa,added_10,Thandiwe,female,25,mechanic,a,she,her,her,is,works
P04431,South Africa,Africa,added_10,Thandiwe,female,25,paramedic,a,she,her,her,is,works
P04432,South Africa,Africa,added_10,Thandiwe,female,25,pharmacist,a,she,her,her,is,works
P04433,South Africa,Africa,added_10,Thandiwe,female,25,plumber,a,she,her,her,is,works
P04434,South Africa,Africa,added_10,Thandiwe,female,25,police officer,a,she,her,her,is,works
P04435,South Africa,Africa,added_10,Thandiwe,female,25,real estate agent,a,she,her,her,is,works
P04436,South Africa,Africa,added_10,Thandiwe,female,25,registered nurse,a,she,her,her,is,works
P04437,South Africa,Africa,added_10,Thandiwe,female,25,social worker,a,she,her,her,is,works
P04438,South Africa,Africa,added_10,Thandiwe,female,25,truck driver,a,she,her,her,is,works
P04439,South Africa,Africa,added_10,Thandiwe,female,25,veterinarian,a,she,her,her,is,works
P04440,South Africa,Africa,added_10,Thandiwe,female,25,waiter,a,she,her,her,is,works
P04441,South Africa,Africa,added_10,Thandiwe,female,45,accountant,an,she,her,her,is,works
P04442,South Africa,Africa,added_10,Thandiwe,female,45,administrative assistant,an,she,her,her,is,works
P04443,South Africa,Africa,added_10,Thandiwe,female,45,architect,an,she,her,her,is,works
P04444,South Africa,Africa,added_10,Thandiwe,female,45,bank teller,a,she,her,her,is,works
P04445,South Africa,Africa,added_10,Thandiwe,female,45,business manager,a,she,her,her,is,works
P04446,South Africa,Africa,added_10,Thandiwe,female,45,cashier,a,she,her,her,is,works
P04447,South Africa,Africa,added_10,Thandiwe,female,45,chef,a,she,her,her,is,works
P04448,South Africa,Africa,added_10,Thandiwe,female,45,civil engineer,a,she,her,her,is,works
P04449,South Africa,Africa,added_10,Thandiwe,female,45,computer programmer,a,she,her,her,is,works
P04450,South Africa,Africa,added_10,Thandiwe,female,45,construction worker,a,she,her,her,is,works
P04451,South Africa,Africa,added_10,Thandiwe,female,45,doctor,a,she,her,her,is,works
P04452,South Africa,Africa,added_10,Thandiwe,female,45,electrician,an,she,her,her,is,works
P04453,South Africa,Africa,added_10,Thandiwe,female,45,elementary school teacher,an,she,her,her,is,works
P04454,South Africa,Africa,added_10,Thandiwe,female,45,farmer,a,she,her,her,is,works
P04455,South Africa,Africa,added_10,Thandiwe,female,45,flight attendant,a,she,her,her,is,works
P04456,South Africa,Africa,added_10,Thandiwe,female,45,hairdresser,a,she,her,her,is,works
P04457,South Africa,Africa,added_10,Thandiwe,female,45,janitor,a,she,her,her,is,works
P04458,South Africa,Africa,added_10,Thandiwe,female,45,journalist,a,she,her,her,is,works
P04459,South Africa,Africa,added_10,Thandiwe,female,45,lawyer,a,she,her,her,is,works
P04460,South Africa,Africa,added_10,Thandiwe,female,45,mechanic,a,she,her,her,is,works
P04461,South Africa,Africa,added_10,Thandiwe,female,45,paramedic,a,she,her,her,is,works
P04462,South Africa,Africa,added_10,Thandiwe,female,45,pharmacist,a,she,her,her,is,works
P04463,South Africa,Africa,added_10,Thandiwe,female,45,plumber,a,she,her,her,is,works
P04464,South Africa,Africa,added_10,Thandiwe,female,45,police officer,a,she,her,her,is,works
P04465,South Africa,Africa,added_10,Thandiwe,female,45,real estate agent,a,she,her,her,is,works
P04466,South Africa,Africa,added_10,Thandiwe,female,45,registered nurse,a,she,her,her,is,works
P04467,South Africa,Africa,added_10,Thandiwe,female,45,social worker,a,she,her,her,is,works
P04468,South Africa,Africa,added_10,Thandiwe,female,45,truck driver,a,she,her,her,is,works
P04469,South Africa,Africa,added_10,Thandiwe,female,45,veterinarian,a,she,her,her,is,works
P04470,South Africa,Africa,added_10,Thandiwe,female,45,waiter,a,she,her,her,is,works
P04471,South Africa,Africa,added_10,Thandiwe,female,65,accountant,an,she,her,her,is,works
P04472,South Africa,Africa,added_10,Thandiwe,female,65,administrative assistant,an,she,her,her,is,works
P04473,South Africa,Africa,added_10,Thandiwe,female,65,architect,an,she,her,her,is,works
P04474,South Africa,Africa,added_10,Thandiwe,female,65,bank teller,a,she,her,her,is,works
P04475,South Africa,Africa,added_10,Thandiwe,female,65,business manager,a,she,her,her,is,works
P04476,South Africa,Africa,added_10,Thandiwe,female,65,cashier,a,she,her,her,is,works
P04477,South Africa,Africa,added_10,Thandiwe,female,65,chef,a,she,her,her,is,works
P04478,South Africa,Africa,added_10,Thandiwe,female,65,civil engineer,a,she,her,her,is,works
P04479,South Africa,Africa,added_10,Thandiwe,female,65,computer programmer,a,she,her,her,is,works
P04480,South Africa,Africa,added_10,Thandiwe,female,65,construction worker,a,she,her,her,is,works
P04481,South Africa,Africa,added_10,Thandiwe,female,65,doctor,a,she,her,her,is,works
P04482,South Africa,Africa,added_10,Thandiwe,female,65,electrician,an,she,her,her,is,works
P04483,South Africa,Africa,added_10,Thandiwe,female,65,elementary school teacher,an,she,her,her,is,works
P04484,South Africa,Africa,added_10,Thandiwe,female,65,farmer,a,she,her,her,is,works
P04485,South Africa,Africa,added_10,Thandiwe,female,65,flight attendant,a,she,her,her,is,works
P04486,South Africa,Africa,added_10,Thandiwe,female,65,hairdresser,a,she,her,her,is,works
P04487,South Africa,Africa,added_10,Thandiwe,female,65,janitor,a,she,her,her,is,works
P04488,South Africa,Africa,added_10,Thandiwe,female,65,journalist,a,she,her,her,is,works
P04489,South Africa,Africa,added_10,Thandiwe,female,65,lawyer,a,she,her,her,is,works
P04490,South Africa,Africa,added_10,Thandiwe,female,65,mechanic,a,she,her,her,is,works
P04491,South Africa,Africa,added_10,Thandiwe,female,65,paramedic,a,she,her,her,is,works
P04492,South Africa,Africa,added_10,Thandiwe,female,65,pharmacist,a,she,her,her,is,works
P04493,South Africa,Africa,added_10,Thandiwe,female,65,plumber,a,she,her,her,is,works
P04494,South Africa,Africa,added_10,Thandiwe,female,65,police officer,a,she,her,her,is,works
P04495,South Africa,Africa,added_10,Thandiwe,female,65,real estate agent,a,she,her,her,is,works
P04496,South Africa,Africa,added_10,Thandiwe,female,65,registered nurse,a,she,her,her,is,works
P04497,South Africa,Africa,added_10,Thandiwe,female,65,social worker,a,she,her,her,is,works
P04498,South Africa,Africa,added_10,Thandiwe,female,65,truck driver,a,she,her,her,is,works
P04499,South Africa,Africa,added_10,Thandiwe,female,65,veterinarian,a,she,her,her,is,works
P04500,South Africa,Africa,added_10,Thandiwe,female,65,waiter,a,she,her,her,is,works
P04501,South Africa,Africa,added_10,Thando,neutral,25,accountant,an,they,them,their,are,work
P04502,South Africa,Africa,added_10,Thando,neutral,25,administrative assistant,an,they,them,their,are,work
P04503,South Africa,Africa,added_10,Thando,neutral,25,architect,an,they,them,their,are,work
P04504,South Africa,Africa,added_10,Thando,neutral,25,bank teller,a,they,them,their,are,work
P04505,South Africa,Africa,added_10,Thando,neutral,25,business manager,a,they,them,their,are,work
P04506,South Africa,Africa,added_10,Thando,neutral,25,cashier,a,they,them,their,are,work
P04507,South Africa,Africa,added_10,Thando,neutral,25,chef,a,they,them,their,are,work
P04508,South Africa,Africa,added_10,Thando,neutral,25,civil engineer,a,they,them,their,are,work
P04509,South Africa,Africa,added_10,Thando,neutral,25,computer programmer,a,they,them,their,are,work
P04510,South Africa,Africa,added_10,Thando,neutral,25,construction worker,a,they,them,their,are,work
P04511,South Africa,Africa,added_10,Thando,neutral,25,doctor,a,they,them,their,are,work
P04512,South Africa,Africa,added_10,Thando,neutral,25,electrician,an,they,them,their,are,work
P04513,South Africa,Africa,added_10,Thando,neutral,25,elementary school teacher,an,they,them,their,are,work
P04514,South Africa,Africa,added_10,Thando,neutral,25,farmer,a,they,them,their,are,work
P04515,South Africa,Africa,added_10,Thando,neutral,25,flight attendant,a,they,them,their,are,work
P04516,South Africa,Africa,added_10,Thando,neutral,25,hairdresser,a,they,them,their,are,work
P04517,South Africa,Africa,added_10,Thando,neutral,25,janitor,a,they,them,their,are,work
P04518,South Africa,Africa,added_10,Thando,neutral,25,journalist,a,they,them,their,are,work
P04519,South Africa,Africa,added_10,Thando,neutral,25,lawyer,a,they,them,their,are,work
P04520,South Africa,Africa,added_10,Thando,neutral,25,mechanic,a,they,them,their,are,work
P04521,South Africa,Africa,added_10,Thando,neutral,25,paramedic,a,they,them,their,are,work
P04522,South Africa,Africa,added_10,Thando,neutral,25,pharmacist,a,they,them,their,are,work
P04523,South Africa,Africa,added_10,Thando,neutral,25,plumber,a,they,them,their,are,work
P04524,South Africa,Africa,added_10,Thando,neutral,25,police officer,a,they,them,their,are,work
P04525,South Africa,Africa,added_10,Thando,neutral,25,real estate agent,a,they,them,their,are,work
P04526,South Africa,Africa,added_10,Thando,neutral,25,registered nurse,a,they,them,their,are,work
P04527,South Africa,Africa,added_10,Thando,neutral,25,social worker,a,they,them,their,are,work
P04528,South Africa,Africa,added_10,Thando,neutral,25,truck driver,a,they,them,their,are,work
P04529,South Africa,Africa,added_10,Thando,neutral,25,veterinarian,a,they,them,their,are,work
P04530,South Africa,Africa,added_10,Thando,neutral,25,waiter,a,they,them,their,are,work
P04531,South Africa,Africa,added_10,Thando,neutral,45,accountant,an,they,them,their,are,work
P04532,South Africa,Africa,added_10,Thando,neutral,45,administrative assistant,an,they,them,their,are,work
P04533,South Africa,Africa,added_10,Thando,neutral,45,architect,an,they,them,their,are,work
P04534,South Africa,Africa,added_10,Thando,neutral,45,bank teller,a,they,them,their,are,work
P04535,South Africa,Africa,added_10,Thando,neutral,45,business manager,a,they,them,their,are,work
P04536,South Africa,Africa,added_10,Thando,neutral,45,cashier,a,they,them,their,are,work
P04537,South Africa,Africa,added_10,Thando,neutral,45,chef,a,they,them,their,are,work
P04538,South Africa,Africa,added_10,Thando,neutral,45,civil engineer,a,they,them,their,are,work
P04539,South Africa,Africa,added_10,Thando,neutral,45,computer programmer,a,they,them,their,are,work
P04540,South Africa,Africa,added_10,Thando,neutral,45,construction worker,a,they,them,their,are,work
P04541,South Africa,Africa,added_10,Thando,neutral,45,doctor,a,they,them,their,are,work
P04542,South Africa,Africa,added_10,Thando,neutral,45,electrician,an,they,them,their,are,work
P04543,South Africa,Africa,added_10,Thando,neutral,45,elementary school teacher,an,they,them,their,are,work
P04544,South Africa,Africa,added_10,Thando,neutral,45,farmer,a,they,them,their,are,work
P04545,South Africa,Africa,added_10,Thando,neutral,45,flight attendant,a,they,them,their,are,work
P04546,South Africa,Africa,added_10,Thando,neutral,45,hairdresser,a,they,them,their,are,work
P04547,South Africa,Africa,added_10,Thando,neutral,45,janitor,a,they,them,their,are,work
P04548,South Africa,Africa,added_10,Thando,neutral,45,journalist,a,they,them,their,are,work
P04549,South Africa,Africa,added_10,Thando,neutral,45,lawyer,a,they,them,their,are,work
P04550,South Africa,Africa,added_10,Thando,neutral,45,mechanic,a,they,them,their,are,work
P04551,South Africa,Africa,added_10,Thando,neutral,45,paramedic,a,they,them,their,are,work
P04552,South Africa,Africa,added_10,Thando,neutral,45,pharmacist,a,they,them,their,are,work
P04553,South Africa,Africa,added_10,Thando,neutral,45,plumber,a,they,them,their,are,work
P04554,South Africa,Africa,added_10,Thando,neutral,45,police officer,a,they,them,their,are,work
P04555,South Africa,Africa,added_10,Thando,neutral,45,real estate agent,a,they,them,their,are,work
P04556,South Africa,Africa,added_10,Thando,neutral,45,registered nurse,a,they,them,their,are,work
P04557,South Africa,Africa,added_10,Thando,neutral,45,social worker,a,they,them,their,are,work
P04558,South Africa,Africa,added_10,Thando,neutral,45,truck driver,a,they,them,their,are,work
P04559,South Africa,Africa,added_10,Thando,neutral,45,veterinarian,a,they,them,their,are,work
P04560,South Africa,Africa,added_10,Thando,neutral,45,waiter,a,they,them,their,are,work
P04561,South Africa,Africa,added_10,Thando,neutral,65,accountant,an,they,them,their,are,work
P04562,South Africa,Africa,added_10,Thando,neutral,65,administrative assistant,an,they,them,their,are,work
P04563,South Africa,Africa,added_10,Thando,neutral,65,architect,an,they,them,their,are,work
P04564,South Africa,Africa,added_10,Thando,neutral,65,bank teller,a,they,them,their,are,work
P04565,South Africa,Africa,added_10,Thando,neutral,65,business manager,a,they,them,their,are,work
P04566,South Africa,Africa,added_10,Thando,neutral,65,cashier,a,they,them,their,are,work
P04567,South Africa,Africa,added_10,Thando,neutral,65,chef,a,they,them,their,are,work
P04568,South Africa,Africa,added_10,Thando,neutral,65,civil engineer,a,they,them,their,are,work
P04569,South Africa,Africa,added_10,Thando,neutral,65,computer programmer,a,they,them,their,are,work
P04570,South Africa,Africa,added_10,Thando,neutral,65,construction worker,a,they,them,their,are,work
P04571,South Africa,Africa,added_10,Thando,neutral,65,doctor,a,they,them,their,are,work
P04572,South Africa,Africa,added_10,Thando,neutral,65,electrician,an,they,them,their,are,work
P04573,South Africa,Africa,added_10,Thando,neutral,65,elementary school teacher,an,they,them,their,are,work
P04574,South Africa,Africa,added_10,Thando,neutral,65,farmer,a,they,them,their,are,work
P04575,South Africa,Africa,added_10,Thando,neutral,65,flight attendant,a,they,them,their,are,work
P04576,South Africa,Africa,added_10,Thando,neutral,65,hairdresser,a,they,them,their,are,work
P04577,South Africa,Africa,added_10,Thando,neutral,65,janitor,a,they,them,their,are,work
P04578,South Africa,Africa,added_10,Thando,neutral,65,journalist,a,they,them,their,are,work
P04579,South Africa,Africa,added_10,Thando,neutral,65,lawyer,a,they,them,their,are,work
P04580,South Africa,Africa,added_10,Thando,neutral,65,mechanic,a,they,them,their,are,work
P04581,South Africa,Africa,added_10,Thando,neutral,65,paramedic,a,they,them,their,are,work
P04582,South Africa,Africa,added_10,Thando,neutral,65,pharmacist,a,they,them,their,are,work
P04583,South Africa,Africa,added_10,Thando,neutral,65,plumber,a,they,them,their,are,work
P04584,South Africa,Africa,added_10,Thando,neutral,65,police officer,a,they,them,their,are,work
P04585,South Africa,Africa,added_10,Thando,neutral,65,real estate agent,a,they,them,their,are,work
P04586,South Africa,Africa,added_10,Thando,neutral,65,registered nurse,a,they,them,their,are,work
P04587,South Africa,Africa,added_10,Thando,neutral,65,social worker,a,they,them,their,are,work
P04588,South Africa,Africa,added_10,Thando,neutral,65,truck driver,a,they,them,their,are,work
P04589,South Africa,Africa,added_10,Thando,neutral,65,veterinarian,a,they,them,their,are,work
P04590,South Africa,Africa,added_10,Thando,neutral,65,waiter,a,they,them,their,are,work
P04591,South Korea,East Asia,added_10,Min-jun,male,25,accountant,an,he,him,his,is,works
P04592,South Korea,East Asia,added_10,Min-jun,male,25,administrative assistant,an,he,him,his,is,works
P04593,South Korea,East Asia,added_10,Min-jun,male,25,architect,an,he,him,his,is,works
P04594,South Korea,East Asia,added_10,Min-jun,male,25,bank teller,a,he,him,his,is,works
P04595,South Korea,East Asia,added_10,Min-jun,male,25,business manager,a,he,him,his,is,works
P04596,South Korea,East Asia,added_10,Min-jun,male,25,cashier,a,he,him,his,is,works
P04597,South Korea,East Asia,added_10,Min-jun,male,25,chef,a,he,him,his,is,works
P04598,South Korea,East Asia,added_10,Min-jun,male,25,civil engineer,a,he,him,his,is,works
P04599,South Korea,East Asia,added_10,Min-jun,male,25,computer programmer,a,he,him,his,is,works
P04600,South Korea,East Asia,added_10,Min-jun,male,25,construction worker,a,he,him,his,is,works
P04601,South Korea,East Asia,added_10,Min-jun,male,25,doctor,a,he,him,his,is,works
P04602,South Korea,East Asia,added_10,Min-jun,male,25,electrician,an,he,him,his,is,works
P04603,South Korea,East Asia,added_10,Min-jun,male,25,elementary school teacher,an,he,him,his,is,works
P04604,South Korea,East Asia,added_10,Min-jun,male,25,farmer,a,he,him,his,is,works
P04605,South Korea,East Asia,added_10,Min-jun,male,25,flight attendant,a,he,him,his,is,works
P04606,South Korea,East Asia,added_10,Min-jun,male,25,hairdresser,a,he,him,his,is,works
P04607,South Korea,East Asia,added_10,Min-jun,male,25,janitor,a,he,him,his,is,works
P04608,South Korea,East Asia,added_10,Min-jun,male,25,journalist,a,he,him,his,is,works
P04609,South Korea,East Asia,added_10,Min-jun,male,25,lawyer,a,he,him,his,is,works
P04610,South Korea,East Asia,added_10,Min-jun,male,25,mechanic,a,he,him,his,is,works
P04611,South Korea,East Asia,added_10,Min-jun,male,25,paramedic,a,he,him,his,is,works
P04612,South Korea,East Asia,added_10,Min-jun,male,25,pharmacist,a,he,him,his,is,works
P04613,South Korea,East Asia,added_10,Min-jun,male,25,plumber,a,he,him,his,is,works
P04614,South Korea,East Asia,added_10,Min-jun,male,25,police officer,a,he,him,his,is,works
P04615,South Korea,East Asia,added_10,Min-jun,male,25,real estate agent,a,he,him,his,is,works
P04616,South Korea,East Asia,added_10,Min-jun,male,25,registered nurse,a,he,him,his,is,works
P04617,South Korea,East Asia,added_10,Min-jun,male,25,social worker,a,he,him,his,is,works
P04618,South Korea,East Asia,added_10,Min-jun,male,25,truck driver,a,he,him,his,is,works
P04619,South Korea,East Asia,added_10,Min-jun,male,25,veterinarian,a,he,him,his,is,works
P04620,South Korea,East Asia,added_10,Min-jun,male,25,waiter,a,he,him,his,is,works
P04621,South Korea,East Asia,added_10,Min-jun,male,45,accountant,an,he,him,his,is,works
P04622,South Korea,East Asia,added_10,Min-jun,male,45,administrative assistant,an,he,him,his,is,works
P04623,South Korea,East Asia,added_10,Min-jun,male,45,architect,an,he,him,his,is,works
P04624,South Korea,East Asia,added_10,Min-jun,male,45,bank teller,a,he,him,his,is,works
P04625,South Korea,East Asia,added_10,Min-jun,male,45,business manager,a,he,him,his,is,works
P04626,South Korea,East Asia,added_10,Min-jun,male,45,cashier,a,he,him,his,is,works
P04627,South Korea,East Asia,added_10,Min-jun,male,45,chef,a,he,him,his,is,works
P04628,South Korea,East Asia,added_10,Min-jun,male,45,civil engineer,a,he,him,his,is,works
P04629,South Korea,East Asia,added_10,Min-jun,male,45,computer programmer,a,he,him,his,is,works
P04630,South Korea,East Asia,added_10,Min-jun,male,45,construction worker,a,he,him,his,is,works
P04631,South Korea,East Asia,added_10,Min-jun,male,45,doctor,a,he,him,his,is,works
P04632,South Korea,East Asia,added_10,Min-jun,male,45,electrician,an,he,him,his,is,works
P04633,South Korea,East Asia,added_10,Min-jun,male,45,elementary school teacher,an,he,him,his,is,works
P04634,South Korea,East Asia,added_10,Min-jun,male,45,farmer,a,he,him,his,is,works
P04635,South Korea,East Asia,added_10,Min-jun,male,45,flight attendant,a,he,him,his,is,works
P04636,South Korea,East Asia,added_10,Min-jun,male,45,hairdresser,a,he,him,his,is,works
P04637,South Korea,East Asia,added_10,Min-jun,male,45,janitor,a,he,him,his,is,works
P04638,South Korea,East Asia,added_10,Min-jun,male,45,journalist,a,he,him,his,is,works
P04639,South Korea,East Asia,added_10,Min-jun,male,45,lawyer,a,he,him,his,is,works
P04640,South Korea,East Asia,added_10,Min-jun,male,45,mechanic,a,he,him,his,is,works
P04641,South Korea,East Asia,added_10,Min-jun,male,45,paramedic,a,he,him,his,is,works
P04642,South Korea,East Asia,added_10,Min-jun,male,45,pharmacist,a,he,him,his,is,works
P04643,South Korea,East Asia,added_10,Min-jun,male,45,plumber,a,he,him,his,is,works
P04644,South Korea,East Asia,added_10,Min-jun,male,45,police officer,a,he,him,his,is,works
P04645,South Korea,East Asia,added_10,Min-jun,male,45,real estate agent,a,he,him,his,is,works
P04646,South Korea,East Asia,added_10,Min-jun,male,45,registered nurse,a,he,him,his,is,works
P04647,South Korea,East Asia,added_10,Min-jun,male,45,social worker,a,he,him,his,is,works
P04648,South Korea,East Asia,added_10,Min-jun,male,45,truck driver,a,he,him,his,is,works
P04649,South Korea,East Asia,added_10,Min-jun,male,45,veterinarian,a,he,him,his,is,works
P04650,South Korea,East Asia,added_10,Min-jun,male,45,waiter,a,he,him,his,is,works
P04651,South Korea,East Asia,added_10,Min-jun,male,65,accountant,an,he,him,his,is,works
P04652,South Korea,East Asia,added_10,Min-jun,male,65,administrative assistant,an,he,him,his,is,works
P04653,South Korea,East Asia,added_10,Min-jun,male,65,architect,an,he,him,his,is,works
P04654,South Korea,East Asia,added_10,Min-jun,male,65,bank teller,a,he,him,his,is,works
P04655,South Korea,East Asia,added_10,Min-jun,male,65,business manager,a,he,him,his,is,works
P04656,South Korea,East Asia,added_10,Min-jun,male,65,cashier,a,he,him,his,is,works
P04657,South Korea,East Asia,added_10,Min-jun,male,65,chef,a,he,him,his,is,works
P04658,South Korea,East Asia,added_10,Min-jun,male,65,civil engineer,a,he,him,his,is,works
P04659,South Korea,East Asia,added_10,Min-jun,male,65,computer programmer,a,he,him,his,is,works
P04660,South Korea,East Asia,added_10,Min-jun,male,65,construction worker,a,he,him,his,is,works
P04661,South Korea,East Asia,added_10,Min-jun,male,65,doctor,a,he,him,his,is,works
P04662,South Korea,East Asia,added_10,Min-jun,male,65,electrician,an,he,him,his,is,works
P04663,South Korea,East Asia,added_10,Min-jun,male,65,elementary school teacher,an,he,him,his,is,works
P04664,South Korea,East Asia,added_10,Min-jun,male,65,farmer,a,he,him,his,is,works
P04665,South Korea,East Asia,added_10,Min-jun,male,65,flight attendant,a,he,him,his,is,works
P04666,South Korea,East Asia,added_10,Min-jun,male,65,hairdresser,a,he,him,his,is,works
P04667,South Korea,East Asia,added_10,Min-jun,male,65,janitor,a,he,him,his,is,works
P04668,South Korea,East Asia,added_10,Min-jun,male,65,journalist,a,he,him,his,is,works
P04669,South Korea,East Asia,added_10,Min-jun,male,65,lawyer,a,he,him,his,is,works
P04670,South Korea,East Asia,added_10,Min-jun,male,65,mechanic,a,he,him,his,is,works
P04671,South Korea,East Asia,added_10,Min-jun,male,65,paramedic,a,he,him,his,is,works
P04672,South Korea,East Asia,added_10,Min-jun,male,65,pharmacist,a,he,him,his,is,works
P04673,South Korea,East Asia,added_10,Min-jun,male,65,plumber,a,he,him,his,is,works
P04674,South Korea,East Asia,added_10,Min-jun,male,65,police officer,a,he,him,his,is,works
P04675,South Korea,East Asia,added_10,Min-jun,male,65,real estate agent,a,he,him,his,is,works
P04676,South Korea,East Asia,added_10,Min-jun,male,65,registered nurse,a,he,him,his,is,works
P04677,South Korea,East Asia,added_10,Min-jun,male,65,social worker,a,he,him,his,is,works
P04678,South Korea,East Asia,added_10,Min-jun,male,65,truck driver,a,he,him,his,is,works
P04679,South Korea,East Asia,added_10,Min-jun,male,65,veterinarian,a,he,him,his,is,works
P04680,South Korea,East Asia,added_10,Min-jun,male,65,waiter,a,he,him,his,is,works
P04681,South Korea,East Asia,added_10,Seo-yeon,female,25,accountant,an,she,her,her,is,works
P04682,South Korea,East Asia,added_10,Seo-yeon,female,25,administrative assistant,an,she,her,her,is,works
P04683,South Korea,East Asia,added_10,Seo-yeon,female,25,architect,an,she,her,her,is,works
P04684,South Korea,East Asia,added_10,Seo-yeon,female,25,bank teller,a,she,her,her,is,works
P04685,South Korea,East Asia,added_10,Seo-yeon,female,25,business manager,a,she,her,her,is,works
P04686,South Korea,East Asia,added_10,Seo-yeon,female,25,cashier,a,she,her,her,is,works
P04687,South Korea,East Asia,added_10,Seo-yeon,female,25,chef,a,she,her,her,is,works
P04688,South Korea,East Asia,added_10,Seo-yeon,female,25,civil engineer,a,she,her,her,is,works
P04689,South Korea,East Asia,added_10,Seo-yeon,female,25,computer programmer,a,she,her,her,is,works
P04690,South Korea,East Asia,added_10,Seo-yeon,female,25,construction worker,a,she,her,her,is,works
P04691,South Korea,East Asia,added_10,Seo-yeon,female,25,doctor,a,she,her,her,is,works
P04692,South Korea,East Asia,added_10,Seo-yeon,female,25,electrician,an,she,her,her,is,works
P04693,South Korea,East Asia,added_10,Seo-yeon,female,25,elementary school teacher,an,she,her,her,is,works
P04694,South Korea,East Asia,added_10,Seo-yeon,female,25,farmer,a,she,her,her,is,works
P04695,South Korea,East Asia,added_10,Seo-yeon,female,25,flight attendant,a,she,her,her,is,works
P04696,South Korea,East Asia,added_10,Seo-yeon,female,25,hairdresser,a,she,her,her,is,works
P04697,South Korea,East Asia,added_10,Seo-yeon,female,25,janitor,a,she,her,her,is,works
P04698,South Korea,East Asia,added_10,Seo-yeon,female,25,journalist,a,she,her,her,is,works
P04699,South Korea,East Asia,added_10,Seo-yeon,female,25,lawyer,a,she,her,her,is,works
P04700,South Korea,East Asia,added_10,Seo-yeon,female,25,mechanic,a,she,her,her,is,works
P04701,South Korea,East Asia,added_10,Seo-yeon,female,25,paramedic,a,she,her,her,is,works
P04702,South Korea,East Asia,added_10,Seo-yeon,female,25,pharmacist,a,she,her,her,is,works
P04703,South Korea,East Asia,added_10,Seo-yeon,female,25,plumber,a,she,her,her,is,works
P04704,South Korea,East Asia,added_10,Seo-yeon,female,25,police officer,a,she,her,her,is,works
P04705,South Korea,East Asia,added_10,Seo-yeon,female,25,real estate agent,a,she,her,her,is,works
P04706,South Korea,East Asia,added_10,Seo-yeon,female,25,registered nurse,a,she,her,her,is,works
P04707,South Korea,East Asia,added_10,Seo-yeon,female,25,social worker,a,she,her,her,is,works
P04708,South Korea,East Asia,added_10,Seo-yeon,female,25,truck driver,a,she,her,her,is,works
P04709,South Korea,East Asia,added_10,Seo-yeon,female,25,veterinarian,a,she,her,her,is,works
P04710,South Korea,East Asia,added_10,Seo-yeon,female,25,waiter,a,she,her,her,is,works
P04711,South Korea,East Asia,added_10,Seo-yeon,female,45,accountant,an,she,her,her,is,works
P04712,South Korea,East Asia,added_10,Seo-yeon,female,45,administrative assistant,an,she,her,her,is,works
P04713,South Korea,East Asia,added_10,Seo-yeon,female,45,architect,an,she,her,her,is,works
P04714,South Korea,East Asia,added_10,Seo-yeon,female,45,bank teller,a,she,her,her,is,works
P04715,South Korea,East Asia,added_10,Seo-yeon,female,45,business manager,a,she,her,her,is,works
P04716,South Korea,East Asia,added_10,Seo-yeon,female,45,cashier,a,she,her,her,is,works
P04717,South Korea,East Asia,added_10,Seo-yeon,female,45,chef,a,she,her,her,is,works
P04718,South Korea,East Asia,added_10,Seo-yeon,female,45,civil engineer,a,she,her,her,is,works
P04719,South Korea,East Asia,added_10,Seo-yeon,female,45,computer programmer,a,she,her,her,is,works
P04720,South Korea,East Asia,added_10,Seo-yeon,female,45,construction worker,a,she,her,her,is,works
P04721,South Korea,East Asia,added_10,Seo-yeon,female,45,doctor,a,she,her,her,is,works
P04722,South Korea,East Asia,added_10,Seo-yeon,female,45,electrician,an,she,her,her,is,works
P04723,South Korea,East Asia,added_10,Seo-yeon,female,45,elementary school teacher,an,she,her,her,is,works
P04724,South Korea,East Asia,added_10,Seo-yeon,female,45,farmer,a,she,her,her,is,works
P04725,South Korea,East Asia,added_10,Seo-yeon,female,45,flight attendant,a,she,her,her,is,works
P04726,South Korea,East Asia,added_10,Seo-yeon,female,45,hairdresser,a,she,her,her,is,works
P04727,South Korea,East Asia,added_10,Seo-yeon,female,45,janitor,a,she,her,her,is,works
P04728,South Korea,East Asia,added_10,Seo-yeon,female,45,journalist,a,she,her,her,is,works
P04729,South Korea,East Asia,added_10,Seo-yeon,female,45,lawyer,a,she,her,her,is,works
P04730,South Korea,East Asia,added_10,Seo-yeon,female,45,mechanic,a,she,her,her,is,works
P04731,South Korea,East Asia,added_10,Seo-yeon,female,45,paramedic,a,she,her,her,is,works
P04732,South Korea,East Asia,added_10,Seo-yeon,female,45,pharmacist,a,she,her,her,is,works
P04733,South Korea,East Asia,added_10,Seo-yeon,female,45,plumber,a,she,her,her,is,works
P04734,South Korea,East Asia,added_10,Seo-yeon,female,45,police officer,a,she,her,her,is,works
P04735,South Korea,East Asia,added_10,Seo-yeon,female,45,real estate agent,a,she,her,her,is,works
P04736,South Korea,East Asia,added_10,Seo-yeon,female,45,registered nurse,a,she,her,her,is,works
P04737,South Korea,East Asia,added_10,Seo-yeon,female,45,social worker,a,she,her,her,is,works
P04738,South Korea,East Asia,added_10,Seo-yeon,female,45,truck driver,a,she,her,her,is,works
P04739,South Korea,East Asia,added_10,Seo-yeon,female,45,veterinarian,a,she,her,her,is,works
P04740,South Korea,East Asia,added_10,Seo-yeon,female,45,waiter,a,she,her,her,is,works
P04741,South Korea,East Asia,added_10,Seo-yeon,female,65,accountant,an,she,her,her,is,works
P04742,South Korea,East Asia,added_10,Seo-yeon,female,65,administrative assistant,an,she,her,her,is,works
P04743,South Korea,East Asia,added_10,Seo-yeon,female,65,architect,an,she,her,her,is,works
P04744,South Korea,East Asia,added_10,Seo-yeon,female,65,bank teller,a,she,her,her,is,works
P04745,South Korea,East Asia,added_10,Seo-yeon,female,65,business manager,a,she,her,her,is,works
P04746,South Korea,East Asia,added_10,Seo-yeon,female,65,cashier,a,she,her,her,is,works
P04747,South Korea,East Asia,added_10,Seo-yeon,female,65,chef,a,she,her,her,is,works
P04748,South Korea,East Asia,added_10,Seo-yeon,female,65,civil engineer,a,she,her,her,is,works
P04749,South Korea,East Asia,added_10,Seo-yeon,female,65,computer programmer,a,she,her,her,is,works
P04750,South Korea,East Asia,added_10,Seo-yeon,female,65,construction worker,a,she,her,her,is,works
P04751,South Korea,East Asia,added_10,Seo-yeon,female,65,doctor,a,she,her,her,is,works
P04752,South Korea,East Asia,added_10,Seo-yeon,female,65,electrician,an,she,her,her,is,works
P04753,South Korea,East Asia,added_10,Seo-yeon,female,65,elementary school teacher,an,she,her,her,is,works
P04754,South Korea,East Asia,added_10,Seo-yeon,female,65,farmer,a,she,her,her,is,works
P04755,South Korea,East Asia,added_10,Seo-yeon,female,65,flight attendant,a,she,her,her,is,works
P04756,South Korea,East Asia,added_10,Seo-yeon,female,65,hairdresser,a,she,her,her,is,works
P04757,South Korea,East Asia,added_10,Seo-yeon,female,65,janitor,a,she,her,her,is,works
P04758,South Korea,East Asia,added_10,Seo-yeon,female,65,journalist,a,she,her,her,is,works
P04759,South Korea,East Asia,added_10,Seo-yeon,female,65,lawyer,a,she,her,her,is,works
P04760,South Korea,East Asia,added_10,Seo-yeon,female,65,mechanic,a,she,her,her,is,works
P04761,South Korea,East Asia,added_10,Seo-yeon,female,65,paramedic,a,she,her,her,is,works
P04762,South Korea,East Asia,added_10,Seo-yeon,female,65,pharmacist,a,she,her,her,is,works
P04763,South Korea,East Asia,added_10,Seo-yeon,female,65,plumber,a,she,her,her,is,works
P04764,South Korea,East Asia,added_10,Seo-yeon,female,65,police officer,a,she,her,her,is,works
P04765,South Korea,East Asia,added_10,Seo-yeon,female,65,real estate agent,a,she,her,her,is,works
P04766,South Korea,East Asia,added_10,Seo-yeon,female,65,registered nurse,a,she,her,her,is,works
P04767,South Korea,East Asia,added_10,Seo-yeon,female,65,social worker,a,she,her,her,is,works
P04768,South Korea,East Asia,added_10,Seo-yeon,female,65,truck driver,a,she,her,her,is,works
P04769,South Korea,East Asia,added_10,Seo-yeon,female,65,veterinarian,a,she,her,her,is,works
P04770,South Korea,East Asia,added_10,Seo-yeon,female,65,waiter,a,she,her,her,is,works
P04771,South Korea,East Asia,added_10,Haneul,neutral,25,accountant,an,they,them,their,are,work
P04772,South Korea,East Asia,added_10,Haneul,neutral,25,administrative assistant,an,they,them,their,are,work
P04773,South Korea,East Asia,added_10,Haneul,neutral,25,architect,an,they,them,their,are,work
P04774,South Korea,East Asia,added_10,Haneul,neutral,25,bank teller,a,they,them,their,are,work
P04775,South Korea,East Asia,added_10,Haneul,neutral,25,business manager,a,they,them,their,are,work
P04776,South Korea,East Asia,added_10,Haneul,neutral,25,cashier,a,they,them,their,are,work
P04777,South Korea,East Asia,added_10,Haneul,neutral,25,chef,a,they,them,their,are,work
P04778,South Korea,East Asia,added_10,Haneul,neutral,25,civil engineer,a,they,them,their,are,work
P04779,South Korea,East Asia,added_10,Haneul,neutral,25,computer programmer,a,they,them,their,are,work
P04780,South Korea,East Asia,added_10,Haneul,neutral,25,construction worker,a,they,them,their,are,work
P04781,South Korea,East Asia,added_10,Haneul,neutral,25,doctor,a,they,them,their,are,work
P04782,South Korea,East Asia,added_10,Haneul,neutral,25,electrician,an,they,them,their,are,work
P04783,South Korea,East Asia,added_10,Haneul,neutral,25,elementary school teacher,an,they,them,their,are,work
P04784,South Korea,East Asia,added_10,Haneul,neutral,25,farmer,a,they,them,their,are,work
P04785,South Korea,East Asia,added_10,Haneul,neutral,25,flight attendant,a,they,them,their,are,work
P04786,South Korea,East Asia,added_10,Haneul,neutral,25,hairdresser,a,they,them,their,are,work
P04787,South Korea,East Asia,added_10,Haneul,neutral,25,janitor,a,they,them,their,are,work
P04788,South Korea,East Asia,added_10,Haneul,neutral,25,journalist,a,they,them,their,are,work
P04789,South Korea,East Asia,added_10,Haneul,neutral,25,lawyer,a,they,them,their,are,work
P04790,South Korea,East Asia,added_10,Haneul,neutral,25,mechanic,a,they,them,their,are,work
P04791,South Korea,East Asia,added_10,Haneul,neutral,25,paramedic,a,they,them,their,are,work
P04792,South Korea,East Asia,added_10,Haneul,neutral,25,pharmacist,a,they,them,their,are,work
P04793,South Korea,East Asia,added_10,Haneul,neutral,25,plumber,a,they,them,their,are,work
P04794,South Korea,East Asia,added_10,Haneul,neutral,25,police officer,a,they,them,their,are,work
P04795,South Korea,East Asia,added_10,Haneul,neutral,25,real estate agent,a,they,them,their,are,work
P04796,South Korea,East Asia,added_10,Haneul,neutral,25,registered nurse,a,they,them,their,are,work
P04797,South Korea,East Asia,added_10,Haneul,neutral,25,social worker,a,they,them,their,are,work
P04798,South Korea,East Asia,added_10,Haneul,neutral,25,truck driver,a,they,them,their,are,work
P04799,South Korea,East Asia,added_10,Haneul,neutral,25,veterinarian,a,they,them,their,are,work
P04800,South Korea,East Asia,added_10,Haneul,neutral,25,waiter,a,they,them,their,are,work
P04801,South Korea,East Asia,added_10,Haneul,neutral,45,accountant,an,they,them,their,are,work
P04802,South Korea,East Asia,added_10,Haneul,neutral,45,administrative assistant,an,they,them,their,are,work
P04803,South Korea,East Asia,added_10,Haneul,neutral,45,architect,an,they,them,their,are,work
P04804,South Korea,East Asia,added_10,Haneul,neutral,45,bank teller,a,they,them,their,are,work
P04805,South Korea,East Asia,added_10,Haneul,neutral,45,business manager,a,they,them,their,are,work
P04806,South Korea,East Asia,added_10,Haneul,neutral,45,cashier,a,they,them,their,are,work
P04807,South Korea,East Asia,added_10,Haneul,neutral,45,chef,a,they,them,their,are,work
P04808,South Korea,East Asia,added_10,Haneul,neutral,45,civil engineer,a,they,them,their,are,work
P04809,South Korea,East Asia,added_10,Haneul,neutral,45,computer programmer,a,they,them,their,are,work
P04810,South Korea,East Asia,added_10,Haneul,neutral,45,construction worker,a,they,them,their,are,work
P04811,South Korea,East Asia,added_10,Haneul,neutral,45,doctor,a,they,them,their,are,work
P04812,South Korea,East Asia,added_10,Haneul,neutral,45,electrician,an,they,them,their,are,work
P04813,South Korea,East Asia,added_10,Haneul,neutral,45,elementary school teacher,an,they,them,their,are,work
P04814,South Korea,East Asia,added_10,Haneul,neutral,45,farmer,a,they,them,their,are,work
P04815,South Korea,East Asia,added_10,Haneul,neutral,45,flight attendant,a,they,them,their,are,work
P04816,South Korea,East Asia,added_10,Haneul,neutral,45,hairdresser,a,they,them,their,are,work
P04817,South Korea,East Asia,added_10,Haneul,neutral,45,janitor,a,they,them,their,are,work
P04818,South Korea,East Asia,added_10,Haneul,neutral,45,journalist,a,they,them,their,are,work
P04819,South Korea,East Asia,added_10,Haneul,neutral,45,lawyer,a,they,them,their,are,work
P04820,South Korea,East Asia,added_10,Haneul,neutral,45,mechanic,a,they,them,their,are,work
P04821,South Korea,East Asia,added_10,Haneul,neutral,45,paramedic,a,they,them,their,are,work
P04822,South Korea,East Asia,added_10,Haneul,neutral,45,pharmacist,a,they,them,their,are,work
P04823,South Korea,East Asia,added_10,Haneul,neutral,45,plumber,a,they,them,their,are,work
P04824,South Korea,East Asia,added_10,Haneul,neutral,45,police officer,a,they,them,their,are,work
P04825,South Korea,East Asia,added_10,Haneul,neutral,45,real estate agent,a,they,them,their,are,work
P04826,South Korea,East Asia,added_10,Haneul,neutral,45,registered nurse,a,they,them,their,are,work
P04827,South Korea,East Asia,added_10,Haneul,neutral,45,social worker,a,they,them,their,are,work
P04828,South Korea,East Asia,added_10,Haneul,neutral,45,truck driver,a,they,them,their,are,work
P04829,South Korea,East Asia,added_10,Haneul,neutral,45,veterinarian,a,they,them,their,are,work
P04830,South Korea,East Asia,added_10,Haneul,neutral,45,waiter,a,they,them,their,are,work
P04831,South Korea,East Asia,added_10,Haneul,neutral,65,accountant,an,they,them,their,are,work
P04832,South Korea,East Asia,added_10,Haneul,neutral,65,administrative assistant,an,they,them,their,are,work
P04833,South Korea,East Asia,added_10,Haneul,neutral,65,architect,an,they,them,their,are,work
P04834,South Korea,East Asia,added_10,Haneul,neutral,65,bank teller,a,they,them,their,are,work
P04835,South Korea,East Asia,added_10,Haneul,neutral,65,business manager,a,they,them,their,are,work
P04836,South Korea,East Asia,added_10,Haneul,neutral,65,cashier,a,they,them,their,are,work
P04837,South Korea,East Asia,added_10,Haneul,neutral,65,chef,a,they,them,their,are,work
P04838,South Korea,East Asia,added_10,Haneul,neutral,65,civil engineer,a,they,them,their,are,work
P04839,South Korea,East Asia,added_10,Haneul,neutral,65,computer programmer,a,they,them,their,are,work
P04840,South Korea,East Asia,added_10,Haneul,neutral,65,construction worker,a,they,them,their,are,work
P04841,South Korea,East Asia,added_10,Haneul,neutral,65,doctor,a,they,them,their,are,work
P04842,South Korea,East Asia,added_10,Haneul,neutral,65,electrician,an,they,them,their,are,work
P04843,South Korea,East Asia,added_10,Haneul,neutral,65,elementary school teacher,an,they,them,their,are,work
P04844,South Korea,East Asia,added_10,Haneul,neutral,65,farmer,a,they,them,their,are,work
P04845,South Korea,East Asia,added_10,Haneul,neutral,65,flight attendant,a,they,them,their,are,work
P04846,South Korea,East Asia,added_10,Haneul,neutral,65,hairdresser,a,they,them,their,are,work
P04847,South Korea,East Asia,added_10,Haneul,neutral,65,janitor,a,they,them,their,are,work
P04848,South Korea,East Asia,added_10,Haneul,neutral,65,journalist,a,they,them,their,are,work
P04849,South Korea,East Asia,added_10,Haneul,neutral,65,lawyer,a,they,them,their,are,work
P04850,South Korea,East Asia,added_10,Haneul,neutral,65,mechanic,a,they,them,their,are,work
P04851,South Korea,East Asia,added_10,Haneul,neutral,65,paramedic,a,they,them,their,are,work
P04852,South Korea,East Asia,added_10,Haneul,neutral,65,pharmacist,a,they,them,their,are,work
P04853,South Korea,East Asia,added_10,Haneul,neutral,65,plumber,a,they,them,their,are,work
P04854,South Korea,East Asia,added_10,Haneul,neutral,65,police officer,a,they,them,their,are,work
P04855,South Korea,East Asia,added_10,Haneul,neutral,65,real estate agent,a,they,them,their,are,work
P04856,South Korea,East Asia,added_10,Haneul,neutral,65,registered nurse,a,they,them,their,are,work
P04857,South Korea,East Asia,added_10,Haneul,neutral,65,social worker,a,they,them,their,are,work
P04858,South Korea,East Asia,added_10,Haneul,neutral,65,truck driver,a,they,them,their,are,work
P04859,South Korea,East Asia,added_10,Haneul,neutral,65,veterinarian,a,they,them,their,are,work
P04860,South Korea,East Asia,added_10,Haneul,neutral,65,waiter,a,they,them,their,are,work
P04861,Turkey,MENA,added_10,Mehmet,male,25,accountant,an,he,him,his,is,works
P04862,Turkey,MENA,added_10,Mehmet,male,25,administrative assistant,an,he,him,his,is,works
P04863,Turkey,MENA,added_10,Mehmet,male,25,architect,an,he,him,his,is,works
P04864,Turkey,MENA,added_10,Mehmet,male,25,bank teller,a,he,him,his,is,works
P04865,Turkey,MENA,added_10,Mehmet,male,25,business manager,a,he,him,his,is,works
P04866,Turkey,MENA,added_10,Mehmet,male,25,cashier,a,he,him,his,is,works
P04867,Turkey,MENA,added_10,Mehmet,male,25,chef,a,he,him,his,is,works
P04868,Turkey,MENA,added_10,Mehmet,male,25,civil engineer,a,he,him,his,is,works
P04869,Turkey,MENA,added_10,Mehmet,male,25,computer programmer,a,he,him,his,is,works
P04870,Turkey,MENA,added_10,Mehmet,male,25,construction worker,a,he,him,his,is,works
P04871,Turkey,MENA,added_10,Mehmet,male,25,doctor,a,he,him,his,is,works
P04872,Turkey,MENA,added_10,Mehmet,male,25,electrician,an,he,him,his,is,works
P04873,Turkey,MENA,added_10,Mehmet,male,25,elementary school teacher,an,he,him,his,is,works
P04874,Turkey,MENA,added_10,Mehmet,male,25,farmer,a,he,him,his,is,works
P04875,Turkey,MENA,added_10,Mehmet,male,25,flight attendant,a,he,him,his,is,works
P04876,Turkey,MENA,added_10,Mehmet,male,25,hairdresser,a,he,him,his,is,works
P04877,Turkey,MENA,added_10,Mehmet,male,25,janitor,a,he,him,his,is,works
P04878,Turkey,MENA,added_10,Mehmet,male,25,journalist,a,he,him,his,is,works
P04879,Turkey,MENA,added_10,Mehmet,male,25,lawyer,a,he,him,his,is,works
P04880,Turkey,MENA,added_10,Mehmet,male,25,mechanic,a,he,him,his,is,works
P04881,Turkey,MENA,added_10,Mehmet,male,25,paramedic,a,he,him,his,is,works
P04882,Turkey,MENA,added_10,Mehmet,male,25,pharmacist,a,he,him,his,is,works
P04883,Turkey,MENA,added_10,Mehmet,male,25,plumber,a,he,him,his,is,works
P04884,Turkey,MENA,added_10,Mehmet,male,25,police officer,a,he,him,his,is,works
P04885,Turkey,MENA,added_10,Mehmet,male,25,real estate agent,a,he,him,his,is,works
P04886,Turkey,MENA,added_10,Mehmet,male,25,registered nurse,a,he,him,his,is,works
P04887,Turkey,MENA,added_10,Mehmet,male,25,social worker,a,he,him,his,is,works
P04888,Turkey,MENA,added_10,Mehmet,male,25,truck driver,a,he,him,his,is,works
P04889,Turkey,MENA,added_10,Mehmet,male,25,veterinarian,a,he,him,his,is,works
P04890,Turkey,MENA,added_10,Mehmet,male,25,waiter,a,he,him,his,is,works
P04891,Turkey,MENA,added_10,Mehmet,male,45,accountant,an,he,him,his,is,works
P04892,Turkey,MENA,added_10,Mehmet,male,45,administrative assistant,an,he,him,his,is,works
P04893,Turkey,MENA,added_10,Mehmet,male,45,architect,an,he,him,his,is,works
P04894,Turkey,MENA,added_10,Mehmet,male,45,bank teller,a,he,him,his,is,works
P04895,Turkey,MENA,added_10,Mehmet,male,45,business manager,a,he,him,his,is,works
P04896,Turkey,MENA,added_10,Mehmet,male,45,cashier,a,he,him,his,is,works
P04897,Turkey,MENA,added_10,Mehmet,male,45,chef,a,he,him,his,is,works
P04898,Turkey,MENA,added_10,Mehmet,male,45,civil engineer,a,he,him,his,is,works
P04899,Turkey,MENA,added_10,Mehmet,male,45,computer programmer,a,he,him,his,is,works
P04900,Turkey,MENA,added_10,Mehmet,male,45,construction worker,a,he,him,his,is,works
P04901,Turkey,MENA,added_10,Mehmet,male,45,doctor,a,he,him,his,is,works
P04902,Turkey,MENA,added_10,Mehmet,male,45,electrician,an,he,him,his,is,works
P04903,Turkey,MENA,added_10,Mehmet,male,45,elementary school teacher,an,he,him,his,is,works
P04904,Turkey,MENA,added_10,Mehmet,male,45,farmer,a,he,him,his,is,works
P04905,Turkey,MENA,added_10,Mehmet,male,45,flight attendant,a,he,him,his,is,works
P04906,Turkey,MENA,added_10,Mehmet,male,45,hairdresser,a,he,him,his,is,works
P04907,Turkey,MENA,added_10,Mehmet,male,45,janitor,a,he,him,his,is,works
P04908,Turkey,MENA,added_10,Mehmet,male,45,journalist,a,he,him,his,is,works
P04909,Turkey,MENA,added_10,Mehmet,male,45,lawyer,a,he,him,his,is,works
P04910,Turkey,MENA,added_10,Mehmet,male,45,mechanic,a,he,him,his,is,works
P04911,Turkey,MENA,added_10,Mehmet,male,45,paramedic,a,he,him,his,is,works
P04912,Turkey,MENA,added_10,Mehmet,male,45,pharmacist,a,he,him,his,is,works
P04913,Turkey,MENA,added_10,Mehmet,male,45,plumber,a,he,him,his,is,works
P04914,Turkey,MENA,added_10,Mehmet,male,45,police officer,a,he,him,his,is,works
P04915,Turkey,MENA,added_10,Mehmet,male,45,real estate agent,a,he,him,his,is,works
P04916,Turkey,MENA,added_10,Mehmet,male,45,registered nurse,a,he,him,his,is,works
P04917,Turkey,MENA,added_10,Mehmet,male,45,social worker,a,he,him,his,is,works
P04918,Turkey,MENA,added_10,Mehmet,male,45,truck driver,a,he,him,his,is,works
P04919,Turkey,MENA,added_10,Mehmet,male,45,veterinarian,a,he,him,his,is,works
P04920,Turkey,MENA,added_10,Mehmet,male,45,waiter,a,he,him,his,is,works
P04921,Turkey,MENA,added_10,Mehmet,male,65,accountant,an,he,him,his,is,works
P04922,Turkey,MENA,added_10,Mehmet,male,65,administrative assistant,an,he,him,his,is,works
P04923,Turkey,MENA,added_10,Mehmet,male,65,architect,an,he,him,his,is,works
P04924,Turkey,MENA,added_10,Mehmet,male,65,bank teller,a,he,him,his,is,works
P04925,Turkey,MENA,added_10,Mehmet,male,65,business manager,a,he,him,his,is,works
P04926,Turkey,MENA,added_10,Mehmet,male,65,cashier,a,he,him,his,is,works
P04927,Turkey,MENA,added_10,Mehmet,male,65,chef,a,he,him,his,is,works
P04928,Turkey,MENA,added_10,Mehmet,male,65,civil engineer,a,he,him,his,is,works
P04929,Turkey,MENA,added_10,Mehmet,male,65,computer programmer,a,he,him,his,is,works
P04930,Turkey,MENA,added_10,Mehmet,male,65,construction worker,a,he,him,his,is,works
P04931,Turkey,MENA,added_10,Mehmet,male,65,doctor,a,he,him,his,is,works
P04932,Turkey,MENA,added_10,Mehmet,male,65,electrician,an,he,him,his,is,works
P04933,Turkey,MENA,added_10,Mehmet,male,65,elementary school teacher,an,he,him,his,is,works
P04934,Turkey,MENA,added_10,Mehmet,male,65,farmer,a,he,him,his,is,works
P04935,Turkey,MENA,added_10,Mehmet,male,65,flight attendant,a,he,him,his,is,works
P04936,Turkey,MENA,added_10,Mehmet,male,65,hairdresser,a,he,him,his,is,works
P04937,Turkey,MENA,added_10,Mehmet,male,65,janitor,a,he,him,his,is,works
P04938,Turkey,MENA,added_10,Mehmet,male,65,journalist,a,he,him,his,is,works
P04939,Turkey,MENA,added_10,Mehmet,male,65,lawyer,a,he,him,his,is,works
P04940,Turkey,MENA,added_10,Mehmet,male,65,mechanic,a,he,him,his,is,works
P04941,Turkey,MENA,added_10,Mehmet,male,65,paramedic,a,he,him,his,is,works
P04942,Turkey,MENA,added_10,Mehmet,male,65,pharmacist,a,he,him,his,is,works
P04943,Turkey,MENA,added_10,Mehmet,male,65,plumber,a,he,him,his,is,works
P04944,Turkey,MENA,added_10,Mehmet,male,65,police officer,a,he,him,his,is,works
P04945,Turkey,MENA,added_10,Mehmet,male,65,real estate agent,a,he,him,his,is,works
P04946,Turkey,MENA,added_10,Mehmet,male,65,registered nurse,a,he,him,his,is,works
P04947,Turkey,MENA,added_10,Mehmet,male,65,social worker,a,he,him,his,is,works
P04948,Turkey,MENA,added_10,Mehmet,male,65,truck driver,a,he,him,his,is,works
P04949,Turkey,MENA,added_10,Mehmet,male,65,veterinarian,a,he,him,his,is,works
P04950,Turkey,MENA,added_10,Mehmet,male,65,waiter,a,he,him,his,is,works
P04951,Turkey,MENA,added_10,Elif,female,25,accountant,an,she,her,her,is,works
P04952,Turkey,MENA,added_10,Elif,female,25,administrative assistant,an,she,her,her,is,works
P04953,Turkey,MENA,added_10,Elif,female,25,architect,an,she,her,her,is,works
P04954,Turkey,MENA,added_10,Elif,female,25,bank teller,a,she,her,her,is,works
P04955,Turkey,MENA,added_10,Elif,female,25,business manager,a,she,her,her,is,works
P04956,Turkey,MENA,added_10,Elif,female,25,cashier,a,she,her,her,is,works
P04957,Turkey,MENA,added_10,Elif,female,25,chef,a,she,her,her,is,works
P04958,Turkey,MENA,added_10,Elif,female,25,civil engineer,a,she,her,her,is,works
P04959,Turkey,MENA,added_10,Elif,female,25,computer programmer,a,she,her,her,is,works
P04960,Turkey,MENA,added_10,Elif,female,25,construction worker,a,she,her,her,is,works
P04961,Turkey,MENA,added_10,Elif,female,25,doctor,a,she,her,her,is,works
P04962,Turkey,MENA,added_10,Elif,female,25,electrician,an,she,her,her,is,works
P04963,Turkey,MENA,added_10,Elif,female,25,elementary school teacher,an,she,her,her,is,works
P04964,Turkey,MENA,added_10,Elif,female,25,farmer,a,she,her,her,is,works
P04965,Turkey,MENA,added_10,Elif,female,25,flight attendant,a,she,her,her,is,works
P04966,Turkey,MENA,added_10,Elif,female,25,hairdresser,a,she,her,her,is,works
P04967,Turkey,MENA,added_10,Elif,female,25,janitor,a,she,her,her,is,works
P04968,Turkey,MENA,added_10,Elif,female,25,journalist,a,she,her,her,is,works
P04969,Turkey,MENA,added_10,Elif,female,25,lawyer,a,she,her,her,is,works
P04970,Turkey,MENA,added_10,Elif,female,25,mechanic,a,she,her,her,is,works
P04971,Turkey,MENA,added_10,Elif,female,25,paramedic,a,she,her,her,is,works
P04972,Turkey,MENA,added_10,Elif,female,25,pharmacist,a,she,her,her,is,works
P04973,Turkey,MENA,added_10,Elif,female,25,plumber,a,she,her,her,is,works
P04974,Turkey,MENA,added_10,Elif,female,25,police officer,a,she,her,her,is,works
P04975,Turkey,MENA,added_10,Elif,female,25,real estate agent,a,she,her,her,is,works
P04976,Turkey,MENA,added_10,Elif,female,25,registered nurse,a,she,her,her,is,works
P04977,Turkey,MENA,added_10,Elif,female,25,social worker,a,she,her,her,is,works
P04978,Turkey,MENA,added_10,Elif,female,25,truck driver,a,she,her,her,is,works
P04979,Turkey,MENA,added_10,Elif,female,25,veterinarian,a,she,her,her,is,works
P04980,Turkey,MENA,added_10,Elif,female,25,waiter,a,she,her,her,is,works
P04981,Turkey,MENA,added_10,Elif,female,45,accountant,an,she,her,her,is,works
P04982,Turkey,MENA,added_10,Elif,female,45,administrative assistant,an,she,her,her,is,works
P04983,Turkey,MENA,added_10,Elif,female,45,architect,an,she,her,her,is,works
P04984,Turkey,MENA,added_10,Elif,female,45,bank teller,a,she,her,her,is,works
P04985,Turkey,MENA,added_10,Elif,female,45,business manager,a,she,her,her,is,works
P04986,Turkey,MENA,added_10,Elif,female,45,cashier,a,she,her,her,is,works
P04987,Turkey,MENA,added_10,Elif,female,45,chef,a,she,her,her,is,works
P04988,Turkey,MENA,added_10,Elif,female,45,civil engineer,a,she,her,her,is,works
P04989,Turkey,MENA,added_10,Elif,female,45,computer programmer,a,she,her,her,is,works
P04990,Turkey,MENA,added_10,Elif,female,45,construction worker,a,she,her,her,is,works
P04991,Turkey,MENA,added_10,Elif,female,45,doctor,a,she,her,her,is,works
P04992,Turkey,MENA,added_10,Elif,female,45,electrician,an,she,her,her,is,works
P04993,Turkey,MENA,added_10,Elif,female,45,elementary school teacher,an,she,her,her,is,works
P04994,Turkey,MENA,added_10,Elif,female,45,farmer,a,she,her,her,is,works
P04995,Turkey,MENA,added_10,Elif,female,45,flight attendant,a,she,her,her,is,works
P04996,Turkey,MENA,added_10,Elif,female,45,hairdresser,a,she,her,her,is,works
P04997,Turkey,MENA,added_10,Elif,female,45,janitor,a,she,her,her,is,works
P04998,Turkey,MENA,added_10,Elif,female,45,journalist,a,she,her,her,is,works
P04999,Turkey,MENA,added_10,Elif,female,45,lawyer,a,she,her,her,is,works
P05000,Turkey,MENA,added_10,Elif,female,45,mechanic,a,she,her,her,is,works
P05001,Turkey,MENA,added_10,Elif,female,45,paramedic,a,she,her,her,is,works
P05002,Turkey,MENA,added_10,Elif,female,45,pharmacist,a,she,her,her,is,works
P05003,Turkey,MENA,added_10,Elif,female,45,plumber,a,she,her,her,is,works
P05004,Turkey,MENA,added_10,Elif,female,45,police officer,a,she,her,her,is,works
P05005,Turkey,MENA,added_10,Elif,female,45,real estate agent,a,she,her,her,is,works
P05006,Turkey,MENA,added_10,Elif,female,45,registered nurse,a,she,her,her,is,works
P05007,Turkey,MENA,added_10,Elif,female,45,social worker,a,she,her,her,is,works
P05008,Turkey,MENA,added_10,Elif,female,45,truck driver,a,she,her,her,is,works
P05009,Turkey,MENA,added_10,Elif,female,45,veterinarian,a,she,her,her,is,works
P05010,Turkey,MENA,added_10,Elif,female,45,waiter,a,she,her,her,is,works
P05011,Turkey,MENA,added_10,Elif,female,65,accountant,an,she,her,her,is,works
P05012,Turkey,MENA,added_10,Elif,female,65,administrative assistant,an,she,her,her,is,works
P05013,Turkey,MENA,added_10,Elif,female,65,architect,an,she,her,her,is,works
P05014,Turkey,MENA,added_10,Elif,female,65,bank teller,a,she,her,her,is,works
P05015,Turkey,MENA,added_10,Elif,female,65,business manager,a,she,her,her,is,works
P05016,Turkey,MENA,added_10,Elif,female,65,cashier,a,she,her,her,is,works
P05017,Turkey,MENA,added_10,Elif,female,65,chef,a,she,her,her,is,works
P05018,Turkey,MENA,added_10,Elif,female,65,civil engineer,a,she,her,her,is,works
P05019,Turkey,MENA,added_10,Elif,female,65,computer programmer,a,she,her,her,is,works
P05020,Turkey,MENA,added_10,Elif,female,65,construction worker,a,she,her,her,is,works
P05021,Turkey,MENA,added_10,Elif,female,65,doctor,a,she,her,her,is,works
P05022,Turkey,MENA,added_10,Elif,female,65,electrician,an,she,her,her,is,works
P05023,Turkey,MENA,added_10,Elif,female,65,elementary school teacher,an,she,her,her,is,works
P05024,Turkey,MENA,added_10,Elif,female,65,farmer,a,she,her,her,is,works
P05025,Turkey,MENA,added_10,Elif,female,65,flight attendant,a,she,her,her,is,works
P05026,Turkey,MENA,added_10,Elif,female,65,hairdresser,a,she,her,her,is,works
P05027,Turkey,MENA,added_10,Elif,female,65,janitor,a,she,her,her,is,works
P05028,Turkey,MENA,added_10,Elif,female,65,journalist,a,she,her,her,is,works
P05029,Turkey,MENA,added_10,Elif,female,65,lawyer,a,she,her,her,is,works
P05030,Turkey,MENA,added_10,Elif,female,65,mechanic,a,she,her,her,is,works
P05031,Turkey,MENA,added_10,Elif,female,65,paramedic,a,she,her,her,is,works
P05032,Turkey,MENA,added_10,Elif,female,65,pharmacist,a,she,her,her,is,works
P05033,Turkey,MENA,added_10,Elif,female,65,plumber,a,she,her,her,is,works
P05034,Turkey,MENA,added_10,Elif,female,65,police officer,a,she,her,her,is,works
P05035,Turkey,MENA,added_10,Elif,female,65,real estate agent,a,she,her,her,is,works
P05036,Turkey,MENA,added_10,Elif,female,65,registered nurse,a,she,her,her,is,works
P05037,Turkey,MENA,added_10,Elif,female,65,social worker,a,she,her,her,is,works
P05038,Turkey,MENA,added_10,Elif,female,65,truck driver,a,she,her,her,is,works
P05039,Turkey,MENA,added_10,Elif,female,65,veterinarian,a,she,her,her,is,works
P05040,Turkey,MENA,added_10,Elif,female,65,waiter,a,she,her,her,is,works
P05041,Turkey,MENA,added_10,Deniz,neutral,25,accountant,an,they,them,their,are,work
P05042,Turkey,MENA,added_10,Deniz,neutral,25,administrative assistant,an,they,them,their,are,work
P05043,Turkey,MENA,added_10,Deniz,neutral,25,architect,an,they,them,their,are,work
P05044,Turkey,MENA,added_10,Deniz,neutral,25,bank teller,a,they,them,their,are,work
P05045,Turkey,MENA,added_10,Deniz,neutral,25,business manager,a,they,them,their,are,work
P05046,Turkey,MENA,added_10,Deniz,neutral,25,cashier,a,they,them,their,are,work
P05047,Turkey,MENA,added_10,Deniz,neutral,25,chef,a,they,them,their,are,work
P05048,Turkey,MENA,added_10,Deniz,neutral,25,civil engineer,a,they,them,their,are,work
P05049,Turkey,MENA,added_10,Deniz,neutral,25,computer programmer,a,they,them,their,are,work
P05050,Turkey,MENA,added_10,Deniz,neutral,25,construction worker,a,they,them,their,are,work
P05051,Turkey,MENA,added_10,Deniz,neutral,25,doctor,a,they,them,their,are,work
P05052,Turkey,MENA,added_10,Deniz,neutral,25,electrician,an,they,them,their,are,work
P05053,Turkey,MENA,added_10,Deniz,neutral,25,elementary school teacher,an,they,them,their,are,work
P05054,Turkey,MENA,added_10,Deniz,neutral,25,farmer,a,they,them,their,are,work
P05055,Turkey,MENA,added_10,Deniz,neutral,25,flight attendant,a,they,them,their,are,work
P05056,Turkey,MENA,added_10,Deniz,neutral,25,hairdresser,a,they,them,their,are,work
P05057,Turkey,MENA,added_10,Deniz,neutral,25,janitor,a,they,them,their,are,work
P05058,Turkey,MENA,added_10,Deniz,neutral,25,journalist,a,they,them,their,are,work
P05059,Turkey,MENA,added_10,Deniz,neutral,25,lawyer,a,they,them,their,are,work
P05060,Turkey,MENA,added_10,Deniz,neutral,25,mechanic,a,they,them,their,are,work
P05061,Turkey,MENA,added_10,Deniz,neutral,25,paramedic,a,they,them,their,are,work
P05062,Turkey,MENA,added_10,Deniz,neutral,25,pharmacist,a,they,them,their,are,work
P05063,Turkey,MENA,added_10,Deniz,neutral,25,plumber,a,they,them,their,are,work
P05064,Turkey,MENA,added_10,Deniz,neutral,25,police officer,a,they,them,their,are,work
P05065,Turkey,MENA,added_10,Deniz,neutral,25,real estate agent,a,they,them,their,are,work
P05066,Turkey,MENA,added_10,Deniz,neutral,25,registered nurse,a,they,them,their,are,work
P05067,Turkey,MENA,added_10,Deniz,neutral,25,social worker,a,they,them,their,are,work
P05068,Turkey,MENA,added_10,Deniz,neutral,25,truck driver,a,they,them,their,are,work
P05069,Turkey,MENA,added_10,Deniz,neutral,25,veterinarian,a,they,them,their,are,work
P05070,Turkey,MENA,added_10,Deniz,neutral,25,waiter,a,they,them,their,are,work
P05071,Turkey,MENA,added_10,Deniz,neutral,45,accountant,an,they,them,their,are,work
P05072,Turkey,MENA,added_10,Deniz,neutral,45,administrative assistant,an,they,them,their,are,work
P05073,Turkey,MENA,added_10,Deniz,neutral,45,architect,an,they,them,their,are,work
P05074,Turkey,MENA,added_10,Deniz,neutral,45,bank teller,a,they,them,their,are,work
P05075,Turkey,MENA,added_10,Deniz,neutral,45,business manager,a,they,them,their,are,work
P05076,Turkey,MENA,added_10,Deniz,neutral,45,cashier,a,they,them,their,are,work
P05077,Turkey,MENA,added_10,Deniz,neutral,45,chef,a,they,them,their,are,work
P05078,Turkey,MENA,added_10,Deniz,neutral,45,civil engineer,a,they,them,their,are,work
P05079,Turkey,MENA,added_10,Deniz,neutral,45,computer programmer,a,they,them,their,are,work
P05080,Turkey,MENA,added_10,Deniz,neutral,45,construction worker,a,they,them,their,are,work
P05081,Turkey,MENA,added_10,Deniz,neutral,45,doctor,a,they,them,their,are,work
P05082,Turkey,MENA,added_10,Deniz,neutral,45,electrician,an,they,them,their,are,work
P05083,Turkey,MENA,added_10,Deniz,neutral,45,elementary school teacher,an,they,them,their,are,work
P05084,Turkey,MENA,added_10,Deniz,neutral,45,farmer,a,they,them,their,are,work
P05085,Turkey,MENA,added_10,Deniz,neutral,45,flight attendant,a,they,them,their,are,work
P05086,Turkey,MENA,added_10,Deniz,neutral,45,hairdresser,a,they,them,their,are,work
P05087,Turkey,MENA,added_10,Deniz,neutral,45,janitor,a,they,them,their,are,work
P05088,Turkey,MENA,added_10,Deniz,neutral,45,journalist,a,they,them,their,are,work
P05089,Turkey,MENA,added_10,Deniz,neutral,45,lawyer,a,they,them,their,are,work
P05090,Turkey,MENA,added_10,Deniz,neutral,45,mechanic,a,they,them,their,are,work
P05091,Turkey,MENA,added_10,Deniz,neutral,45,paramedic,a,they,them,their,are,work
P05092,Turkey,MENA,added_10,Deniz,neutral,45,pharmacist,a,they,them,their,are,work
P05093,Turkey,MENA,added_10,Deniz,neutral,45,plumber,a,they,them,their,are,work
P05094,Turkey,MENA,added_10,Deniz,neutral,45,police officer,a,they,them,their,are,work
P05095,Turkey,MENA,added_10,Deniz,neutral,45,real estate agent,a,they,them,their,are,work
P05096,Turkey,MENA,added_10,Deniz,neutral,45,registered nurse,a,they,them,their,are,work
P05097,Turkey,MENA,added_10,Deniz,neutral,45,social worker,a,they,them,their,are,work
P05098,Turkey,MENA,added_10,Deniz,neutral,45,truck driver,a,they,them,their,are,work
P05099,Turkey,MENA,added_10,Deniz,neutral,45,veterinarian,a,they,them,their,are,work
P05100,Turkey,MENA,added_10,Deniz,neutral,45,waiter,a,they,them,their,are,work
P05101,Turkey,MENA,added_10,Deniz,neutral,65,accountant,an,they,them,their,are,work
P05102,Turkey,MENA,added_10,Deniz,neutral,65,administrative assistant,an,they,them,their,are,work
P05103,Turkey,MENA,added_10,Deniz,neutral,65,architect,an,they,them,their,are,work
P05104,Turkey,MENA,added_10,Deniz,neutral,65,bank teller,a,they,them,their,are,work
P05105,Turkey,MENA,added_10,Deniz,neutral,65,business manager,a,they,them,their,are,work
P05106,Turkey,MENA,added_10,Deniz,neutral,65,cashier,a,they,them,their,are,work
P05107,Turkey,MENA,added_10,Deniz,neutral,65,chef,a,they,them,their,are,work
P05108,Turkey,MENA,added_10,Deniz,neutral,65,civil engineer,a,they,them,their,are,work
P05109,Turkey,MENA,added_10,Deniz,neutral,65,computer programmer,a,they,them,their,are,work
P05110,Turkey,MENA,added_10,Deniz,neutral,65,construction worker,a,they,them,their,are,work
P05111,Turkey,MENA,added_10,Deniz,neutral,65,doctor,a,they,them,their,are,work
P05112,Turkey,MENA,added_10,Deniz,neutral,65,electrician,an,they,them,their,are,work
P05113,Turkey,MENA,added_10,Deniz,neutral,65,elementary school teacher,an,they,them,their,are,work
P05114,Turkey,MENA,added_10,Deniz,neutral,65,farmer,a,they,them,their,are,work
P05115,Turkey,MENA,added_10,Deniz,neutral,65,flight attendant,a,they,them,their,are,work
P05116,Turkey,MENA,added_10,Deniz,neutral,65,hairdresser,a,they,them,their,are,work
P05117,Turkey,MENA,added_10,Deniz,neutral,65,janitor,a,they,them,their,are,work
P05118,Turkey,MENA,added_10,Deniz,neutral,65,journalist,a,they,them,their,are,work
P05119,Turkey,MENA,added_10,Deniz,neutral,65,lawyer,a,they,them,their,are,work
P05120,Turkey,MENA,added_10,Deniz,neutral,65,mechanic,a,they,them,their,are,work
P05121,Turkey,MENA,added_10,Deniz,neutral,65,paramedic,a,they,them,their,are,work
P05122,Turkey,MENA,added_10,Deniz,neutral,65,pharmacist,a,they,them,their,are,work
P05123,Turkey,MENA,added_10,Deniz,neutral,65,plumber,a,they,them,their,are,work
P05124,Turkey,MENA,added_10,Deniz,neutral,65,police officer,a,they,them,their,are,work
P05125,Turkey,MENA,added_10,Deniz,neutral,65,real estate agent,a,they,them,their,are,work
P05126,Turkey,MENA,added_10,Deniz,neutral,65,registered nurse,a,they,them,their,are,work
P05127,Turkey,MENA,added_10,Deniz,neutral,65,social worker,a,they,them,their,are,work
P05128,Turkey,MENA,added_10,Deniz,neutral,65,truck driver,a,they,them,their,are,work
P05129,Turkey,MENA,added_10,Deniz,neutral,65,veterinarian,a,they,them,their,are,work
P05130,Turkey,MENA,added_10,Deniz,neutral,65,waiter,a,they,them,their,are,work
P05131,USA,North America,original_10,Tyler,male,25,accountant,an,he,him,his,is,works
P05132,USA,North America,original_10,Tyler,male,25,administrative assistant,an,he,him,his,is,works
P05133,USA,North America,original_10,Tyler,male,25,architect,an,he,him,his,is,works
P05134,USA,North America,original_10,Tyler,male,25,bank teller,a,he,him,his,is,works
P05135,USA,North America,original_10,Tyler,male,25,business manager,a,he,him,his,is,works
P05136,USA,North America,original_10,Tyler,male,25,cashier,a,he,him,his,is,works
P05137,USA,North America,original_10,Tyler,male,25,chef,a,he,him,his,is,works
P05138,USA,North America,original_10,Tyler,male,25,civil engineer,a,he,him,his,is,works
P05139,USA,North America,original_10,Tyler,male,25,computer programmer,a,he,him,his,is,works
P05140,USA,North America,original_10,Tyler,male,25,construction worker,a,he,him,his,is,works
P05141,USA,North America,original_10,Tyler,male,25,doctor,a,he,him,his,is,works
P05142,USA,North America,original_10,Tyler,male,25,electrician,an,he,him,his,is,works
P05143,USA,North America,original_10,Tyler,male,25,elementary school teacher,an,he,him,his,is,works
P05144,USA,North America,original_10,Tyler,male,25,farmer,a,he,him,his,is,works
P05145,USA,North America,original_10,Tyler,male,25,flight attendant,a,he,him,his,is,works
P05146,USA,North America,original_10,Tyler,male,25,hairdresser,a,he,him,his,is,works
P05147,USA,North America,original_10,Tyler,male,25,janitor,a,he,him,his,is,works
P05148,USA,North America,original_10,Tyler,male,25,journalist,a,he,him,his,is,works
P05149,USA,North America,original_10,Tyler,male,25,lawyer,a,he,him,his,is,works
P05150,USA,North America,original_10,Tyler,male,25,mechanic,a,he,him,his,is,works
P05151,USA,North America,original_10,Tyler,male,25,paramedic,a,he,him,his,is,works
P05152,USA,North America,original_10,Tyler,male,25,pharmacist,a,he,him,his,is,works
P05153,USA,North America,original_10,Tyler,male,25,plumber,a,he,him,his,is,works
P05154,USA,North America,original_10,Tyler,male,25,police officer,a,he,him,his,is,works
P05155,USA,North America,original_10,Tyler,male,25,real estate agent,a,he,him,his,is,works
P05156,USA,North America,original_10,Tyler,male,25,registered nurse,a,he,him,his,is,works
P05157,USA,North America,original_10,Tyler,male,25,social worker,a,he,him,his,is,works
P05158,USA,North America,original_10,Tyler,male,25,truck driver,a,he,him,his,is,works
P05159,USA,North America,original_10,Tyler,male,25,veterinarian,a,he,him,his,is,works
P05160,USA,North America,original_10,Tyler,male,25,waiter,a,he,him,his,is,works
P05161,USA,North America,original_10,Tyler,male,45,accountant,an,he,him,his,is,works
P05162,USA,North America,original_10,Tyler,male,45,administrative assistant,an,he,him,his,is,works
P05163,USA,North America,original_10,Tyler,male,45,architect,an,he,him,his,is,works
P05164,USA,North America,original_10,Tyler,male,45,bank teller,a,he,him,his,is,works
P05165,USA,North America,original_10,Tyler,male,45,business manager,a,he,him,his,is,works
P05166,USA,North America,original_10,Tyler,male,45,cashier,a,he,him,his,is,works
P05167,USA,North America,original_10,Tyler,male,45,chef,a,he,him,his,is,works
P05168,USA,North America,original_10,Tyler,male,45,civil engineer,a,he,him,his,is,works
P05169,USA,North America,original_10,Tyler,male,45,computer programmer,a,he,him,his,is,works
P05170,USA,North America,original_10,Tyler,male,45,construction worker,a,he,him,his,is,works
P05171,USA,North America,original_10,Tyler,male,45,doctor,a,he,him,his,is,works
P05172,USA,North America,original_10,Tyler,male,45,electrician,an,he,him,his,is,works
P05173,USA,North America,original_10,Tyler,male,45,elementary school teacher,an,he,him,his,is,works
P05174,USA,North America,original_10,Tyler,male,45,farmer,a,he,him,his,is,works
P05175,USA,North America,original_10,Tyler,male,45,flight attendant,a,he,him,his,is,works
P05176,USA,North America,original_10,Tyler,male,45,hairdresser,a,he,him,his,is,works
P05177,USA,North America,original_10,Tyler,male,45,janitor,a,he,him,his,is,works
P05178,USA,North America,original_10,Tyler,male,45,journalist,a,he,him,his,is,works
P05179,USA,North America,original_10,Tyler,male,45,lawyer,a,he,him,his,is,works
P05180,USA,North America,original_10,Tyler,male,45,mechanic,a,he,him,his,is,works
P05181,USA,North America,original_10,Tyler,male,45,paramedic,a,he,him,his,is,works
P05182,USA,North America,original_10,Tyler,male,45,pharmacist,a,he,him,his,is,works
P05183,USA,North America,original_10,Tyler,male,45,plumber,a,he,him,his,is,works
P05184,USA,North America,original_10,Tyler,male,45,police officer,a,he,him,his,is,works
P05185,USA,North America,original_10,Tyler,male,45,real estate agent,a,he,him,his,is,works
P05186,USA,North America,original_10,Tyler,male,45,registered nurse,a,he,him,his,is,works
P05187,USA,North America,original_10,Tyler,male,45,social worker,a,he,him,his,is,works
P05188,USA,North America,original_10,Tyler,male,45,truck driver,a,he,him,his,is,works
P05189,USA,North America,original_10,Tyler,male,45,veterinarian,a,he,him,his,is,works
P05190,USA,North America,original_10,Tyler,male,45,waiter,a,he,him,his,is,works
P05191,USA,North America,original_10,Tyler,male,65,accountant,an,he,him,his,is,works
P05192,USA,North America,original_10,Tyler,male,65,administrative assistant,an,he,him,his,is,works
P05193,USA,North America,original_10,Tyler,male,65,architect,an,he,him,his,is,works
P05194,USA,North America,original_10,Tyler,male,65,bank teller,a,he,him,his,is,works
P05195,USA,North America,original_10,Tyler,male,65,business manager,a,he,him,his,is,works
P05196,USA,North America,original_10,Tyler,male,65,cashier,a,he,him,his,is,works
P05197,USA,North America,original_10,Tyler,male,65,chef,a,he,him,his,is,works
P05198,USA,North America,original_10,Tyler,male,65,civil engineer,a,he,him,his,is,works
P05199,USA,North America,original_10,Tyler,male,65,computer programmer,a,he,him,his,is,works
P05200,USA,North America,original_10,Tyler,male,65,construction worker,a,he,him,his,is,works
P05201,USA,North America,original_10,Tyler,male,65,doctor,a,he,him,his,is,works
P05202,USA,North America,original_10,Tyler,male,65,electrician,an,he,him,his,is,works
P05203,USA,North America,original_10,Tyler,male,65,elementary school teacher,an,he,him,his,is,works
P05204,USA,North America,original_10,Tyler,male,65,farmer,a,he,him,his,is,works
P05205,USA,North America,original_10,Tyler,male,65,flight attendant,a,he,him,his,is,works
P05206,USA,North America,original_10,Tyler,male,65,hairdresser,a,he,him,his,is,works
P05207,USA,North America,original_10,Tyler,male,65,janitor,a,he,him,his,is,works
P05208,USA,North America,original_10,Tyler,male,65,journalist,a,he,him,his,is,works
P05209,USA,North America,original_10,Tyler,male,65,lawyer,a,he,him,his,is,works
P05210,USA,North America,original_10,Tyler,male,65,mechanic,a,he,him,his,is,works
P05211,USA,North America,original_10,Tyler,male,65,paramedic,a,he,him,his,is,works
P05212,USA,North America,original_10,Tyler,male,65,pharmacist,a,he,him,his,is,works
P05213,USA,North America,original_10,Tyler,male,65,plumber,a,he,him,his,is,works
P05214,USA,North America,original_10,Tyler,male,65,police officer,a,he,him,his,is,works
P05215,USA,North America,original_10,Tyler,male,65,real estate agent,a,he,him,his,is,works
P05216,USA,North America,original_10,Tyler,male,65,registered nurse,a,he,him,his,is,works
P05217,USA,North America,original_10,Tyler,male,65,social worker,a,he,him,his,is,works
P05218,USA,North America,original_10,Tyler,male,65,truck driver,a,he,him,his,is,works
P05219,USA,North America,original_10,Tyler,male,65,veterinarian,a,he,him,his,is,works
P05220,USA,North America,original_10,Tyler,male,65,waiter,a,he,him,his,is,works
P05221,USA,North America,original_10,Ashley,female,25,accountant,an,she,her,her,is,works
P05222,USA,North America,original_10,Ashley,female,25,administrative assistant,an,she,her,her,is,works
P05223,USA,North America,original_10,Ashley,female,25,architect,an,she,her,her,is,works
P05224,USA,North America,original_10,Ashley,female,25,bank teller,a,she,her,her,is,works
P05225,USA,North America,original_10,Ashley,female,25,business manager,a,she,her,her,is,works
P05226,USA,North America,original_10,Ashley,female,25,cashier,a,she,her,her,is,works
P05227,USA,North America,original_10,Ashley,female,25,chef,a,she,her,her,is,works
P05228,USA,North America,original_10,Ashley,female,25,civil engineer,a,she,her,her,is,works
P05229,USA,North America,original_10,Ashley,female,25,computer programmer,a,she,her,her,is,works
P05230,USA,North America,original_10,Ashley,female,25,construction worker,a,she,her,her,is,works
P05231,USA,North America,original_10,Ashley,female,25,doctor,a,she,her,her,is,works
P05232,USA,North America,original_10,Ashley,female,25,electrician,an,she,her,her,is,works
P05233,USA,North America,original_10,Ashley,female,25,elementary school teacher,an,she,her,her,is,works
P05234,USA,North America,original_10,Ashley,female,25,farmer,a,she,her,her,is,works
P05235,USA,North America,original_10,Ashley,female,25,flight attendant,a,she,her,her,is,works
P05236,USA,North America,original_10,Ashley,female,25,hairdresser,a,she,her,her,is,works
P05237,USA,North America,original_10,Ashley,female,25,janitor,a,she,her,her,is,works
P05238,USA,North America,original_10,Ashley,female,25,journalist,a,she,her,her,is,works
P05239,USA,North America,original_10,Ashley,female,25,lawyer,a,she,her,her,is,works
P05240,USA,North America,original_10,Ashley,female,25,mechanic,a,she,her,her,is,works
P05241,USA,North America,original_10,Ashley,female,25,paramedic,a,she,her,her,is,works
P05242,USA,North America,original_10,Ashley,female,25,pharmacist,a,she,her,her,is,works
P05243,USA,North America,original_10,Ashley,female,25,plumber,a,she,her,her,is,works
P05244,USA,North America,original_10,Ashley,female,25,police officer,a,she,her,her,is,works
P05245,USA,North America,original_10,Ashley,female,25,real estate agent,a,she,her,her,is,works
P05246,USA,North America,original_10,Ashley,female,25,registered nurse,a,she,her,her,is,works
P05247,USA,North America,original_10,Ashley,female,25,social worker,a,she,her,her,is,works
P05248,USA,North America,original_10,Ashley,female,25,truck driver,a,she,her,her,is,works
P05249,USA,North America,original_10,Ashley,female,25,veterinarian,a,she,her,her,is,works
P05250,USA,North America,original_10,Ashley,female,25,waiter,a,she,her,her,is,works
P05251,USA,North America,original_10,Ashley,female,45,accountant,an,she,her,her,is,works
P05252,USA,North America,original_10,Ashley,female,45,administrative assistant,an,she,her,her,is,works
P05253,USA,North America,original_10,Ashley,female,45,architect,an,she,her,her,is,works
P05254,USA,North America,original_10,Ashley,female,45,bank teller,a,she,her,her,is,works
P05255,USA,North America,original_10,Ashley,female,45,business manager,a,she,her,her,is,works
P05256,USA,North America,original_10,Ashley,female,45,cashier,a,she,her,her,is,works
P05257,USA,North America,original_10,Ashley,female,45,chef,a,she,her,her,is,works
P05258,USA,North America,original_10,Ashley,female,45,civil engineer,a,she,her,her,is,works
P05259,USA,North America,original_10,Ashley,female,45,computer programmer,a,she,her,her,is,works
P05260,USA,North America,original_10,Ashley,female,45,construction worker,a,she,her,her,is,works
P05261,USA,North America,original_10,Ashley,female,45,doctor,a,she,her,her,is,works
P05262,USA,North America,original_10,Ashley,female,45,electrician,an,she,her,her,is,works
P05263,USA,North America,original_10,Ashley,female,45,elementary school teacher,an,she,her,her,is,works
P05264,USA,North America,original_10,Ashley,female,45,farmer,a,she,her,her,is,works
P05265,USA,North America,original_10,Ashley,female,45,flight attendant,a,she,her,her,is,works
P05266,USA,North America,original_10,Ashley,female,45,hairdresser,a,she,her,her,is,works
P05267,USA,North America,original_10,Ashley,female,45,janitor,a,she,her,her,is,works
P05268,USA,North America,original_10,Ashley,female,45,journalist,a,she,her,her,is,works
P05269,USA,North America,original_10,Ashley,female,45,lawyer,a,she,her,her,is,works
P05270,USA,North America,original_10,Ashley,female,45,mechanic,a,she,her,her,is,works
P05271,USA,North America,original_10,Ashley,female,45,paramedic,a,she,her,her,is,works
P05272,USA,North America,original_10,Ashley,female,45,pharmacist,a,she,her,her,is,works
P05273,USA,North America,original_10,Ashley,female,45,plumber,a,she,her,her,is,works
P05274,USA,North America,original_10,Ashley,female,45,police officer,a,she,her,her,is,works
P05275,USA,North America,original_10,Ashley,female,45,real estate agent,a,she,her,her,is,works
P05276,USA,North America,original_10,Ashley,female,45,registered nurse,a,she,her,her,is,works
P05277,USA,North America,original_10,Ashley,female,45,social worker,a,she,her,her,is,works
P05278,USA,North America,original_10,Ashley,female,45,truck driver,a,she,her,her,is,works
P05279,USA,North America,original_10,Ashley,female,45,veterinarian,a,she,her,her,is,works
P05280,USA,North America,original_10,Ashley,female,45,waiter,a,she,her,her,is,works
P05281,USA,North America,original_10,Ashley,female,65,accountant,an,she,her,her,is,works
P05282,USA,North America,original_10,Ashley,female,65,administrative assistant,an,she,her,her,is,works
P05283,USA,North America,original_10,Ashley,female,65,architect,an,she,her,her,is,works
P05284,USA,North America,original_10,Ashley,female,65,bank teller,a,she,her,her,is,works
P05285,USA,North America,original_10,Ashley,female,65,business manager,a,she,her,her,is,works
P05286,USA,North America,original_10,Ashley,female,65,cashier,a,she,her,her,is,works
P05287,USA,North America,original_10,Ashley,female,65,chef,a,she,her,her,is,works
P05288,USA,North America,original_10,Ashley,female,65,civil engineer,a,she,her,her,is,works
P05289,USA,North America,original_10,Ashley,female,65,computer programmer,a,she,her,her,is,works
P05290,USA,North America,original_10,Ashley,female,65,construction worker,a,she,her,her,is,works
P05291,USA,North America,original_10,Ashley,female,65,doctor,a,she,her,her,is,works
P05292,USA,North America,original_10,Ashley,female,65,electrician,an,she,her,her,is,works
P05293,USA,North America,original_10,Ashley,female,65,elementary school teacher,an,she,her,her,is,works
P05294,USA,North America,original_10,Ashley,female,65,farmer,a,she,her,her,is,works
P05295,USA,North America,original_10,Ashley,female,65,flight attendant,a,she,her,her,is,works
P05296,USA,North America,original_10,Ashley,female,65,hairdresser,a,she,her,her,is,works
P05297,USA,North America,original_10,Ashley,female,65,janitor,a,she,her,her,is,works
P05298,USA,North America,original_10,Ashley,female,65,journalist,a,she,her,her,is,works
P05299,USA,North America,original_10,Ashley,female,65,lawyer,a,she,her,her,is,works
P05300,USA,North America,original_10,Ashley,female,65,mechanic,a,she,her,her,is,works
P05301,USA,North America,original_10,Ashley,female,65,paramedic,a,she,her,her,is,works
P05302,USA,North America,original_10,Ashley,female,65,pharmacist,a,she,her,her,is,works
P05303,USA,North America,original_10,Ashley,female,65,plumber,a,she,her,her,is,works
P05304,USA,North America,original_10,Ashley,female,65,police officer,a,she,her,her,is,works
P05305,USA,North America,original_10,Ashley,female,65,real estate agent,a,she,her,her,is,works
P05306,USA,North America,original_10,Ashley,female,65,registered nurse,a,she,her,her,is,works
P05307,USA,North America,original_10,Ashley,female,65,social worker,a,she,her,her,is,works
P05308,USA,North America,original_10,Ashley,female,65,truck driver,a,she,her,her,is,works
P05309,USA,North America,original_10,Ashley,female,65,veterinarian,a,she,her,her,is,works
P05310,USA,North America,original_10,Ashley,female,65,waiter,a,she,her,her,is,works
P05311,USA,North America,original_10,Taylor,neutral,25,accountant,an,they,them,their,are,work
P05312,USA,North America,original_10,Taylor,neutral,25,administrative assistant,an,they,them,their,are,work
P05313,USA,North America,original_10,Taylor,neutral,25,architect,an,they,them,their,are,work
P05314,USA,North America,original_10,Taylor,neutral,25,bank teller,a,they,them,their,are,work
P05315,USA,North America,original_10,Taylor,neutral,25,business manager,a,they,them,their,are,work
P05316,USA,North America,original_10,Taylor,neutral,25,cashier,a,they,them,their,are,work
P05317,USA,North America,original_10,Taylor,neutral,25,chef,a,they,them,their,are,work
P05318,USA,North America,original_10,Taylor,neutral,25,civil engineer,a,they,them,their,are,work
P05319,USA,North America,original_10,Taylor,neutral,25,computer programmer,a,they,them,their,are,work
P05320,USA,North America,original_10,Taylor,neutral,25,construction worker,a,they,them,their,are,work
P05321,USA,North America,original_10,Taylor,neutral,25,doctor,a,they,them,their,are,work
P05322,USA,North America,original_10,Taylor,neutral,25,electrician,an,they,them,their,are,work
P05323,USA,North America,original_10,Taylor,neutral,25,elementary school teacher,an,they,them,their,are,work
P05324,USA,North America,original_10,Taylor,neutral,25,farmer,a,they,them,their,are,work
P05325,USA,North America,original_10,Taylor,neutral,25,flight attendant,a,they,them,their,are,work
P05326,USA,North America,original_10,Taylor,neutral,25,hairdresser,a,they,them,their,are,work
P05327,USA,North America,original_10,Taylor,neutral,25,janitor,a,they,them,their,are,work
P05328,USA,North America,original_10,Taylor,neutral,25,journalist,a,they,them,their,are,work
P05329,USA,North America,original_10,Taylor,neutral,25,lawyer,a,they,them,their,are,work
P05330,USA,North America,original_10,Taylor,neutral,25,mechanic,a,they,them,their,are,work
P05331,USA,North America,original_10,Taylor,neutral,25,paramedic,a,they,them,their,are,work
P05332,USA,North America,original_10,Taylor,neutral,25,pharmacist,a,they,them,their,are,work
P05333,USA,North America,original_10,Taylor,neutral,25,plumber,a,they,them,their,are,work
P05334,USA,North America,original_10,Taylor,neutral,25,police officer,a,they,them,their,are,work
P05335,USA,North America,original_10,Taylor,neutral,25,real estate agent,a,they,them,their,are,work
P05336,USA,North America,original_10,Taylor,neutral,25,registered nurse,a,they,them,their,are,work
P05337,USA,North America,original_10,Taylor,neutral,25,social worker,a,they,them,their,are,work
P05338,USA,North America,original_10,Taylor,neutral,25,truck driver,a,they,them,their,are,work
P05339,USA,North America,original_10,Taylor,neutral,25,veterinarian,a,they,them,their,are,work
P05340,USA,North America,original_10,Taylor,neutral,25,waiter,a,they,them,their,are,work
P05341,USA,North America,original_10,Taylor,neutral,45,accountant,an,they,them,their,are,work
P05342,USA,North America,original_10,Taylor,neutral,45,administrative assistant,an,they,them,their,are,work
P05343,USA,North America,original_10,Taylor,neutral,45,architect,an,they,them,their,are,work
P05344,USA,North America,original_10,Taylor,neutral,45,bank teller,a,they,them,their,are,work
P05345,USA,North America,original_10,Taylor,neutral,45,business manager,a,they,them,their,are,work
P05346,USA,North America,original_10,Taylor,neutral,45,cashier,a,they,them,their,are,work
P05347,USA,North America,original_10,Taylor,neutral,45,chef,a,they,them,their,are,work
P05348,USA,North America,original_10,Taylor,neutral,45,civil engineer,a,they,them,their,are,work
P05349,USA,North America,original_10,Taylor,neutral,45,computer programmer,a,they,them,their,are,work
P05350,USA,North America,original_10,Taylor,neutral,45,construction worker,a,they,them,their,are,work
P05351,USA,North America,original_10,Taylor,neutral,45,doctor,a,they,them,their,are,work
P05352,USA,North America,original_10,Taylor,neutral,45,electrician,an,they,them,their,are,work
P05353,USA,North America,original_10,Taylor,neutral,45,elementary school teacher,an,they,them,their,are,work
P05354,USA,North America,original_10,Taylor,neutral,45,farmer,a,they,them,their,are,work
P05355,USA,North America,original_10,Taylor,neutral,45,flight attendant,a,they,them,their,are,work
P05356,USA,North America,original_10,Taylor,neutral,45,hairdresser,a,they,them,their,are,work
P05357,USA,North America,original_10,Taylor,neutral,45,janitor,a,they,them,their,are,work
P05358,USA,North America,original_10,Taylor,neutral,45,journalist,a,they,them,their,are,work
P05359,USA,North America,original_10,Taylor,neutral,45,lawyer,a,they,them,their,are,work
P05360,USA,North America,original_10,Taylor,neutral,45,mechanic,a,they,them,their,are,work
P05361,USA,North America,original_10,Taylor,neutral,45,paramedic,a,they,them,their,are,work
P05362,USA,North America,original_10,Taylor,neutral,45,pharmacist,a,they,them,their,are,work
P05363,USA,North America,original_10,Taylor,neutral,45,plumber,a,they,them,their,are,work
P05364,USA,North America,original_10,Taylor,neutral,45,police officer,a,they,them,their,are,work
P05365,USA,North America,original_10,Taylor,neutral,45,real estate agent,a,they,them,their,are,work
P05366,USA,North America,original_10,Taylor,neutral,45,registered nurse,a,they,them,their,are,work
P05367,USA,North America,original_10,Taylor,neutral,45,social worker,a,they,them,their,are,work
P05368,USA,North America,original_10,Taylor,neutral,45,truck driver,a,they,them,their,are,work
P05369,USA,North America,original_10,Taylor,neutral,45,veterinarian,a,they,them,their,are,work
P05370,USA,North America,original_10,Taylor,neutral,45,waiter,a,they,them,their,are,work
P05371,USA,North America,original_10,Taylor,neutral,65,accountant,an,they,them,their,are,work
P05372,USA,North America,original_10,Taylor,neutral,65,administrative assistant,an,they,them,their,are,work
P05373,USA,North America,original_10,Taylor,neutral,65,architect,an,they,them,their,are,work
P05374,USA,North America,original_10,Taylor,neutral,65,bank teller,a,they,them,their,are,work
P05375,USA,North America,original_10,Taylor,neutral,65,business manager,a,they,them,their,are,work
P05376,USA,North America,original_10,Taylor,neutral,65,cashier,a,they,them,their,are,work
P05377,USA,North America,original_10,Taylor,neutral,65,chef,a,they,them,their,are,work
P05378,USA,North America,original_10,Taylor,neutral,65,civil engineer,a,they,them,their,are,work
P05379,USA,North America,original_10,Taylor,neutral,65,computer programmer,a,they,them,their,are,work
P05380,USA,North America,original_10,Taylor,neutral,65,construction worker,a,they,them,their,are,work
P05381,USA,North America,original_10,Taylor,neutral,65,doctor,a,they,them,their,are,work
P05382,USA,North America,original_10,Taylor,neutral,65,electrician,an,they,them,their,are,work
P05383,USA,North America,original_10,Taylor,neutral,65,elementary school teacher,an,they,them,their,are,work
P05384,USA,North America,original_10,Taylor,neutral,65,farmer,a,they,them,their,are,work
P05385,USA,North America,original_10,Taylor,neutral,65,flight attendant,a,they,them,their,are,work
P05386,USA,North America,original_10,Taylor,neutral,65,hairdresser,a,they,them,their,are,work
P05387,USA,North America,original_10,Taylor,neutral,65,janitor,a,they,them,their,are,work
P05388,USA,North America,original_10,Taylor,neutral,65,journalist,a,they,them,their,are,work
P05389,USA,North America,original_10,Taylor,neutral,65,lawyer,a,they,them,their,are,work
P05390,USA,North America,original_10,Taylor,neutral,65,mechanic,a,they,them,their,are,work
P05391,USA,North America,original_10,Taylor,neutral,65,paramedic,a,they,them,their,are,work
P05392,USA,North America,original_10,Taylor,neutral,65,pharmacist,a,they,them,their,are,work
P05393,USA,North America,original_10,Taylor,neutral,65,plumber,a,they,them,their,are,work
P05394,USA,North America,original_10,Taylor,neutral,65,police officer,a,they,them,their,are,work
P05395,USA,North America,original_10,Taylor,neutral,65,real estate agent,a,they,them,their,are,work
P05396,USA,North America,original_10,Taylor,neutral,65,registered nurse,a,they,them,their,are,work
P05397,USA,North America,original_10,Taylor,neutral,65,social worker,a,they,them,their,are,work
P05398,USA,North America,original_10,Taylor,neutral,65,truck driver,a,they,them,their,are,work
P05399,USA,North America,original_10,Taylor,neutral,65,veterinarian,a,they,them,their,are,work
P05400,USA,North America,original_10,Taylor,neutral,65,waiter,a,they,them,their,are,work
